case_id,zone_mechanical_state,structural_trajectory,trajectory_confidence,coh_label,pred_label,b12v2_outcome,correct,visit_count,breakdown_visit_count,damage_visit_count,growth_visit_count,health_last_visit,health_slope,omega_total,omega_max,visit_N_result,visit_N_omega,visit_N_health
CASE_00007,RECOVERED_ZONE,STRENGTHENING,HIGH,STRONG,HOLD,HOLD,True,5,0,0,5,105.19802,2.875248,20506.819914,6296.383141,GROWTH,4693.290594,109.0
CASE_00011,RECOVERED_ZONE,STRENGTHENING,HIGH,STRONG,HOLD,HOLD,True,4,0,0,4,101.011647,5.083106,15883.958016,6039.523222,GROWTH,2152.119889,109.0
CASE_00012,EXHAUSTED_ZONE,TERMINAL,HIGH,STRONG,FAIL,FAIL,True,4,2,2,0,19.934556,0.007783,13976.203924,4123.771814,BREAKDOWN,772.610153,18.221187
CASE_00021,EXHAUSTED_ZONE,TERMINAL,HIGH,STRONG,FAIL,FAIL,True,3,2,1,0,15.102999,-2.747324,8005.353532,3977.292774,BREAKDOWN,1218.626544,17.252105
CASE_00027,FATIGUE_ZONE,STRENGTHENING,HIGH,STRONG,HOLD,HOLD,True,3,0,0,3,61.082815,3.041407,5074.863759,2754.041118,GROWTH,2843.469876,77.148381
CASE_00029,EXHAUSTED_ZONE,TERMINAL,MEDIUM,MODERATE,FAIL,FAIL,True,2,1,1,0,17.495362,-2.779222,5799.118425,3447.916924,BREAKDOWN,4100.692596,14.291149
CASE_00032,EXHAUSTED_ZONE,TERMINAL,HIGH,STRONG,FAIL,FAIL,True,3,1,2,0,15.835617,-1.865145,10499.988129,3984.348761,BREAKDOWN,2824.421056,19.074242
CASE_00037,FATIGUE_ZONE,STRENGTHENING,HIGH,STRONG,HOLD,HOLD,True,3,0,0,3,75.941176,9.764705,6089.645296,2714.479084,GROWTH,1679.390786,79.0
CASE_00039,EXHAUSTED_ZONE,TERMINAL,HIGH,STRONG,FAIL,FAIL,True,4,2,2,0,15.626539,-1.719817,12239.727276,3810.151565,BREAKDOWN,3805.716967,14.590441
CASE_00045,EXHAUSTED_ZONE,TERMINAL,HIGH,STRONG,FAIL,FAIL,True,3,1,2,0,15.761667,-2.309403,11626.632215,4351.051884,BREAKDOWN,3668.45003,19.640001
CASE_00058,FATIGUE_ZONE,STRENGTHENING,MEDIUM,MODERATE,HOLD,HOLD,True,2,0,0,2,69.875874,9.690663,5042.151325,2906.693279,GROWTH,1784.999928,79.0
CASE_00063,EXHAUSTED_ZONE,TERMINAL,MEDIUM,MODERATE,FAIL,FAIL,True,2,1,1,0,14.29156,-5.765818,7698.120325,3969.780783,BREAKDOWN,1158.902815,14.51174
CASE_00064,EXHAUSTED_ZONE,TERMINAL,MEDIUM,MODERATE,FAIL,FAIL,True,2,1,1,0,11.7333,-8.526757,10400.515706,5620.172759,BREAKDOWN,4031.619847,18.081709
CASE_00067,EXHAUSTED_ZONE,TERMINAL,HIGH,STRONG,FAIL,FAIL,True,3,1,2,0,18.413208,-1.320293,13275.686132,6101.839787,BREAKDOWN,5024.293771,16.320196
CASE_00069,EXHAUSTED_ZONE,TERMINAL,MEDIUM,MODERATE,FAIL,FAIL,True,2,2,0,0,17.699726,2.269294,10724.083512,5402.386522,BREAKDOWN,5097.757109,17.047076
CASE_00072,RECOVERED_ZONE,STRENGTHENING,HIGH,STRONG,HOLD,HOLD,True,3,0,0,3,104.058824,6.705882,21950.130391,8862.980871,GROWTH,7215.065071,109.0
CASE_00073,RECOVERED_ZONE,STRENGTHENING,HIGH,STRONG,HOLD,HOLD,True,4,0,0,4,109.882353,4.707771,26722.341825,8500.056465,GROWTH,6993.629212,116.0
CASE_00101,FATIGUE_ZONE,STRENGTHENING,HIGH,STRONG,HOLD,HOLD,True,3,0,0,3,76.714286,9.142857,11250.17296,4064.435419,GROWTH,406.79296,79.0
CASE_00106,EXHAUSTED_ZONE,TERMINAL,MEDIUM,MODERATE,FAIL,FAIL,True,2,1,0,0,16.024566,-4.736517,7075.730638,6500.117716,BREAKDOWN,6659.192448,15.402411
CASE_00108,EXHAUSTED_ZONE,TERMINAL,HIGH,STRONG,FAIL,FAIL,True,3,2,1,0,13.957818,-3.193566,17195.108292,7653.032888,BREAKDOWN,6950.374283,19.964185
CASE_00119,EXHAUSTED_ZONE,TERMINAL,HIGH,STRONG,FAIL,FAIL,True,4,3,1,0,13.907661,-1.878196,25046.778099,7410.76551,BREAKDOWN,7268.480466,19.992935
CASE_00120,FATIGUE_ZONE,STRENGTHENING,HIGH,STRONG,HOLD,HOLD,True,5,0,0,5,75.038835,5.196117,19733.856634,6055.388213,GROWTH,3153.220249,79.0
CASE_00128,EXHAUSTED_ZONE,TERMINAL,MEDIUM,MODERATE,FAIL,FAIL,True,2,1,1,0,17.33883,-1.591303,10932.160365,5768.584279,BREAKDOWN,5090.388504,19.144536
CASE_00134,EXHAUSTED_ZONE,TERMINAL,HIGH,STRONG,FAIL,FAIL,True,4,4,0,0,15.337822,-1.193788,19022.565636,5381.469528,BREAKDOWN,3261.407877,16.446615
CASE_00149,EXHAUSTED_ZONE,DEGRADING,HIGH,STRONG,FAIL,FAIL,True,3,0,3,0,18.06356,-1.27432,13893.259162,6461.192015,BREAKDOWN,7039.39589,17.129667
CASE_00150,EXHAUSTED_ZONE,TERMINAL,MEDIUM,MODERATE,FAIL,FAIL,True,2,1,1,0,18.7646,-0.864396,11869.9676,7638.599223,BREAKDOWN,6203.142224,12.07114
CASE_00152,FATIGUE_ZONE,STRENGTHENING,HIGH,STRONG,HOLD,HOLD,True,3,0,0,3,68.069307,5.584158,5883.216269,3142.068583,GROWTH,3352.336145,73.977699
CASE_00154,EXHAUSTED_ZONE,DEGRADING,MEDIUM,MODERATE,FAIL,FAIL,True,2,0,2,0,18.533393,-2.161739,9132.738592,6685.969894,BREAKDOWN,6729.483373,17.041793
CASE_00155,RECOVERED_ZONE,STRENGTHENING,MEDIUM,MODERATE,HOLD,HOLD,True,2,0,0,2,91.235268,5.765908,23159.936407,12929.307796,GROWTH,11407.911661,108.435194
CASE_00183,RECOVERED_ZONE,STRENGTHENING,HIGH,STRONG,HOLD,HOLD,True,5,0,0,5,97.923077,2.945748,31147.402327,9121.46289,GROWTH,12790.382575,108.320803
CASE_00186,FATIGUE_ZONE,STRENGTHENING,HIGH,STRONG,HOLD,HOLD,True,5,0,0,5,76.509434,4.724103,18904.08734,5808.910937,GROWTH,59.274832,79.0
CASE_00198,EXHAUSTED_ZONE,TERMINAL,HIGH,STRONG,FAIL,FAIL,True,5,2,3,0,13.340677,-1.519075,33313.587759,10063.02124,BREAKDOWN,4766.592169,18.634881
CASE_00199,EXHAUSTED_ZONE,TERMINAL,HIGH,STRONG,FAIL,FAIL,True,6,2,3,0,14.90897,-0.674231,35880.292456,7446.442663,BREAKDOWN,4825.312119,18.608192
CASE_00200,FATIGUE_ZONE,STRENGTHENING,HIGH,STRONG,HOLD,HOLD,True,6,0,0,6,77.135922,3.664135,28713.793738,6195.077582,GROWTH,6638.509797,79.0
CASE_00202,FATIGUE_ZONE,STRENGTHENING,HIGH,STRONG,HOLD,HOLD,True,5,0,0,5,72.882353,3.596726,30120.923472,8814.753898,GROWTH,9921.103816,79.0
CASE_00203,FATIGUE_ZONE,STRENGTHENING,HIGH,STRONG,HOLD,HOLD,True,4,0,0,4,70.683168,5.059967,34616.847095,9883.834468,GROWTH,12259.034308,78.070025
CASE_00209,EXHAUSTED_ZONE,TERMINAL,HIGH,STRONG,FAIL,FAIL,True,3,1,2,0,17.585147,-1.24677,16698.917782,6841.015091,BREAKDOWN,6769.694668,18.41973
CASE_00212,EXHAUSTED_ZONE,TERMINAL,HIGH,STRONG,FAIL,FAIL,True,4,2,2,0,18.204091,-1.128398,22636.006348,7009.613333,BREAKDOWN,5209.915337,13.019791
CASE_00215,EXHAUSTED_ZONE,TERMINAL,HIGH,STRONG,FAIL,FAIL,True,6,3,2,0,16.278825,-0.714606,34449.87018,7351.181165,BREAKDOWN,621.622826,19.390542
CASE_00217,EXHAUSTED_ZONE,DEGRADING,HIGH,STRONG,FAIL,FAIL,True,4,0,2,0,16.786252,-1.186562,14171.77074,4979.527146,BREAKDOWN,4874.971455,18.908598
CASE_00218,FATIGUE_ZONE,STRENGTHENING,HIGH,STRONG,HOLD,HOLD,True,5,0,0,5,76.669903,3.961621,23049.929713,5302.051975,GROWTH,630.083247,79.0
CASE_00226,ELASTIC_ZONE,STRENGTHENING,HIGH,STRONG,HOLD,HOLD,True,5,0,0,5,73.839141,4.592849,13879.209211,3317.853759,GROWTH,3153.341082,77.620571
CASE_00229,EXHAUSTED_ZONE,TERMINAL,HIGH,STRONG,FAIL,FAIL,True,4,2,2,0,15.322523,-1.955383,16535.431011,6084.777305,BREAKDOWN,5660.424837,13.683236
CASE_00233,FATIGUE_ZONE,STRENGTHENING,HIGH,STRONG,HOLD,HOLD,True,3,0,0,3,69.555129,1.670746,12103.902058,4452.591712,GROWTH,4466.252128,79.0
CASE_00238,FATIGUE_ZONE,STRENGTHENING,HIGH,STRONG,HOLD,HOLD,True,4,0,0,4,75.006867,5.017515,16307.225401,4511.593987,GROWTH,1424.836807,79.0
CASE_00240,EXHAUSTED_ZONE,DEGRADING,MEDIUM,MODERATE,FAIL,FAIL,True,2,0,1,0,16.506889,-4.256471,6729.179939,6021.833638,BREAKDOWN,6762.215931,18.644463
CASE_00242,RECOVERED_ZONE,STRENGTHENING,HIGH,STRONG,HOLD,HOLD,True,3,0,0,3,108.509647,6.293285,42112.917157,19377.585682,GROWTH,15738.890523,116.0
CASE_00243,RECOVERED_ZONE,STRENGTHENING,HIGH,STRONG,HOLD,HOLD,True,3,0,0,3,107.252336,6.392523,39039.473276,19171.735569,GROWTH,15689.997936,116.0
CASE_00245,EXHAUSTED_ZONE,DEGRADING,HIGH,STRONG,FAIL,FAIL,True,3,0,3,0,18.71211,-0.733892,15181.30936,8209.376225,BREAKDOWN,1893.282396,19.578688
CASE_00246,EXHAUSTED_ZONE,TERMINAL,HIGH,STRONG,FAIL,FAIL,True,3,2,1,0,16.312183,-2.181313,20497.04166,10885.138226,BREAKDOWN,8588.439724,16.86615
CASE_00250,FATIGUE_ZONE,STRENGTHENING,HIGH,STRONG,HOLD,HOLD,True,4,0,0,4,73.230769,5.215384,11000.677907,4679.870859,GROWTH,1857.511213,79.0
CASE_00253,EXHAUSTED_ZONE,DEGRADING,HIGH,STRONG,FAIL,HOLD,False,5,0,4,0,12.445368,-2.33375,36317.622362,8774.203492,RECLAIM,7739.223124,12.787865
CASE_00255,EXHAUSTED_ZONE,DEGRADING,HIGH,STRONG,FAIL,FAIL,True,5,0,5,0,11.635254,-2.026449,23140.864405,5153.081511,BREAKDOWN,5245.978914,15.940633
CASE_00256,EXHAUSTED_ZONE,DEGRADING,HIGH,STRONG,FAIL,FAIL,True,4,0,4,0,14.04887,-2.113968,18230.19463,5434.71693,BREAKDOWN,5279.066538,17.146478
CASE_00257,EXHAUSTED_ZONE,DEGRADING,HIGH,STRONG,FAIL,FAIL,True,6,0,5,0,14.034621,-1.479699,30261.224053,6348.044422,BREAKDOWN,1303.723453,17.598354
CASE_00258,EXHAUSTED_ZONE,DEGRADING,HIGH,STRONG,FAIL,FAIL,True,7,0,6,0,55.113494,-1.044361,36742.661716,6628.095537,BREAKDOWN,1380.276336,57.782187
CASE_00259,EXHAUSTED_ZONE,DEGRADING,HIGH,STRONG,FAIL,FAIL,True,6,0,5,0,55.463768,-1.395132,31704.211,6789.957273,BREAKDOWN,1413.983386,60.371556
CASE_00278,EXHAUSTED_ZONE,TERMINAL,MEDIUM,MODERATE,FAIL,FAIL,True,2,1,1,0,16.937364,-2.54127,17680.816758,9397.544542,BREAKDOWN,1380.117916,19.638937
CASE_00279,FATIGUE_ZONE,STRENGTHENING,MEDIUM,MODERATE,HOLD,HOLD,True,2,0,0,2,72.941748,13.980583,10631.73898,7582.902141,GROWTH,2651.973375,79.0
CASE_00282,FATIGUE_ZONE,STRENGTHENING,HIGH,STRONG,HOLD,HOLD,True,3,0,0,3,72.391035,6.947944,6783.205749,3101.151122,GROWTH,2957.319633,78.527843
CASE_00287,EXHAUSTED_ZONE,TERMINAL,HIGH,STRONG,FAIL,FAIL,True,4,1,2,0,13.792219,-1.351132,46757.797176,14628.463537,BREAKDOWN,5156.606628,17.754727
CASE_00288,FATIGUE_ZONE,STRENGTHENING,HIGH,STRONG,HOLD,HOLD,True,4,0,0,4,72.750433,3.68569,36785.170355,10303.459732,GROWTH,5067.322434,79.0
CASE_00308,ELASTIC_ZONE,STRENGTHENING,MEDIUM,MODERATE,HOLD,HOLD,True,2,0,0,2,105.6,8.64,1298.86577,1298.86577,GROWTH,0.095031,120.96
CASE_00334,EXHAUSTED_ZONE,TERMINAL,MEDIUM,MODERATE,FAIL,FAIL,True,2,2,0,0,12.542822,-1.674739,7235.767255,3698.329837,BREAKDOWN,3598.802858,13.283347
CASE_00336,EXHAUSTED_ZONE,DEGRADING,HIGH,STRONG,FAIL,FAIL,True,3,0,3,0,16.688176,-1.237495,7947.145729,2993.065893,BREAKDOWN,3234.130855,15.118613
CASE_00339,FATIGUE_ZONE,STRENGTHENING,MEDIUM,MODERATE,HOLD,HOLD,True,2,0,0,2,65.222222,2.666666,3640.275084,2239.740725,GROWTH,2395.536518,79.0
CASE_00340,EXHAUSTED_ZONE,TERMINAL,HIGH,STRONG,FAIL,FAIL,True,3,1,2,0,13.728722,-3.068581,8838.687342,3663.017526,BREAKDOWN,2489.144183,7.404339
CASE_00341,FATIGUE_ZONE,STRENGTHENING,HIGH,STRONG,HOLD,HOLD,True,3,0,0,3,71.975633,6.410893,5249.449917,2158.77881,GROWTH,1466.963126,79.0
CASE_00343,FATIGUE_ZONE,STRENGTHENING,HIGH,STRONG,HOLD,HOLD,True,3,0,0,3,69.040986,6.432257,6218.269137,3108.230491,GROWTH,2630.731512,72.463457
CASE_00344,FATIGUE_ZONE,STRENGTHENING,HIGH,STRONG,HOLD,HOLD,True,4,0,0,4,70.363726,4.036355,10372.944676,3701.701039,GROWTH,3569.578887,77.17681
CASE_00361,FATIGUE_ZONE,STRENGTHENING,MEDIUM,MODERATE,HOLD,HOLD,True,2,0,0,2,73.352941,13.411765,7991.614909,4566.040989,GROWTH,3457.335923,79.0
CASE_00362,FATIGUE_ZONE,STRENGTHENING,HIGH,STRONG,HOLD,HOLD,True,3,0,0,3,71.222222,6.673494,10255.609296,4714.102973,GROWTH,3277.927429,79.0
CASE_00363,FATIGUE_ZONE,STRENGTHENING,HIGH,STRONG,HOLD,HOLD,True,3,0,0,3,69.264151,6.679245,6022.344498,3803.507221,GROWTH,3166.514066,78.760208
CASE_00364,FATIGUE_ZONE,STRENGTHENING,MEDIUM,MODERATE,HOLD,HOLD,True,2,0,0,2,68.048544,12.815534,5969.907663,4766.061386,GROWTH,3967.864229,77.491078
CASE_00379,EXHAUSTED_ZONE,TERMINAL,HIGH,STRONG,FAIL,FAIL,True,3,1,2,0,13.004431,-3.130183,8175.437306,3384.752745,BREAKDOWN,3439.814468,15.406142
CASE_00392,RECOVERED_ZONE,STRENGTHENING,HIGH,STRONG,HOLD,HOLD,True,3,0,0,3,104.058824,6.04722,11814.766955,4360.065349,GROWTH,2459.373342,109.0
CASE_00395,FATIGUE_ZONE,STRENGTHENING,HIGH,STRONG,HOLD,HOLD,True,3,0,0,3,72.082043,7.243666,9115.886835,3142.859625,GROWTH,1463.824321,79.0
CASE_00400,EXHAUSTED_ZONE,TERMINAL,HIGH,STRONG,FAIL,FAIL,True,3,1,2,0,19.055553,-0.425938,10824.457334,3660.238826,BREAKDOWN,3545.326649,18.612029
CASE_00421,EXHAUSTED_ZONE,TERMINAL,HIGH,STRONG,FAIL,FAIL,True,7,3,3,0,13.744872,-0.997707,32911.649093,6259.285621,BREAKDOWN,4508.030685,16.379199
CASE_00430,EXHAUSTED_ZONE,DEGRADING,HIGH,STRONG,FAIL,FAIL,True,3,0,1,0,17.93537,-1.432315,12876.761645,5534.541776,BREAKDOWN,5887.153275,19.931257
CASE_00431,FATIGUE_ZONE,STRENGTHENING,HIGH,STRONG,HOLD,HOLD,True,3,0,0,3,78.058824,7.058824,8226.521046,3456.250394,GROWTH,273.677036,79.0
CASE_00456,FATIGUE_ZONE,STRENGTHENING,HIGH,STRONG,HOLD,HOLD,True,4,0,0,4,73.970433,5.566426,12196.275241,3163.1611,GROWTH,1754.902572,79.0
CASE_00457,FATIGUE_ZONE,STRENGTHENING,HIGH,STRONG,HOLD,HOLD,True,3,0,0,3,71.615385,6.461538,4188.316194,1861.56907,GROWTH,1751.737831,79.0
CASE_00459,EXHAUSTED_ZONE,TERMINAL,MEDIUM,MODERATE,FAIL,FAIL,True,2,1,1,0,18.289315,0.356957,7114.835795,3622.407091,BREAKDOWN,3513.143464,16.473501
CASE_00507,RECOVERED_ZONE,STRENGTHENING,MEDIUM,MODERATE,HOLD,HOLD,True,2,0,0,2,106.861386,8.079208,20607.385934,10684.527741,GROWTH,2202.906522,109.0
CASE_00526,EXHAUSTED_ZONE,TERMINAL,MEDIUM,MODERATE,FAIL,FAIL,True,2,2,0,0,12.749463,-2.834279,9524.965079,5056.633011,BREAKDOWN,4134.559433,13.126159
CASE_00532,EXHAUSTED_ZONE,TERMINAL,HIGH,STRONG,FAIL,FAIL,True,4,1,3,0,19.121007,-0.457372,15666.041804,5203.744718,BREAKDOWN,4552.448489,17.503429
CASE_00540,FATIGUE_ZONE,STRENGTHENING,HIGH,STRONG,HOLD,HOLD,True,3,0,0,3,71.997158,7.12715,10319.822548,4092.343855,GROWTH,3726.384665,79.0
CASE_00547,FATIGUE_ZONE,STRENGTHENING,HIGH,STRONG,HOLD,HOLD,True,3,0,0,3,76.669903,9.087378,5161.532833,2446.962967,GROWTH,254.373801,79.0
CASE_00550,EXHAUSTED_ZONE,TERMINAL,HIGH,STRONG,FAIL,FAIL,True,4,4,0,0,19.841392,1.144721,13666.082414,5246.445547,BREAKDOWN,542.985378,18.98153
CASE_00589,FATIGUE_ZONE,STRENGTHENING,HIGH,STRONG,HOLD,HOLD,True,3,0,0,3,74.058824,6.941176,9082.101659,3122.11569,GROWTH,2881.626563,77.790781
CASE_00592,FATIGUE_ZONE,STRENGTHENING,HIGH,STRONG,HOLD,HOLD,True,3,0,0,3,70.111111,6.444444,10107.566945,4089.551963,GROWTH,4046.942282,79.0
CASE_00615,FATIGUE_ZONE,STRENGTHENING,HIGH,STRONG,HOLD,HOLD,True,4,0,0,4,70.683593,4.909059,17288.123425,5639.937579,GROWTH,2974.41923,79.0
CASE_00621,FATIGUE_ZONE,STRENGTHENING,HIGH,STRONG,HOLD,HOLD,True,3,0,0,3,69.134969,6.404908,6777.463294,2647.622886,GROWTH,213.836564,70.754601
CASE_00625,EXHAUSTED_ZONE,DEGRADING,HIGH,STRONG,FAIL,FAIL,True,3,0,2,0,19.452317,-0.52256,12452.673025,5953.549679,BREAKDOWN,4742.141372,12.168364
CASE_00628,FATIGUE_ZONE,STRENGTHENING,MEDIUM,MODERATE,HOLD,HOLD,True,2,0,0,2,73.823529,15.294117,4363.794037,2204.862984,GROWTH,1385.546937,79.0
CASE_00629,FATIGUE_ZONE,STRENGTHENING,MEDIUM,MODERATE,HOLD,HOLD,True,2,0,0,2,69.610992,5.036526,5234.275601,2682.435205,GROWTH,2638.980917,79.0
CASE_00630,RECOVERED_ZONE,STRENGTHENING,MEDIUM,MODERATE,HOLD,HOLD,True,2,0,0,2,99.679612,5.126214,15930.566922,8012.796123,GROWTH,8985.697991,109.0
CASE_00633,EXHAUSTED_ZONE,DEGRADING,MEDIUM,MODERATE,FAIL,FAIL,True,2,0,2,0,18.301102,-1.066898,11271.094946,5827.20489,BREAKDOWN,7774.693854,18.234761
CASE_00634,FATIGUE_ZONE,STRENGTHENING,HIGH,STRONG,HOLD,HOLD,True,3,0,0,3,68.655172,5.896551,13196.077359,7239.40058,GROWTH,2563.560185,79.0
CASE_00636,FATIGUE_ZONE,STRENGTHENING,HIGH,STRONG,HOLD,HOLD,True,3,0,0,3,72.371429,8.342858,6180.66891,2521.339242,GROWTH,2566.639498,77.507359
CASE_00638,EXHAUSTED_ZONE,TERMINAL,HIGH,STRONG,FAIL,FAIL,True,5,1,4,0,19.441063,-0.619907,49919.650154,13426.968621,BREAKDOWN,1689.604849,18.284866
CASE_00639,EXHAUSTED_ZONE,TERMINAL,HIGH,STRONG,FAIL,FAIL,True,3,1,2,0,17.802389,-1.293198,33195.3065,15036.923838,BREAKDOWN,4960.13558,17.161381
CASE_00640,EXHAUSTED_ZONE,TERMINAL,HIGH,STRONG,FAIL,FAIL,True,3,2,1,0,16.929637,-0.744655,37201.781283,12927.212369,BREAKDOWN,7116.263187,16.444693
CASE_00645,FATIGUE_ZONE,STRENGTHENING,HIGH,STRONG,HOLD,HOLD,True,4,0,0,4,75.970874,5.784947,23205.126768,7347.681649,GROWTH,2485.430969,79.0
CASE_00646,EXHAUSTED_ZONE,TERMINAL,HIGH,STRONG,FAIL,FAIL,True,4,2,2,0,14.445992,-1.954384,23946.754757,7587.257121,BREAKDOWN,5286.659108,18.068729
CASE_00648,EXHAUSTED_ZONE,TERMINAL,HIGH,STRONG,FAIL,FAIL,True,3,1,2,0,15.451088,-2.410628,32705.82754,14312.166648,BREAKDOWN,11742.159934,18.333181
CASE_00649,EXHAUSTED_ZONE,TERMINAL,HIGH,STRONG,FAIL,FAIL,True,3,1,1,0,16.966282,-1.916859,30462.970299,15880.478611,BREAKDOWN,15196.837417,17.110754
CASE_00661,EXHAUSTED_ZONE,TERMINAL,HIGH,STRONG,FAIL,FAIL,True,3,1,2,0,14.885751,-2.671899,31354.236816,11296.523977,BREAKDOWN,9384.220619,19.425359
CASE_00662,FATIGUE_ZONE,STRENGTHENING,HIGH,STRONG,HOLD,HOLD,True,3,0,0,3,77.09901,9.980198,25580.055343,11291.333381,GROWTH,1902.476361,79.0
CASE_00663,EXHAUSTED_ZONE,TERMINAL,HIGH,STRONG,FAIL,FAIL,True,3,1,2,0,13.783209,-2.997112,13782.814608,4840.845926,BREAKDOWN,4208.685405,20.135705
CASE_00668,EXHAUSTED_ZONE,DEGRADING,HIGH,STRONG,FAIL,FAIL,True,5,0,3,0,17.957323,-0.544058,27761.046041,7155.106928,BREAKDOWN,2925.274519,18.400663
CASE_00672,FATIGUE_ZONE,STRENGTHENING,HIGH,STRONG,HOLD,HOLD,True,3,0,0,3,70.252336,4.373831,13080.416384,4924.562013,GROWTH,4391.00539,79.0
CASE_00677,EXHAUSTED_ZONE,TERMINAL,MEDIUM,MODERATE,FAIL,FAIL,True,2,1,1,0,18.458794,0.370067,16529.149188,8517.597151,BREAKDOWN,3186.939717,15.216692
CASE_00687,EXHAUSTED_ZONE,DEGRADING,MEDIUM,MODERATE,FAIL,FAIL,True,2,0,2,0,12.457071,-1.491642,12988.130169,6744.675482,BREAKDOWN,6168.385515,13.687692
CASE_00688,FATIGUE_ZONE,STRENGTHENING,MEDIUM,MODERATE,HOLD,HOLD,True,2,0,0,2,68.098798,1.300014,7949.79227,4060.30124,GROWTH,4329.425661,75.809476
CASE_00690,FATIGUE_ZONE,STRENGTHENING,HIGH,STRONG,HOLD,HOLD,True,3,0,0,3,66.887128,4.648322,9820.684003,3618.206011,GROWTH,3304.094985,79.0
CASE_00700,EXHAUSTED_ZONE,TERMINAL,HIGH,STRONG,FAIL,FAIL,True,5,3,1,0,12.848411,-2.379446,24278.198807,6795.120829,BREAKDOWN,7217.190931,12.565856
CASE_00707,FATIGUE_ZONE,STRENGTHENING,HIGH,STRONG,HOLD,HOLD,True,3,0,0,3,71.07767,4.301222,8060.771831,3246.768578,GROWTH,3238.668163,79.0
CASE_00725,EXHAUSTED_ZONE,TERMINAL,MEDIUM,MODERATE,FAIL,FAIL,True,2,1,1,0,16.984789,0.078999,12748.116384,7183.179526,BREAKDOWN,5825.424408,17.843283
CASE_00731,RECOVERED_ZONE,STRENGTHENING,HIGH,STRONG,HOLD,HOLD,True,4,0,0,4,107.09901,5.416643,32202.067616,8969.956864,GROWTH,3099.814117,104.487348
CASE_00732,RECOVERED_ZONE,STRENGTHENING,HIGH,STRONG,HOLD,HOLD,True,4,0,0,4,106.623762,5.537216,28795.561946,8592.252888,GROWTH,7111.949768,107.429165
CASE_00738,EXHAUSTED_ZONE,TERMINAL,HIGH,STRONG,FAIL,FAIL,True,3,1,2,0,16.922673,-1.198492,18281.806031,6258.151186,BREAKDOWN,6592.48022,17.681436
CASE_00752,EXHAUSTED_ZONE,DEGRADING,HIGH,STRONG,FAIL,FAIL,True,3,0,3,0,16.77072,-1.735736,12450.826514,4574.82493,BREAKDOWN,5111.626771,16.839876
CASE_00759,EXHAUSTED_ZONE,TERMINAL,HIGH,STRONG,FAIL,FAIL,True,3,3,0,0,13.810866,-1.555142,8809.845026,3105.14004,BREAKDOWN,3316.375101,14.747663
CASE_00778,FATIGUE_ZONE,STRENGTHENING,MEDIUM,MODERATE,HOLD,HOLD,True,2,0,0,2,63.108847,4.126811,7018.152422,3668.376835,GROWTH,3921.363403,79.0
CASE_00782,EXHAUSTED_ZONE,TERMINAL,MEDIUM,MODERATE,FAIL,FAIL,True,2,1,1,0,13.63364,-6.060163,5322.075721,2764.625684,BREAKDOWN,2894.642706,11.31907
CASE_00783,RECOVERED_ZONE,STRENGTHENING,HIGH,STRONG,HOLD,HOLD,True,3,0,0,3,111.283432,9.28528,10932.642058,3988.96625,GROWTH,3472.304577,116.0
CASE_00792,EXHAUSTED_ZONE,TERMINAL,MEDIUM,MODERATE,FAIL,FAIL,True,2,1,1,0,16.868515,2.533367,13783.978638,7491.705245,BREAKDOWN,1706.167193,19.098233
CASE_00793,EXHAUSTED_ZONE,TERMINAL,MEDIUM,MODERATE,FAIL,FAIL,True,2,2,0,0,15.378948,0.161607,12834.974818,6507.119432,BREAKDOWN,3258.68207,19.9409
CASE_00806,FATIGUE_ZONE,STRENGTHENING,MEDIUM,MODERATE,HOLD,HOLD,True,2,0,0,2,66.076923,3.692308,11384.774139,5844.277053,GROWTH,5109.983621,79.0
CASE_00813,EXHAUSTED_ZONE,TERMINAL,MEDIUM,MODERATE,FAIL,FAIL,True,2,1,1,0,17.084228,-3.616074,14486.047022,7449.501375,BREAKDOWN,7439.806901,12.006887
CASE_00817,EXHAUSTED_ZONE,DEGRADING,MEDIUM,MODERATE,FAIL,FAIL,True,2,0,2,0,17.091595,-2.697192,11874.326239,5958.096003,BREAKDOWN,6041.647634,18.091757
CASE_00818,EXHAUSTED_ZONE,DEGRADING,HIGH,STRONG,FAIL,FAIL,True,3,0,2,0,18.318177,-1.240912,18595.959957,6555.299145,BREAKDOWN,6999.524479,17.731668
CASE_00828,EXHAUSTED_ZONE,TERMINAL,HIGH,STRONG,FAIL,FAIL,True,4,2,2,0,14.448666,-1.646985,17780.522588,5428.235673,BREAKDOWN,5754.861539,18.934805
CASE_00845,EXHAUSTED_ZONE,TERMINAL,MEDIUM,MODERATE,FAIL,FAIL,True,2,2,0,0,17.402534,5.163368,9435.049115,6305.943016,BREAKDOWN,2290.406349,16.762647
CASE_00847,EXHAUSTED_ZONE,TERMINAL,HIGH,STRONG,FAIL,FAIL,True,3,1,2,0,11.716774,-4.092922,23192.293309,7976.0929,BREAKDOWN,8879.615125,12.069637
CASE_00863,EXHAUSTED_ZONE,DEGRADING,MEDIUM,MODERATE,FAIL,FAIL,True,2,0,2,0,19.150636,-1.148467,10000.815619,5841.966244,BREAKDOWN,7135.480752,11.903176
CASE_00865,EXHAUSTED_ZONE,TERMINAL,HIGH,STRONG,FAIL,FAIL,True,3,2,1,0,19.613587,-0.769275,13250.407848,7654.990275,BREAKDOWN,5123.764919,15.145627
CASE_00870,RECOVERED_ZONE,STRENGTHENING,HIGH,STRONG,HOLD,HOLD,True,3,0,0,3,107.588235,9.17647,19509.189793,8946.149817,GROWTH,7272.618614,108.786488
CASE_00873,EXHAUSTED_ZONE,TERMINAL,HIGH,STRONG,FAIL,FAIL,True,3,1,2,0,12.440073,-2.967441,13670.610445,4989.44916,BREAKDOWN,6270.186775,11.906877
CASE_00885,FATIGUE_ZONE,STRENGTHENING,HIGH,STRONG,HOLD,HOLD,True,4,0,0,4,69.061771,3.167016,7352.08381,2098.338222,GROWTH,2024.50138,79.0
CASE_00894,EXHAUSTED_ZONE,TERMINAL,HIGH,STRONG,FAIL,FAIL,True,4,3,1,0,12.306625,-2.230858,33204.129742,9117.356852,BREAKDOWN,6176.515495,18.611979
CASE_00896,EXHAUSTED_ZONE,DEGRADING,MEDIUM,MODERATE,FAIL,FAIL,True,2,0,2,0,15.72266,-0.863886,17607.289194,9937.755289,BREAKDOWN,7800.477441,18.968624
CASE_00907,EXHAUSTED_ZONE,TERMINAL,HIGH,STRONG,FAIL,FAIL,True,4,1,2,0,17.199298,-0.619588,22045.890969,7036.006647,BREAKDOWN,6310.31563,19.303749
CASE_00915,RECOVERED_ZONE,STRENGTHENING,HIGH,STRONG,HOLD,HOLD,True,3,0,0,3,102.009709,7.708173,21849.614182,7797.793692,GROWTH,4677.112844,109.0
CASE_00933,FATIGUE_ZONE,STRENGTHENING,MEDIUM,MODERATE,HOLD,HOLD,True,2,0,0,2,70.808612,2.577155,8766.217188,4640.521822,GROWTH,3566.876917,79.0
CASE_00934,FATIGUE_ZONE,STRENGTHENING,MEDIUM,MODERATE,HOLD,HOLD,True,2,0,0,2,70.923077,3.854968,8725.50083,4850.746042,GROWTH,4749.607871,79.0
CASE_00935,FATIGUE_ZONE,STRENGTHENING,MEDIUM,MODERATE,HOLD,HOLD,True,2,0,0,2,69.352941,2.791196,9455.821225,5650.770037,GROWTH,5705.056437,79.0
CASE_00937,EXHAUSTED_ZONE,TERMINAL,MEDIUM,MODERATE,FAIL,FAIL,True,2,2,0,0,15.47684,-3.940478,9834.895601,5938.202614,BREAKDOWN,1784.191371,18.469619
CASE_00941,ELASTIC_ZONE,STRENGTHENING,HIGH,STRONG,HOLD,HOLD,True,3,0,0,3,63.0,3.428571,7043.071112,3914.331005,GROWTH,5276.980111,79.0
CASE_00948,EXHAUSTED_ZONE,TERMINAL,HIGH,STRONG,FAIL,FAIL,True,5,1,3,0,13.566119,-1.462027,32915.22089,8396.760223,BREAKDOWN,7988.645489,11.509983
CASE_00957,FATIGUE_ZONE,STRENGTHENING,MEDIUM,MODERATE,HOLD,HOLD,True,2,0,0,2,62.529412,6.661398,5651.048607,3034.101811,GROWTH,3243.296336,79.0
CASE_00961,FATIGUE_ZONE,STRENGTHENING,HIGH,STRONG,HOLD,HOLD,True,5,0,0,5,68.299497,3.359834,14031.827023,4253.64586,GROWTH,3344.301743,79.0
CASE_00964,FATIGUE_ZONE,STRENGTHENING,MEDIUM,MODERATE,HOLD,HOLD,True,2,0,0,2,62.366337,5.19087,5148.980036,2616.195231,GROWTH,3157.400579,75.109506
CASE_00965,RECOVERED_ZONE,STRENGTHENING,MEDIUM,MODERATE,HOLD,HOLD,True,2,0,0,2,91.757282,4.96019,8462.969639,4335.136061,GROWTH,5422.060168,109.0
CASE_00985,FATIGUE_ZONE,STRENGTHENING,MEDIUM,MODERATE,HOLD,HOLD,True,2,0,0,2,61.178218,2.138614,3059.970959,2122.136704,GROWTH,5004.865353,79.0
CASE_01003,EXHAUSTED_ZONE,TERMINAL,MEDIUM,MODERATE,FAIL,FAIL,True,2,1,1,0,13.743276,-5.699229,5790.380338,3166.616641,BREAKDOWN,3149.670115,12.163321
CASE_01014,FATIGUE_ZONE,STRENGTHENING,HIGH,STRONG,HOLD,HOLD,True,5,0,0,5,72.889211,4.158184,18401.385166,4340.643959,GROWTH,2500.66848,79.0
CASE_01018,FATIGUE_ZONE,STRENGTHENING,HIGH,STRONG,HOLD,HOLD,True,3,0,0,3,63.611904,3.020237,8469.813279,3285.273762,GROWTH,2856.695891,79.0
CASE_01027,EXHAUSTED_ZONE,TERMINAL,HIGH,STRONG,FAIL,FAIL,True,3,1,2,0,17.193287,-1.544306,13128.583849,4817.435352,BREAKDOWN,2768.533508,19.635376
CASE_01029,EXHAUSTED_ZONE,TERMINAL,HIGH,STRONG,FAIL,FAIL,True,3,1,2,0,16.596907,-1.690734,11100.969456,5106.087388,BREAKDOWN,3365.921801,17.102034
CASE_01037,EXHAUSTED_ZONE,TERMINAL,HIGH,STRONG,FAIL,FAIL,True,4,2,2,0,13.706861,-1.736069,14722.554495,4064.908438,BREAKDOWN,3228.731919,19.396384
CASE_01043,FATIGUE_ZONE,STRENGTHENING,HIGH,STRONG,HOLD,HOLD,True,4,0,0,4,70.788003,5.286087,8258.173487,2365.240644,GROWTH,2214.415568,79.0
CASE_01045,EXHAUSTED_ZONE,DEGRADING,HIGH,STRONG,FAIL,FAIL,True,4,0,3,0,14.946104,-1.967876,15467.242657,4693.935928,BREAKDOWN,4646.813614,15.679476
CASE_01046,EXHAUSTED_ZONE,TERMINAL,HIGH,STRONG,FAIL,FAIL,True,3,1,2,0,19.335077,0.165232,14117.406415,4785.203627,BREAKDOWN,838.835059,15.655256
CASE_01053,FATIGUE_ZONE,STRENGTHENING,HIGH,STRONG,HOLD,HOLD,True,4,0,0,4,69.4,3.318261,9665.683114,3471.928507,GROWTH,3164.719085,79.0
CASE_01059,FATIGUE_ZONE,STRENGTHENING,HIGH,STRONG,HOLD,HOLD,True,4,0,0,4,71.158416,3.516832,12608.87778,4010.921972,GROWTH,6580.910026,79.0
CASE_01061,FATIGUE_ZONE,STRENGTHENING,MEDIUM,MODERATE,HOLD,HOLD,True,2,0,0,2,62.92233,5.126213,5159.683857,4152.192243,GROWTH,8063.425866,79.0
CASE_01075,FATIGUE_ZONE,STRENGTHENING,HIGH,STRONG,HOLD,HOLD,True,3,0,0,3,77.336634,10.930693,11379.325297,7013.156658,GROWTH,2070.51026,79.0
CASE_01078,FATIGUE_ZONE,STRENGTHENING,MEDIUM,MODERATE,HOLD,HOLD,True,2,0,0,2,74.485149,5.940595,7099.576883,3685.448683,GROWTH,2738.68477,79.0
CASE_01083,EXHAUSTED_ZONE,TERMINAL,HIGH,STRONG,FAIL,FAIL,True,3,1,2,0,16.320092,-1.904995,7145.073005,3028.291562,BREAKDOWN,3185.103776,18.475895
CASE_01084,EXHAUSTED_ZONE,TERMINAL,HIGH,STRONG,FAIL,FAIL,True,3,1,2,0,16.821102,-1.680562,8180.99431,3211.084036,BREAKDOWN,3435.669481,17.183108
CASE_01093,FATIGUE_ZONE,STRENGTHENING,HIGH,STRONG,HOLD,HOLD,True,3,0,0,3,74.391707,6.422064,6881.82864,2367.121074,GROWTH,2356.649132,72.996089
CASE_01094,FATIGUE_ZONE,STRENGTHENING,HIGH,STRONG,HOLD,HOLD,True,3,0,0,3,71.543689,7.106796,5006.586732,2072.915273,GROWTH,1565.845501,79.0
CASE_01097,EXHAUSTED_ZONE,TERMINAL,HIGH,STRONG,FAIL,FAIL,True,4,2,2,0,17.858316,-1.015007,10489.728751,3755.242818,BREAKDOWN,2971.165407,18.819201
CASE_01109,FATIGUE_ZONE,STRENGTHENING,HIGH,STRONG,HOLD,HOLD,True,3,0,0,3,74.839979,4.416653,11286.179347,4360.012362,GROWTH,3444.475591,79.0
CASE_01110,FATIGUE_ZONE,STRENGTHENING,MEDIUM,MODERATE,HOLD,HOLD,True,2,0,0,2,69.639044,5.025325,8556.594255,4708.551906,GROWTH,3725.718197,76.084112
CASE_01113,EXHAUSTED_ZONE,DEGRADING,HIGH,STRONG,FAIL,FAIL,True,3,0,3,0,24.014681,-0.807718,18514.061091,6806.626302,BREAKDOWN,5301.019539,30.652925
CASE_01118,EXHAUSTED_ZONE,DEGRADING,MEDIUM,MODERATE,FAIL,FAIL,True,2,0,1,1,25.019069,-0.829262,12087.707693,8646.552039,BREAKDOWN,10015.783781,28.970959
CASE_01119,FATIGUE_ZONE,STRENGTHENING,HIGH,STRONG,HOLD,HOLD,True,8,0,0,8,71.543689,2.07929,43073.33224,7615.806301,GROWTH,2984.468293,79.0
CASE_01121,ELASTIC_ZONE,STRENGTHENING,HIGH,STRONG,HOLD,HOLD,True,5,0,0,5,66.744852,2.023371,22689.510858,5437.231153,GROWTH,4520.117442,79.0
CASE_01130,FATIGUE_ZONE,STRENGTHENING,HIGH,STRONG,HOLD,HOLD,True,4,0,0,4,72.411765,5.042179,13966.32877,4422.329494,GROWTH,3979.349427,79.0
CASE_01138,RECOVERED_ZONE,STRENGTHENING,MEDIUM,MODERATE,HOLD,HOLD,True,2,0,0,2,111.959348,2.882425,18692.535239,9418.115761,GROWTH,1039.02262,116.0
CASE_01139,RECOVERED_ZONE,STRENGTHENING,HIGH,STRONG,HOLD,HOLD,True,3,0,0,3,110.018938,2.303586,28967.508137,9878.421709,GROWTH,1388.192721,116.0
CASE_01143,FATIGUE_ZONE,STRENGTHENING,HIGH,STRONG,HOLD,HOLD,True,3,0,0,3,69.373997,6.72546,13944.162366,6152.793606,GROWTH,5906.014045,79.0
CASE_01162,FATIGUE_ZONE,STRENGTHENING,MEDIUM,MODERATE,HOLD,HOLD,True,2,0,0,2,75.538462,7.263459,12077.930902,6088.388905,GROWTH,2076.585322,79.0
CASE_01168,EXHAUSTED_ZONE,TERMINAL,MEDIUM,MODERATE,FAIL,FAIL,True,2,1,1,0,16.365454,-2.77421,12691.10606,6792.200385,BREAKDOWN,6233.464558,12.649935
CASE_01174,FATIGUE_ZONE,STRENGTHENING,MEDIUM,MODERATE,HOLD,HOLD,True,2,0,0,2,67.86822,12.86822,4753.708562,2880.889765,GROWTH,3310.114607,78.453971
CASE_01175,EXHAUSTED_ZONE,TERMINAL,HIGH,STRONG,FAIL,FAIL,True,3,1,1,0,16.096182,0.169259,14545.573584,6205.591847,BREAKDOWN,6758.65744,18.518715
CASE_01178,EXHAUSTED_ZONE,TERMINAL,HIGH,STRONG,FAIL,FAIL,True,5,3,2,0,20.59814,-0.079099,26046.366787,8521.806173,BREAKDOWN,2229.610381,17.107179
CASE_01204,FATIGUE_ZONE,STRENGTHENING,HIGH,STRONG,HOLD,HOLD,True,3,0,0,3,75.504854,8.854368,16336.622942,6422.030847,GROWTH,1526.336852,79.0
CASE_01207,EXHAUSTED_ZONE,TERMINAL,HIGH,STRONG,FAIL,FAIL,True,5,1,3,0,17.241723,-0.996226,26125.145737,8069.880139,BREAKDOWN,2589.380511,17.287797
CASE_01209,FATIGUE_ZONE,STRENGTHENING,HIGH,STRONG,HOLD,HOLD,True,4,0,0,4,69.942678,4.171131,11663.331895,3644.138124,GROWTH,2743.108236,79.0
CASE_01214,FATIGUE_ZONE,STRENGTHENING,HIGH,STRONG,HOLD,HOLD,True,3,0,0,3,71.776699,6.291262,12385.164074,5377.876691,GROWTH,5942.416468,79.0
CASE_01225,EXHAUSTED_ZONE,TERMINAL,HIGH,STRONG,FAIL,FAIL,True,4,2,2,0,16.400358,-0.966422,20228.489138,5892.130312,BREAKDOWN,971.550099,17.837358
CASE_01226,RECOVERED_ZONE,STRENGTHENING,HIGH,STRONG,HOLD,HOLD,True,5,0,0,5,111.675676,4.798681,31701.021044,8048.105867,GROWTH,1097.461728,116.0
CASE_01229,EXHAUSTED_ZONE,TERMINAL,HIGH,STRONG,FAIL,FAIL,True,3,1,2,0,19.169907,-0.101736,17700.743263,7378.544061,BREAKDOWN,6718.571545,10.60704
CASE_01231,EXHAUSTED_ZONE,DEGRADING,MEDIUM,MODERATE,FAIL,FAIL,True,2,0,2,0,14.47412,-3.726183,8314.062206,4317.771356,BREAKDOWN,4287.598743,16.295931
CASE_01232,RECOVERED_ZONE,STRENGTHENING,HIGH,STRONG,HOLD,HOLD,True,5,0,0,5,99.632026,2.847652,26596.720832,5777.301774,GROWTH,5637.765402,109.0
CASE_01234,FATIGUE_ZONE,STRENGTHENING,HIGH,STRONG,HOLD,HOLD,True,6,0,0,6,67.012367,2.365046,11819.651525,2294.958604,GROWTH,2172.875711,79.0
CASE_01235,FATIGUE_ZONE,STRENGTHENING,HIGH,STRONG,HOLD,HOLD,True,3,0,0,3,70.920792,6.150874,8542.425657,3565.057793,GROWTH,5496.32501,79.0
CASE_01237,FATIGUE_ZONE,STRENGTHENING,MEDIUM,MODERATE,HOLD,HOLD,True,2,0,0,2,68.069307,4.277228,7591.744202,3802.20249,GROWTH,3999.37725,79.0
CASE_01238,EXHAUSTED_ZONE,TERMINAL,HIGH,STRONG,FAIL,FAIL,True,4,3,1,0,13.078938,-1.460894,15414.361425,4938.153922,BREAKDOWN,3261.417613,14.197988
CASE_01239,EXHAUSTED_ZONE,DEGRADING,MEDIUM,MODERATE,FAIL,FAIL,True,2,0,2,0,18.4818,-2.126961,7147.118432,4885.459162,BREAKDOWN,4327.996766,16.711666
CASE_01261,EXHAUSTED_ZONE,TERMINAL,MEDIUM,MODERATE,FAIL,FAIL,True,2,1,1,0,15.99916,-3.77889,8908.584066,4712.530385,BREAKDOWN,5460.9719,12.619014
CASE_01262,ELASTIC_ZONE,STRENGTHENING,HIGH,STRONG,HOLD,HOLD,True,4,0,0,4,70.678852,4.82375,13968.24401,3850.254041,GROWTH,4025.884111,75.204379
CASE_01263,FATIGUE_ZONE,STRENGTHENING,HIGH,STRONG,HOLD,HOLD,True,7,0,0,7,70.963622,2.927486,18903.576177,3384.231412,GROWTH,3556.097763,79.0
CASE_01267,FATIGUE_ZONE,STRENGTHENING,HIGH,STRONG,HOLD,HOLD,True,6,0,0,6,72.25,2.914135,19527.288297,5228.785689,GROWTH,1774.829884,79.0
CASE_01274,EXHAUSTED_ZONE,TERMINAL,HIGH,STRONG,FAIL,FAIL,True,3,1,1,0,17.062417,-1.838351,13970.864456,6069.378871,BREAKDOWN,1252.613341,17.62574
CASE_01278,RECOVERED_ZONE,STRENGTHENING,MEDIUM,MODERATE,HOLD,HOLD,True,2,0,0,2,96.405941,7.841585,13166.913141,7007.281576,GROWTH,7634.776614,109.0
CASE_01280,RECOVERED_ZONE,STRENGTHENING,HIGH,STRONG,HOLD,HOLD,True,4,0,0,4,109.242718,4.757924,24916.072449,7977.38316,GROWTH,6666.89145,116.0
CASE_01282,RECOVERED_ZONE,STRENGTHENING,HIGH,STRONG,HOLD,HOLD,True,4,0,0,4,102.205276,2.866885,29606.852716,9440.621672,GROWTH,7747.879174,116.0
CASE_01289,FATIGUE_ZONE,STRENGTHENING,MEDIUM,MODERATE,HOLD,HOLD,True,2,0,0,2,76.923077,3.394823,6888.755577,5100.325915,GROWTH,301.083091,79.0
CASE_01294,FATIGUE_ZONE,STRENGTHENING,HIGH,STRONG,HOLD,HOLD,True,3,0,0,3,72.882353,6.386747,8948.062354,3285.80692,GROWTH,3172.259343,79.0
CASE_01295,FATIGUE_ZONE,STRENGTHENING,HIGH,STRONG,HOLD,HOLD,True,3,0,0,3,70.772088,5.910195,11010.100591,4288.572061,GROWTH,4090.033166,78.991166
CASE_01309,FATIGUE_ZONE,STRENGTHENING,HIGH,STRONG,HOLD,HOLD,True,5,0,0,5,77.171429,5.28,18900.094325,6928.66411,GROWTH,342.167706,79.0
CASE_01310,EXHAUSTED_ZONE,TERMINAL,HIGH,STRONG,FAIL,FAIL,True,3,2,1,0,18.409941,0.439073,27762.404097,12915.089809,BREAKDOWN,10025.241606,14.345872
CASE_01319,RECOVERED_ZONE,STRENGTHENING,MEDIUM,MODERATE,HOLD,HOLD,True,2,0,0,2,93.018602,4.547842,22222.288771,12361.959365,GROWTH,15736.5354,107.230165
CASE_01320,FATIGUE_ZONE,STRENGTHENING,MEDIUM,MODERATE,HOLD,HOLD,True,2,0,0,2,73.756303,17.78044,10516.288933,5573.936626,GROWTH,591.817797,79.0
CASE_01329,EXHAUSTED_ZONE,DEGRADING,MEDIUM,MODERATE,FAIL,FAIL,True,2,0,2,0,17.464531,-1.328913,14603.257223,8783.623744,BREAKDOWN,10206.288997,13.646344
CASE_01330,FATIGUE_ZONE,STRENGTHENING,HIGH,STRONG,HOLD,HOLD,True,4,0,0,4,77.811881,6.907622,17424.615166,6822.106993,GROWTH,3618.437694,79.0
CASE_01333,EXHAUSTED_ZONE,TERMINAL,HIGH,STRONG,FAIL,FAIL,True,4,2,2,0,12.041708,-2.952127,27393.47964,9282.025546,BREAKDOWN,3984.196855,19.698122
CASE_01335,FATIGUE_ZONE,STRENGTHENING,HIGH,STRONG,HOLD,HOLD,True,3,0,0,3,71.270377,8.135188,13268.278177,5546.365053,GROWTH,4325.322365,78.866992
CASE_01342,EXHAUSTED_ZONE,TERMINAL,HIGH,STRONG,FAIL,FAIL,True,3,2,1,0,14.45732,-2.510868,15023.153938,6988.565418,BREAKDOWN,7427.972175,15.96752
CASE_01344,FATIGUE_ZONE,STRENGTHENING,MEDIUM,MODERATE,HOLD,HOLD,True,2,0,0,2,65.138492,4.652778,10395.660859,5313.86753,GROWTH,5470.698502,77.024288
CASE_01361,FATIGUE_ZONE,STRENGTHENING,HIGH,STRONG,HOLD,HOLD,True,4,0,0,4,60.692195,1.826587,8697.775633,3444.883582,GROWTH,4384.433022,78.838333
CASE_01362,FATIGUE_ZONE,STRENGTHENING,HIGH,STRONG,HOLD,HOLD,True,3,0,0,3,63.842591,3.329247,10375.889887,4588.042449,GROWTH,4870.522253,79.0
CASE_01385,EXHAUSTED_ZONE,DEGRADING,MEDIUM,MODERATE,FAIL,FAIL,True,2,0,2,0,16.441061,-1.442549,19375.240847,10014.567446,BREAKDOWN,8934.455732,10.271281
CASE_01386,EXHAUSTED_ZONE,DEGRADING,MEDIUM,MODERATE,FAIL,FAIL,True,2,0,2,0,17.397552,-0.868853,20297.826935,10477.612639,BREAKDOWN,9339.010153,17.814321
CASE_01400,FATIGUE_ZONE,STRENGTHENING,MEDIUM,MODERATE,HOLD,HOLD,True,2,0,0,2,74.805825,1.864077,6136.790253,5751.889463,GROWTH,1833.658526,79.0
CASE_01410,EXHAUSTED_ZONE,TERMINAL,MEDIUM,MODERATE,FAIL,FAIL,True,2,2,0,0,14.092088,-3.837402,16155.24174,10001.940782,BREAKDOWN,3883.137345,19.943531
CASE_01412,EXHAUSTED_ZONE,DEGRADING,HIGH,STRONG,FAIL,FAIL,True,3,0,2,0,17.658842,-0.941256,22523.065883,9780.748291,BREAKDOWN,11608.208238,19.234632
CASE_01413,FATIGUE_ZONE,STRENGTHENING,HIGH,STRONG,HOLD,HOLD,True,4,0,0,4,68.882353,3.717647,12349.054518,5069.354795,GROWTH,6416.18012,79.0
CASE_01414,EXHAUSTED_ZONE,DEGRADING,HIGH,STRONG,FAIL,FAIL,True,3,0,3,0,18.149132,-1.113378,21277.339133,9897.180497,BREAKDOWN,13992.701298,18.99872
CASE_01415,EXHAUSTED_ZONE,DEGRADING,HIGH,STRONG,FAIL,FAIL,True,3,0,3,0,18.290809,-1.116799,17844.070769,10240.475334,BREAKDOWN,14527.631625,16.883053
CASE_01417,EXHAUSTED_ZONE,DEGRADING,HIGH,STRONG,FAIL,FAIL,True,4,0,4,0,13.61698,-2.024886,37441.463639,12489.627841,BREAKDOWN,6926.471442,18.862092
CASE_01422,EXHAUSTED_ZONE,TERMINAL,HIGH,STRONG,FAIL,FAIL,True,3,1,2,0,14.027493,-3.007766,25379.367539,10400.994416,BREAKDOWN,8733.543999,18.371492
CASE_01423,EXHAUSTED_ZONE,DEGRADING,HIGH,STRONG,FAIL,FAIL,True,3,0,3,0,15.149595,-2.662542,27389.153284,11475.424609,BREAKDOWN,10427.615779,17.975098
CASE_01431,FATIGUE_ZONE,STRENGTHENING,HIGH,STRONG,HOLD,HOLD,True,3,0,0,3,72.582781,7.859351,12098.721386,5475.347257,GROWTH,3247.454637,79.0
CASE_01435,EXHAUSTED_ZONE,DEGRADING,HIGH,STRONG,FAIL,FAIL,True,4,0,4,0,17.19705,-0.977157,28903.793138,10837.362818,BREAKDOWN,9900.770041,18.155418
CASE_01439,EXHAUSTED_ZONE,TERMINAL,HIGH,STRONG,FAIL,FAIL,True,3,1,2,0,17.247214,-1.713693,26942.09423,15038.469626,BREAKDOWN,2131.685545,17.442329
CASE_01442,EXHAUSTED_ZONE,DEGRADING,HIGH,STRONG,FAIL,FAIL,True,3,0,3,0,14.473736,-1.304662,25884.037941,9774.207187,BREAKDOWN,10199.708861,15.9942
CASE_01443,EXHAUSTED_ZONE,DEGRADING,HIGH,STRONG,FAIL,FAIL,True,3,0,3,0,13.426976,-2.11078,27752.675925,9985.493501,BREAKDOWN,1760.26127,18.049621
CASE_01460,RECOVERED_ZONE,STRENGTHENING,HIGH,STRONG,HOLD,HOLD,True,4,0,0,4,108.006381,4.886444,27388.800042,8249.303936,GROWTH,4728.382723,116.0
CASE_01462,FATIGUE_ZONE,STRENGTHENING,HIGH,STRONG,HOLD,HOLD,True,4,0,0,4,72.37931,2.882542,20563.123748,6307.140351,GROWTH,2710.945767,79.0
CASE_01463,FATIGUE_ZONE,STRENGTHENING,HIGH,STRONG,HOLD,HOLD,True,4,0,0,4,69.054054,3.091892,12216.165947,6049.385406,GROWTH,4876.278187,78.135135
CASE_01465,EXHAUSTED_ZONE,TERMINAL,HIGH,STRONG,FAIL,FAIL,True,4,2,2,0,16.259809,-1.463397,25760.841617,9950.477622,BREAKDOWN,8721.43976,13.294663
CASE_01470,EXHAUSTED_ZONE,TERMINAL,HIGH,STRONG,FAIL,FAIL,True,4,1,3,0,18.437851,-0.670452,22461.511172,8513.566495,BREAKDOWN,135.493034,18.380085
CASE_01471,FATIGUE_ZONE,STRENGTHENING,HIGH,STRONG,HOLD,HOLD,True,4,0,0,4,73.0,4.944188,23256.377785,8648.751813,GROWTH,6.869425,79.0
CASE_01472,EXHAUSTED_ZONE,TERMINAL,MEDIUM,MODERATE,FAIL,FAIL,True,2,1,1,0,17.727309,-2.888911,17082.714642,14763.381759,BREAKDOWN,10445.277664,12.092684
CASE_01475,FATIGUE_ZONE,STRENGTHENING,HIGH,STRONG,HOLD,HOLD,True,3,0,0,3,72.305253,8.536121,12629.750842,5938.727542,GROWTH,5436.923639,75.82487
CASE_01486,FATIGUE_ZONE,STRENGTHENING,HIGH,STRONG,HOLD,HOLD,True,3,0,0,3,70.920792,6.751079,12353.288284,4938.281474,GROWTH,4383.858731,77.380075
CASE_01489,EXHAUSTED_ZONE,TERMINAL,MEDIUM,MODERATE,FAIL,FAIL,True,2,1,1,0,16.116665,-2.917132,20190.719507,10509.806642,BREAKDOWN,4974.919046,13.934436
CASE_01492,EXHAUSTED_ZONE,TERMINAL,HIGH,STRONG,FAIL,FAIL,True,5,4,0,0,14.054699,-1.748444,33513.501956,9235.374401,BREAKDOWN,6430.196874,7.136344
CASE_01493,EXHAUSTED_ZONE,TERMINAL,HIGH,STRONG,FAIL,FAIL,True,4,4,0,0,14.331129,-1.391128,28043.467935,9250.588784,BREAKDOWN,7846.672743,11.732356
CASE_01494,ELASTIC_ZONE,STRENGTHENING,HIGH,STRONG,HOLD,HOLD,True,4,0,0,4,72.775602,2.410811,24329.160575,8079.247138,GROWTH,6580.118051,79.0
CASE_01496,EXHAUSTED_ZONE,TERMINAL,HIGH,STRONG,FAIL,FAIL,True,4,2,1,0,17.866266,-0.673589,24241.300612,8759.281897,BREAKDOWN,7079.671821,19.582807
CASE_01502,RECOVERED_ZONE,STRENGTHENING,HIGH,STRONG,HOLD,HOLD,True,3,0,0,3,106.217742,3.556724,25501.660594,9530.062555,GROWTH,9090.642457,109.0
CASE_01505,FATIGUE_ZONE,STRENGTHENING,HIGH,STRONG,HOLD,HOLD,True,4,0,0,4,72.02503,2.778599,10795.172887,3653.016647,GROWTH,2164.663448,79.0
CASE_01509,FATIGUE_ZONE,STRENGTHENING,HIGH,STRONG,HOLD,HOLD,True,5,0,0,5,64.345822,2.10849,13165.090282,3599.817265,GROWTH,3976.426681,79.0
CASE_01511,FATIGUE_ZONE,STRENGTHENING,HIGH,STRONG,HOLD,HOLD,True,4,0,0,4,75.176991,5.743158,19474.720072,8416.823236,GROWTH,2863.842895,79.0
CASE_01516,EXHAUSTED_ZONE,DEGRADING,MEDIUM,MODERATE,FAIL,FAIL,True,2,0,2,0,15.195023,-3.422176,21344.775748,11291.801134,BREAKDOWN,8542.589938,13.750217
CASE_01517,FATIGUE_ZONE,STRENGTHENING,HIGH,STRONG,HOLD,HOLD,True,3,0,0,3,73.991304,7.238022,24958.613038,8944.03581,GROWTH,4440.213896,79.0
CASE_01518,EXHAUSTED_ZONE,DEGRADING,HIGH,STRONG,FAIL,FAIL,True,3,0,3,0,18.942902,-0.771508,25631.776101,10440.406511,BREAKDOWN,8943.99804,14.011256
CASE_01521,FATIGUE_ZONE,STRENGTHENING,HIGH,STRONG,HOLD,HOLD,True,4,0,0,4,72.821782,3.861887,21018.005515,7266.57761,GROWTH,6864.186344,77.134755
CASE_01539,EXHAUSTED_ZONE,TERMINAL,MEDIUM,MODERATE,FAIL,FAIL,True,2,1,1,0,14.904027,-1.329786,16546.144211,9275.441178,BREAKDOWN,2641.307937,15.069076
CASE_01551,FATIGUE_ZONE,STRENGTHENING,MEDIUM,MODERATE,HOLD,HOLD,True,2,0,0,2,68.658736,8.011677,13897.523465,7478.772908,GROWTH,6569.793674,79.0
CASE_01565,FATIGUE_ZONE,STRENGTHENING,HIGH,STRONG,HOLD,HOLD,True,3,0,0,3,71.633663,5.830869,10054.420748,4806.959092,GROWTH,3234.660849,79.0
CASE_01577,EXHAUSTED_ZONE,DEGRADING,MEDIUM,MODERATE,FAIL,FAIL,True,2,0,2,0,15.736314,-3.792444,9118.841487,4597.861895,BREAKDOWN,4693.231245,15.582906
CASE_01579,EXHAUSTED_ZONE,DEGRADING,MEDIUM,MODERATE,FAIL,FAIL,True,2,0,2,0,19.447601,-0.597941,9677.899918,5040.260565,BREAKDOWN,5728.974173,18.448773
CASE_01590,EXHAUSTED_ZONE,TERMINAL,HIGH,STRONG,FAIL,FAIL,True,4,4,0,0,12.519023,-1.907425,18666.147796,6084.543096,BREAKDOWN,4289.508138,14.217347
CASE_01592,EXHAUSTED_ZONE,TERMINAL,HIGH,STRONG,FAIL,FAIL,True,5,1,3,0,17.982093,-0.470286,21603.586969,5863.667647,BREAKDOWN,5693.369866,10.677735
CASE_01594,FATIGUE_ZONE,STRENGTHENING,MEDIUM,MODERATE,HOLD,HOLD,True,2,0,0,2,69.444956,5.985907,7872.512626,4016.547622,GROWTH,2585.76128,79.0
CASE_01601,FATIGUE_ZONE,STRENGTHENING,HIGH,STRONG,HOLD,HOLD,True,3,0,0,3,71.615385,6.059246,7090.761156,2504.414328,GROWTH,2372.673469,77.908426
CASE_01611,FATIGUE_ZONE,STRENGTHENING,HIGH,STRONG,HOLD,HOLD,True,4,0,0,4,74.009901,5.167062,16425.799947,6515.504396,GROWTH,3838.317028,79.0
CASE_01622,FATIGUE_ZONE,STRENGTHENING,HIGH,STRONG,HOLD,HOLD,True,4,0,0,4,75.240377,4.505063,27317.613133,7261.97656,GROWTH,5145.61313,79.0
CASE_01623,EXHAUSTED_ZONE,TERMINAL,HIGH,STRONG,FAIL,FAIL,True,5,3,2,0,14.722312,-1.365727,43914.153981,9934.227278,BREAKDOWN,1340.247205,19.50034
CASE_01624,FATIGUE_ZONE,STRENGTHENING,HIGH,STRONG,HOLD,HOLD,True,5,0,0,5,75.626851,4.418858,34155.527961,7963.498387,GROWTH,2134.606633,79.0
CASE_01626,FATIGUE_ZONE,STRENGTHENING,HIGH,STRONG,HOLD,HOLD,True,4,0,0,4,70.20959,4.077642,12168.299565,3696.216439,GROWTH,2781.043026,78.242915
CASE_01629,EXHAUSTED_ZONE,TERMINAL,HIGH,STRONG,FAIL,FAIL,True,4,1,3,0,17.405447,-1.103997,22195.46803,7354.288594,BREAKDOWN,2159.940885,20.30387
CASE_01634,EXHAUSTED_ZONE,TERMINAL,HIGH,STRONG,FAIL,FAIL,True,3,1,1,0,16.224743,-1.77541,13991.648411,6370.240284,BREAKDOWN,5965.380448,18.259049
CASE_01635,EXHAUSTED_ZONE,DEGRADING,MEDIUM,MODERATE,FAIL,FAIL,True,2,0,2,0,17.82767,-1.474277,12200.110639,6941.969439,BREAKDOWN,4710.551395,17.531816
CASE_01637,FATIGUE_ZONE,STRENGTHENING,MEDIUM,MODERATE,HOLD,HOLD,True,2,0,0,2,65.342106,7.803644,9782.517495,6803.682354,GROWTH,6386.51827,79.0
CASE_01639,EXHAUSTED_ZONE,TERMINAL,HIGH,STRONG,FAIL,FAIL,True,5,1,4,0,14.422483,-1.399925,33608.614172,8274.701002,BREAKDOWN,3169.10168,8.499103
CASE_01640,FATIGUE_ZONE,STRENGTHENING,HIGH,STRONG,HOLD,HOLD,True,5,0,0,5,73.923132,4.20816,14292.788806,4042.777747,GROWTH,2122.964951,79.0
CASE_01643,FATIGUE_ZONE,STRENGTHENING,HIGH,STRONG,HOLD,HOLD,True,5,0,0,5,75.970874,4.657624,12348.580164,3875.424249,GROWTH,1931.138212,79.0
CASE_01646,EXHAUSTED_ZONE,TERMINAL,HIGH,STRONG,FAIL,FAIL,True,5,2,2,0,14.707191,-1.193005,20450.187398,5626.051896,BREAKDOWN,5707.163923,12.118227
CASE_01697,FATIGUE_ZONE,STRENGTHENING,MEDIUM,MODERATE,HOLD,HOLD,True,2,0,0,2,75.227023,15.966539,6183.951297,3174.085073,GROWTH,612.193536,79.0
CASE_01703,FATIGUE_ZONE,STRENGTHENING,MEDIUM,MODERATE,HOLD,HOLD,True,2,0,0,2,70.058824,4.941177,4229.27792,2218.385287,GROWTH,2257.286156,75.200607
CASE_01717,FATIGUE_ZONE,STRENGTHENING,MEDIUM,MODERATE,HOLD,HOLD,True,2,0,0,2,70.442989,13.304375,4493.747853,4072.097544,GROWTH,3802.51674,77.947478
CASE_01734,FATIGUE_ZONE,STRENGTHENING,HIGH,STRONG,HOLD,HOLD,True,4,0,0,4,70.039191,2.574916,11496.13718,3528.96336,GROWTH,3642.83331,79.0
CASE_01735,EXHAUSTED_ZONE,TERMINAL,HIGH,STRONG,FAIL,FAIL,True,5,1,3,0,15.780022,-0.955765,18560.075242,5530.833158,BREAKDOWN,5951.685145,16.208618
CASE_01741,EXHAUSTED_ZONE,TERMINAL,HIGH,STRONG,FAIL,FAIL,True,4,1,2,0,19.584366,0.476569,18147.362521,5591.417627,BREAKDOWN,537.041098,18.095104
CASE_01745,FATIGUE_ZONE,STRENGTHENING,MEDIUM,MODERATE,HOLD,HOLD,True,2,0,0,2,75.271845,16.776699,7362.153021,4011.980508,GROWTH,2045.272102,74.597538
CASE_01746,EXHAUSTED_ZONE,TERMINAL,MEDIUM,MODERATE,FAIL,FAIL,True,2,1,1,0,18.821224,-2.001071,10026.605752,5463.964969,BREAKDOWN,2785.480833,17.434851
CASE_01747,EXHAUSTED_ZONE,TERMINAL,HIGH,STRONG,FAIL,FAIL,True,3,3,0,0,19.010414,0.015351,8513.730773,5377.793323,BREAKDOWN,4517.018482,12.758403
CASE_01778,EXHAUSTED_ZONE,TERMINAL,MEDIUM,MODERATE,FAIL,FAIL,True,2,1,1,0,14.163574,-5.798424,13114.583242,7552.169924,BREAKDOWN,4476.691897,16.297476
CASE_01779,RECOVERED_ZONE,STRENGTHENING,MEDIUM,MODERATE,HOLD,HOLD,True,2,0,0,2,107.368932,3.029126,16326.438741,10282.38062,GROWTH,4571.189654,109.0
CASE_01781,FATIGUE_ZONE,STRENGTHENING,HIGH,STRONG,HOLD,HOLD,True,3,0,0,3,70.35402,1.37998,12553.047973,4621.240609,GROWTH,3095.517864,79.0
CASE_01784,FATIGUE_ZONE,STRENGTHENING,MEDIUM,MODERATE,HOLD,HOLD,True,2,0,0,2,64.156364,5.925595,4329.365017,2928.184679,GROWTH,3149.868358,79.0
CASE_01786,FATIGUE_ZONE,STRENGTHENING,MEDIUM,MODERATE,HOLD,HOLD,True,2,0,0,2,74.11126,19.11126,4972.625377,2704.626094,GROWTH,2818.4905,77.24303
CASE_01787,EXHAUSTED_ZONE,TERMINAL,HIGH,STRONG,FAIL,FAIL,True,3,1,2,0,13.063157,-3.20285,15419.077725,5331.804976,BREAKDOWN,4720.990482,15.090076
CASE_01795,FATIGUE_ZONE,STRENGTHENING,HIGH,STRONG,HOLD,HOLD,True,3,0,0,3,70.272727,2.255005,5085.046375,2761.949856,GROWTH,2527.666565,76.381818
CASE_01805,EXHAUSTED_ZONE,TERMINAL,HIGH,STRONG,FAIL,FAIL,True,4,2,2,0,17.535483,-1.283033,12741.374558,3936.211464,BREAKDOWN,837.042571,17.84835
CASE_01809,EXHAUSTED_ZONE,TERMINAL,HIGH,STRONG,FAIL,FAIL,True,4,3,1,0,16.466447,-0.849136,14376.280447,4609.939233,BREAKDOWN,3547.689363,14.071895
CASE_01822,FATIGUE_ZONE,STRENGTHENING,HIGH,STRONG,HOLD,HOLD,True,3,0,0,3,62.294118,2.470588,3573.642445,1391.942379,GROWTH,2812.726007,78.305562
CASE_01825,EXHAUSTED_ZONE,TERMINAL,HIGH,STRONG,FAIL,FAIL,True,3,2,1,0,15.594474,-2.287191,10539.782135,4285.764567,BREAKDOWN,4118.83042,14.97041
CASE_01866,FATIGUE_ZONE,STRENGTHENING,HIGH,STRONG,HOLD,HOLD,True,3,0,0,3,57.836364,0.981818,2808.792317,1314.533061,GROWTH,4711.265939,79.0
CASE_01867,EXHAUSTED_ZONE,TERMINAL,MEDIUM,MODERATE,FAIL,FAIL,True,2,1,1,0,14.888568,-3.71639,14931.810529,8422.521435,BREAKDOWN,6283.683017,13.675752
CASE_01896,FATIGUE_ZONE,STRENGTHENING,HIGH,STRONG,HOLD,HOLD,True,3,0,0,3,76.647059,3.17647,7743.002257,4044.505428,GROWTH,2311.266959,78.791014
CASE_01901,FATIGUE_ZONE,STRENGTHENING,MEDIUM,MODERATE,HOLD,HOLD,True,2,0,0,2,58.885714,2.514285,3121.985247,1872.58809,GROWTH,3100.684949,79.0
CASE_01902,FATIGUE_ZONE,STRENGTHENING,HIGH,STRONG,HOLD,HOLD,True,3,0,0,3,68.260843,5.893579,7839.194693,3209.246084,GROWTH,2951.213188,79.0
CASE_01906,FATIGUE_ZONE,STRENGTHENING,HIGH,STRONG,HOLD,HOLD,True,3,0,0,3,69.142857,3.535714,9019.40498,3111.991555,GROWTH,2249.254016,79.0
CASE_01924,EXHAUSTED_ZONE,TERMINAL,HIGH,STRONG,FAIL,FAIL,True,4,2,1,0,18.294835,-1.126489,17281.840185,6423.713262,BREAKDOWN,2879.017656,16.907664
CASE_01925,EXHAUSTED_ZONE,TERMINAL,HIGH,STRONG,FAIL,FAIL,True,3,2,1,0,17.709781,-1.067724,14118.318374,6476.548204,BREAKDOWN,3181.481892,18.144023
CASE_01927,EXHAUSTED_ZONE,TERMINAL,HIGH,STRONG,FAIL,FAIL,True,3,2,1,0,17.752518,-0.06244,23316.601723,8153.720029,BREAKDOWN,936.602644,17.213859
CASE_01932,FATIGUE_ZONE,STRENGTHENING,MEDIUM,MODERATE,HOLD,HOLD,True,2,0,0,2,76.669903,3.029126,9275.39163,5053.17943,GROWTH,2301.23916,79.0
CASE_01943,FATIGUE_ZONE,STRENGTHENING,HIGH,STRONG,HOLD,HOLD,True,3,0,0,3,72.845449,7.746254,6842.729634,3931.457956,GROWTH,2892.930403,78.806086
CASE_01945,RECOVERED_ZONE,STRENGTHENING,MEDIUM,MODERATE,HOLD,HOLD,True,2,0,0,2,99.354715,12.024618,12753.93967,9913.666997,GROWTH,10298.775309,107.104843
CASE_01947,FATIGUE_ZONE,STRENGTHENING,HIGH,STRONG,HOLD,HOLD,True,3,0,0,3,71.633663,8.198019,5681.123766,3711.065218,GROWTH,4216.331484,79.0
CASE_01948,FATIGUE_ZONE,STRENGTHENING,MEDIUM,MODERATE,HOLD,HOLD,True,2,0,0,2,71.0,3.764706,5335.537288,3732.972039,GROWTH,4241.22099,79.0
CASE_01950,FATIGUE_ZONE,STRENGTHENING,HIGH,STRONG,HOLD,HOLD,True,4,0,0,4,75.970874,6.251223,14648.197119,5730.000376,GROWTH,1167.490683,79.0
CASE_01952,ELASTIC_ZONE,STRENGTHENING,HIGH,STRONG,HOLD,HOLD,True,4,0,0,4,73.588235,5.073058,12804.544313,3997.92498,GROWTH,3356.903591,79.0
CASE_01966,EXHAUSTED_ZONE,TERMINAL,MEDIUM,MODERATE,FAIL,FAIL,True,2,1,1,0,14.74913,-4.714077,12068.502724,6526.875604,BREAKDOWN,6905.1537,15.080314
CASE_01967,EXHAUSTED_ZONE,TERMINAL,HIGH,STRONG,FAIL,FAIL,True,3,1,2,0,15.885284,-2.056902,15359.922423,5728.195005,BREAKDOWN,6800.369632,17.537066
CASE_01976,FATIGUE_ZONE,STRENGTHENING,MEDIUM,MODERATE,HOLD,HOLD,True,2,0,0,2,64.93326,9.089843,8077.4139,4201.218553,GROWTH,4312.095406,79.0
CASE_02008,EXHAUSTED_ZONE,DEGRADING,HIGH,STRONG,FAIL,FAIL,True,3,0,3,0,16.736233,-1.671246,15898.293794,5993.352697,BREAKDOWN,6613.716704,18.07086
CASE_02011,RECOVERED_ZONE,STRENGTHENING,HIGH,STRONG,HOLD,HOLD,True,5,0,0,5,112.910891,5.390435,48071.085635,11034.02608,GROWTH,2664.297063,116.0
CASE_02036,FATIGUE_ZONE,STRENGTHENING,HIGH,STRONG,HOLD,HOLD,True,3,0,0,3,68.287905,5.547727,8233.665275,3574.447837,GROWTH,3638.786461,79.0
CASE_02038,FATIGUE_ZONE,STRENGTHENING,MEDIUM,MODERATE,HOLD,HOLD,True,2,0,0,2,64.646559,1.307576,5976.381773,4381.702926,GROWTH,4253.717346,79.0
CASE_02056,EXHAUSTED_ZONE,DEGRADING,MEDIUM,MODERATE,FAIL,FAIL,True,2,0,2,0,17.161038,-1.931779,8215.202813,4148.182258,BREAKDOWN,4682.335094,11.534648
CASE_02066,EXHAUSTED_ZONE,TERMINAL,HIGH,STRONG,FAIL,FAIL,True,3,1,2,0,13.869829,-3.077607,9104.804561,3161.433164,BREAKDOWN,3220.866203,19.968771
CASE_02079,ELASTIC_ZONE,STRENGTHENING,MEDIUM,MODERATE,HOLD,HOLD,True,2,0,0,2,68.306931,4.752476,7691.461605,3882.663725,GROWTH,4752.022498,78.400488
CASE_02088,FATIGUE_ZONE,STRENGTHENING,HIGH,STRONG,HOLD,HOLD,True,5,0,0,5,71.809541,4.099584,13775.753063,3812.245889,GROWTH,1176.325571,79.0
CASE_02089,EXHAUSTED_ZONE,DEGRADING,HIGH,STRONG,FAIL,FAIL,True,6,0,5,0,13.401958,-1.523883,32607.340116,8354.743265,BREAKDOWN,4798.520872,16.822673
CASE_02090,FATIGUE_ZONE,STRENGTHENING,HIGH,STRONG,HOLD,HOLD,True,4,0,0,4,69.076917,4.767247,19807.92394,6707.010518,GROWTH,4926.662153,79.0
CASE_02093,EXHAUSTED_ZONE,TERMINAL,HIGH,STRONG,FAIL,FAIL,True,5,1,3,0,13.476724,-1.59326,39343.676265,11139.596361,BREAKDOWN,9610.977657,10.179661
CASE_02094,FATIGUE_ZONE,STRENGTHENING,HIGH,STRONG,HOLD,HOLD,True,4,0,0,4,74.995463,5.667572,19669.029722,5459.177871,GROWTH,4975.49566,78.774671
CASE_02097,RECOVERED_ZONE,STRENGTHENING,HIGH,STRONG,HOLD,HOLD,True,6,0,0,6,104.722772,3.453444,56352.76255,11938.851586,GROWTH,11189.436852,109.0
CASE_02114,FATIGUE_ZONE,STRENGTHENING,HIGH,STRONG,HOLD,HOLD,True,3,0,0,3,72.397794,2.962829,11222.515928,4165.875471,GROWTH,2423.690507,79.0
CASE_02118,EXHAUSTED_ZONE,DEGRADING,MEDIUM,MODERATE,FAIL,FAIL,True,2,0,2,0,18.205845,-1.532774,14361.109587,7909.785991,BREAKDOWN,8142.532576,19.569171
CASE_02120,FATIGUE_ZONE,STRENGTHENING,MEDIUM,MODERATE,HOLD,HOLD,True,2,0,0,2,66.657143,6.171429,7346.501446,3968.536836,GROWTH,4085.311712,79.0
CASE_02122,FATIGUE_ZONE,STRENGTHENING,HIGH,STRONG,HOLD,HOLD,True,4,0,0,4,76.882353,7.435294,13039.68763,4696.536648,GROWTH,768.954462,79.0
CASE_02124,EXHAUSTED_ZONE,TERMINAL,HIGH,STRONG,FAIL,FAIL,True,4,2,2,0,19.181772,-0.661227,32419.855232,12529.330543,BREAKDOWN,1510.008722,18.467357
CASE_02125,FATIGUE_ZONE,STRENGTHENING,HIGH,STRONG,HOLD,HOLD,True,3,0,0,3,75.910891,6.415841,14438.322709,6523.259375,GROWTH,1205.902073,79.0
CASE_02127,EXHAUSTED_ZONE,DEGRADING,HIGH,STRONG,FAIL,FAIL,True,3,0,2,0,18.770152,-0.561106,29527.213389,13287.974115,BREAKDOWN,2995.461414,15.390984
CASE_02130,EXHAUSTED_ZONE,TERMINAL,HIGH,STRONG,FAIL,FAIL,True,4,2,1,0,15.759848,-0.678105,31789.977999,9132.6202,BREAKDOWN,9995.383344,11.354109
CASE_02134,EXHAUSTED_ZONE,TERMINAL,HIGH,STRONG,FAIL,FAIL,True,3,1,1,0,18.041903,-1.379049,14731.460691,5539.890783,BREAKDOWN,5707.221466,18.961049
CASE_02177,FATIGUE_ZONE,STRENGTHENING,MEDIUM,MODERATE,HOLD,HOLD,True,2,0,0,2,65.18066,6.105188,8345.416904,5581.467058,GROWTH,4168.803073,79.0
CASE_02182,FATIGUE_ZONE,STRENGTHENING,MEDIUM,MODERATE,HOLD,HOLD,True,2,0,0,2,72.081081,13.91995,10827.671656,7161.963948,GROWTH,2071.075982,79.0
CASE_02186,FATIGUE_ZONE,STRENGTHENING,MEDIUM,MODERATE,HOLD,HOLD,True,2,0,0,2,69.66095,13.484479,8713.639192,5781.654155,GROWTH,5425.809607,79.0
CASE_02248,EXHAUSTED_ZONE,TERMINAL,MEDIUM,MODERATE,FAIL,FAIL,True,2,2,0,0,13.349075,-0.266496,5292.009309,3257.180685,BREAKDOWN,3725.921258,16.521805
CASE_02282,ELASTIC_ZONE,STRENGTHENING,HIGH,STRONG,HOLD,HOLD,True,4,0,0,4,70.179796,2.551639,13193.192228,3604.266874,GROWTH,3473.263176,79.0
CASE_02283,EXHAUSTED_ZONE,TERMINAL,HIGH,STRONG,FAIL,FAIL,True,3,1,2,0,12.103029,-3.465623,14856.007042,5669.866645,BREAKDOWN,852.565004,15.615834
CASE_02327,FATIGUE_ZONE,STRENGTHENING,HIGH,STRONG,HOLD,HOLD,True,3,0,0,3,74.775383,4.303533,8406.853576,2891.577088,GROWTH,2588.071234,79.0
CASE_02331,FATIGUE_ZONE,STRENGTHENING,HIGH,STRONG,HOLD,HOLD,True,4,0,0,4,72.253931,5.218202,9485.910666,2936.287292,GROWTH,2007.910094,79.0
CASE_02336,RECOVERED_ZONE,STRENGTHENING,HIGH,STRONG,HOLD,HOLD,True,5,0,0,5,103.783954,4.551688,20617.200722,4953.620038,GROWTH,5422.064469,98.92
CASE_02337,FATIGUE_ZONE,STRENGTHENING,HIGH,STRONG,HOLD,HOLD,True,4,0,0,4,72.767129,5.057983,6757.226301,1808.71839,GROWTH,1988.208796,77.910385
CASE_02360,FATIGUE_ZONE,STRENGTHENING,MEDIUM,MODERATE,HOLD,HOLD,True,2,0,0,2,72.685137,16.511195,4248.725345,2335.143141,GROWTH,2223.294312,79.0
CASE_02377,FATIGUE_ZONE,STRENGTHENING,MEDIUM,MODERATE,HOLD,HOLD,True,2,0,0,2,68.556697,9.517093,6698.541146,4598.209671,GROWTH,4405.207297,79.0
CASE_02380,FATIGUE_ZONE,STRENGTHENING,HIGH,STRONG,HOLD,HOLD,True,4,0,0,4,62.92233,2.479076,5814.223194,2790.322699,GROWTH,2650.568447,79.0
CASE_02390,EXHAUSTED_ZONE,TERMINAL,MEDIUM,MODERATE,FAIL,FAIL,True,2,1,1,0,16.109386,-3.392046,8699.014132,4469.217815,BREAKDOWN,4635.864427,8.807218
CASE_02397,EXHAUSTED_ZONE,TERMINAL,MEDIUM,MODERATE,FAIL,FAIL,True,2,1,1,0,17.944656,-0.529855,6083.0154,3789.092337,BREAKDOWN,4386.308903,19.359631
CASE_02406,EXHAUSTED_ZONE,TERMINAL,HIGH,STRONG,FAIL,FAIL,True,3,1,2,0,16.424073,-2.221023,9514.624815,3225.457486,BREAKDOWN,3371.682743,19.870476
CASE_02411,FATIGUE_ZONE,STRENGTHENING,MEDIUM,MODERATE,HOLD,HOLD,True,2,0,0,2,76.148515,6.920998,3460.395036,2692.997329,GROWTH,1028.724847,79.0
CASE_02415,FATIGUE_ZONE,STRENGTHENING,HIGH,STRONG,HOLD,HOLD,True,5,0,0,5,69.007262,2.388496,7874.795713,1921.44821,GROWTH,1708.824969,79.0
CASE_02417,FATIGUE_ZONE,STRENGTHENING,HIGH,STRONG,HOLD,HOLD,True,5,0,0,5,71.977006,3.533023,14280.356036,3523.96827,GROWTH,1135.58367,79.0
CASE_02421,EXHAUSTED_ZONE,TERMINAL,HIGH,STRONG,FAIL,FAIL,True,4,3,1,0,20.891436,0.189888,15981.496486,4731.749914,BREAKDOWN,312.486221,19.972044
CASE_02422,FATIGUE_ZONE,STRENGTHENING,HIGH,STRONG,HOLD,HOLD,True,4,0,0,4,67.260299,2.465522,13639.951928,3952.473235,GROWTH,3700.629218,79.0
CASE_02425,FATIGUE_ZONE,STRENGTHENING,HIGH,STRONG,HOLD,HOLD,True,4,0,0,4,76.386139,6.819802,8744.06769,3196.339432,GROWTH,1188.103274,79.0
CASE_02427,EXHAUSTED_ZONE,DEGRADING,HIGH,STRONG,FAIL,FAIL,True,4,0,4,0,15.318731,-1.511023,10205.523355,2874.558204,BREAKDOWN,2802.20778,14.78758
CASE_02428,EXHAUSTED_ZONE,DEGRADING,HIGH,STRONG,FAIL,FAIL,True,5,0,4,0,17.996911,-0.58542,19862.626948,4580.830788,BREAKDOWN,1593.378425,13.717969
CASE_02430,EXHAUSTED_ZONE,DEGRADING,HIGH,STRONG,FAIL,FAIL,True,7,0,4,0,17.167314,-0.873942,26787.822156,4620.735296,BREAKDOWN,4129.91824,18.700789
CASE_02431,FATIGUE_ZONE,STRENGTHENING,HIGH,STRONG,HOLD,HOLD,True,4,0,0,4,70.764706,4.233026,12723.234496,3998.674668,GROWTH,3960.669182,79.0
CASE_02432,FATIGUE_ZONE,STRENGTHENING,HIGH,STRONG,HOLD,HOLD,True,4,0,0,4,69.117647,4.228143,10115.924301,3091.179882,GROWTH,3189.007576,79.0
CASE_02438,FATIGUE_ZONE,STRENGTHENING,MEDIUM,MODERATE,HOLD,HOLD,True,2,0,0,2,73.448447,16.309833,5791.66762,2916.18712,GROWTH,2969.350694,79.0
CASE_02443,FATIGUE_ZONE,STRENGTHENING,HIGH,STRONG,HOLD,HOLD,True,4,0,0,4,66.216619,3.071663,9912.511404,3356.956814,GROWTH,3833.55558,77.651251
CASE_02445,FATIGUE_ZONE,STRENGTHENING,HIGH,STRONG,HOLD,HOLD,True,5,0,0,5,77.574257,5.84624,10546.38098,2311.476396,GROWTH,296.085531,79.0
CASE_02446,EXHAUSTED_ZONE,TERMINAL,HIGH,STRONG,FAIL,FAIL,True,4,1,2,0,17.307154,-0.187942,15197.99617,4691.192245,BREAKDOWN,3147.655883,18.151957
CASE_02448,EXHAUSTED_ZONE,TERMINAL,HIGH,STRONG,FAIL,FAIL,True,4,3,1,0,14.717584,-1.352305,19568.633886,5536.220219,BREAKDOWN,2626.751033,18.602303
CASE_02459,FATIGUE_ZONE,STRENGTHENING,HIGH,STRONG,HOLD,HOLD,True,4,0,0,4,75.271845,6.274925,17934.473,8819.979321,GROWTH,2059.849206,79.0
CASE_02464,EXHAUSTED_ZONE,DEGRADING,HIGH,STRONG,FAIL,FAIL,True,3,0,3,0,15.613494,-1.874185,22075.558131,8710.460767,BREAKDOWN,8334.807297,15.826788
CASE_02495,FATIGUE_ZONE,STRENGTHENING,HIGH,STRONG,HOLD,HOLD,True,3,0,0,3,77.336634,7.291067,4371.211918,1578.781478,GROWTH,494.67821,79.0
CASE_02496,FATIGUE_ZONE,STRENGTHENING,HIGH,STRONG,HOLD,HOLD,True,3,0,0,3,75.970874,8.854369,7793.272095,3094.158487,GROWTH,553.723036,79.0
CASE_02497,FATIGUE_ZONE,STRENGTHENING,HIGH,STRONG,HOLD,HOLD,True,4,0,0,4,69.803163,4.709006,11126.654935,3393.917613,GROWTH,1621.976821,79.0
CASE_02504,EXHAUSTED_ZONE,TERMINAL,HIGH,STRONG,FAIL,FAIL,True,3,1,2,0,15.847436,-2.245717,10165.996308,4320.470655,BREAKDOWN,228.624245,18.843177
CASE_02509,FATIGUE_ZONE,STRENGTHENING,MEDIUM,MODERATE,HOLD,HOLD,True,2,0,0,2,66.883495,10.718446,5031.155505,4226.766449,GROWTH,3873.516819,79.0
CASE_02530,EXHAUSTED_ZONE,DEGRADING,HIGH,STRONG,FAIL,FAIL,True,3,0,2,0,18.466872,-1.166564,8266.900384,3470.584914,BREAKDOWN,4185.442438,17.411896
CASE_02533,EXHAUSTED_ZONE,TERMINAL,MEDIUM,MODERATE,FAIL,FAIL,True,2,2,0,0,22.460098,3.310257,6485.56323,3325.671376,BREAKDOWN,1089.310781,29.549654
CASE_02544,FATIGUE_ZONE,STRENGTHENING,MEDIUM,MODERATE,HOLD,HOLD,True,2,0,0,2,61.4,4.342857,3926.470585,2114.502294,GROWTH,2252.099758,79.0
CASE_02545,EXHAUSTED_ZONE,TERMINAL,HIGH,STRONG,FAIL,FAIL,True,3,2,1,0,15.954378,-2.271671,8326.091052,4066.824245,BREAKDOWN,1827.798299,12.800195
CASE_02546,EXHAUSTED_ZONE,TERMINAL,MEDIUM,MODERATE,FAIL,FAIL,True,2,1,0,0,16.515165,-4.246652,5656.175409,4149.64761,BREAKDOWN,2757.130667,13.117296
CASE_02549,FATIGUE_ZONE,STRENGTHENING,HIGH,STRONG,HOLD,HOLD,True,6,0,0,6,71.0,2.659027,16391.175188,3484.698929,GROWTH,458.38599,79.0
CASE_02551,EXHAUSTED_ZONE,TERMINAL,HIGH,STRONG,FAIL,FAIL,True,5,2,3,0,17.792013,-0.973263,27155.246347,7080.718914,BREAKDOWN,270.54311,20.091867
CASE_02552,EXHAUSTED_ZONE,TERMINAL,HIGH,STRONG,FAIL,FAIL,True,7,4,2,0,16.713039,-0.628564,26449.386209,7170.851063,BREAKDOWN,1183.554055,18.4077
CASE_02556,RECOVERED_ZONE,STRENGTHENING,HIGH,STRONG,HOLD,HOLD,True,4,0,0,4,99.679612,2.935922,13189.609488,4323.918708,GROWTH,5261.193609,108.476449
CASE_02561,FATIGUE_ZONE,STRENGTHENING,HIGH,STRONG,HOLD,HOLD,True,4,0,0,4,75.738713,4.098302,6241.516571,1780.168849,GROWTH,1659.664598,72.240038
CASE_02563,EXHAUSTED_ZONE,TERMINAL,HIGH,STRONG,FAIL,FAIL,True,4,3,1,0,13.418197,-2.290945,10115.611961,2833.040723,BREAKDOWN,2893.375877,16.677406
CASE_02565,EXHAUSTED_ZONE,TERMINAL,HIGH,STRONG,FAIL,FAIL,True,4,3,1,0,14.349395,-2.070247,10207.564706,2882.282484,BREAKDOWN,2883.768129,19.993448
CASE_02583,FATIGUE_ZONE,STRENGTHENING,HIGH,STRONG,HOLD,HOLD,True,4,0,0,4,70.164622,1.904347,8614.810923,2624.731726,GROWTH,2499.203039,79.0
CASE_02584,FATIGUE_ZONE,STRENGTHENING,HIGH,STRONG,HOLD,HOLD,True,3,0,0,3,69.395747,3.131419,7339.718743,2896.44886,GROWTH,2778.542991,79.0
CASE_02598,FATIGUE_ZONE,STRENGTHENING,MEDIUM,MODERATE,HOLD,HOLD,True,2,0,0,2,69.505176,8.814952,8765.537799,4409.071384,GROWTH,3651.303631,79.0
CASE_02602,FATIGUE_ZONE,STRENGTHENING,HIGH,STRONG,HOLD,HOLD,True,3,0,0,3,67.470588,5.780651,8400.280603,3394.583004,GROWTH,4708.086555,69.104311
CASE_02603,EXHAUSTED_ZONE,TERMINAL,HIGH,STRONG,FAIL,FAIL,True,5,1,2,0,16.698782,-1.03811,18521.773558,6267.20406,BREAKDOWN,6364.574802,15.073857
CASE_02610,EXHAUSTED_ZONE,TERMINAL,HIGH,STRONG,FAIL,FAIL,True,5,3,2,0,15.471661,-1.452989,20837.360539,5137.362846,BREAKDOWN,5734.156836,10.250062
CASE_02617,EXHAUSTED_ZONE,TERMINAL,HIGH,STRONG,FAIL,FAIL,True,3,1,2,0,16.048795,-1.397153,15671.510638,5450.419355,BREAKDOWN,5531.024702,19.144636
CASE_02625,FATIGUE_ZONE,STRENGTHENING,HIGH,STRONG,HOLD,HOLD,True,7,0,0,7,76.473684,2.825891,21704.985587,4384.242842,GROWTH,159.568537,78.927223
CASE_02639,FATIGUE_ZONE,STRENGTHENING,MEDIUM,MODERATE,HOLD,HOLD,True,2,0,0,2,70.720426,5.247631,4882.000922,2452.086672,GROWTH,2283.451305,79.0
CASE_02646,FATIGUE_ZONE,STRENGTHENING,HIGH,STRONG,HOLD,HOLD,True,4,0,0,4,77.188679,6.938452,10554.940543,3650.890242,GROWTH,1859.659985,79.0
CASE_02648,FATIGUE_ZONE,STRENGTHENING,HIGH,STRONG,HOLD,HOLD,True,3,0,0,3,73.772277,9.029703,5886.541883,2851.741199,GROWTH,2766.831405,76.451052
CASE_02652,EXHAUSTED_ZONE,DEGRADING,MEDIUM,MODERATE,FAIL,FAIL,True,2,0,2,0,17.213756,-2.020093,7563.028255,3976.045469,BREAKDOWN,3603.195811,19.332513
CASE_02666,FATIGUE_ZONE,STRENGTHENING,HIGH,STRONG,HOLD,HOLD,True,3,0,0,3,70.204955,5.525789,5307.46724,2289.424828,GROWTH,2146.244614,79.0
CASE_02672,EXHAUSTED_ZONE,TERMINAL,MEDIUM,MODERATE,FAIL,FAIL,True,2,1,1,0,17.821941,-1.348926,11675.67845,5947.310895,BREAKDOWN,3177.616088,19.04361
CASE_02685,EXHAUSTED_ZONE,TERMINAL,HIGH,STRONG,FAIL,FAIL,True,6,1,5,0,16.969257,-0.809094,22840.211932,4629.559657,BREAKDOWN,2227.248811,14.947886
CASE_02690,EXHAUSTED_ZONE,TERMINAL,HIGH,STRONG,FAIL,FAIL,True,4,2,1,0,16.566938,-1.42563,9668.094664,4029.838155,BREAKDOWN,3337.813385,12.197038
CASE_02714,EXHAUSTED_ZONE,TERMINAL,HIGH,STRONG,FAIL,FAIL,True,4,2,2,0,18.483258,-1.308145,11861.071816,3827.582148,BREAKDOWN,796.273224,17.476636
CASE_02715,FATIGUE_ZONE,STRENGTHENING,HIGH,STRONG,HOLD,HOLD,True,6,0,0,6,74.924528,3.683784,13418.726576,3240.168443,GROWTH,926.612598,79.0
CASE_02716,FATIGUE_ZONE,STRENGTHENING,HIGH,STRONG,HOLD,HOLD,True,7,0,0,7,76.818182,3.628963,12123.934001,2842.637927,GROWTH,93.362155,79.0
CASE_02737,EXHAUSTED_ZONE,TERMINAL,HIGH,STRONG,FAIL,FAIL,True,5,3,2,0,13.684911,-1.010252,14166.260733,4259.977996,BREAKDOWN,3710.635734,17.307853
CASE_02739,EXHAUSTED_ZONE,TERMINAL,HIGH,STRONG,FAIL,FAIL,True,3,2,1,0,15.330402,-2.038479,10355.341445,3673.913812,BREAKDOWN,2681.868665,15.3232
CASE_02790,EXHAUSTED_ZONE,DEGRADING,HIGH,STRONG,FAIL,FAIL,True,3,0,2,0,19.435364,-0.593752,12581.110214,5816.898441,BREAKDOWN,5656.710476,16.357931
CASE_02818,EXHAUSTED_ZONE,DEGRADING,HIGH,STRONG,FAIL,FAIL,True,5,0,4,0,18.249714,-0.788434,22597.011879,6034.570864,BREAKDOWN,5942.891352,7.416514
CASE_02819,FATIGUE_ZONE,STRENGTHENING,HIGH,STRONG,HOLD,HOLD,True,4,0,0,4,73.772277,5.29901,9390.471446,3030.311605,GROWTH,2984.273929,74.232805
CASE_02820,EXHAUSTED_ZONE,DEGRADING,HIGH,STRONG,FAIL,FAIL,True,5,0,4,0,18.449892,-0.846088,22673.350612,6071.099304,BREAKDOWN,5978.865031,13.697436
CASE_02828,EXHAUSTED_ZONE,TERMINAL,MEDIUM,MODERATE,FAIL,FAIL,True,2,2,0,0,16.532201,-2.008494,6838.722807,3432.732398,BREAKDOWN,3767.012846,19.481966
CASE_02845,RECOVERED_ZONE,STRENGTHENING,MEDIUM,MODERATE,HOLD,HOLD,True,2,0,0,2,107.169811,14.28198,8684.37896,4386.874038,GROWTH,6309.163375,116.0
CASE_02852,RECOVERED_ZONE,STRENGTHENING,HIGH,STRONG,HOLD,HOLD,True,4,0,0,4,105.176931,2.911733,23346.060167,8456.218469,GROWTH,7219.94585,116.0
CASE_02856,FATIGUE_ZONE,STRENGTHENING,HIGH,STRONG,HOLD,HOLD,True,3,0,0,3,75.60177,9.026548,12688.305253,6063.435645,GROWTH,512.676719,79.0
CASE_02861,RECOVERED_ZONE,STRENGTHENING,HIGH,STRONG,HOLD,HOLD,True,4,0,0,4,112.038835,5.382524,19807.493831,5668.999959,GROWTH,5046.773578,116.0
CASE_02862,RECOVERED_ZONE,STRENGTHENING,HIGH,STRONG,HOLD,HOLD,True,4,0,0,4,101.871287,5.489109,14548.362181,5005.649604,GROWTH,4562.718612,109.0
CASE_02863,FATIGUE_ZONE,STRENGTHENING,HIGH,STRONG,HOLD,HOLD,True,3,0,0,3,70.0,6.461538,7726.165676,3126.772303,GROWTH,2867.873855,79.0
CASE_02866,FATIGUE_ZONE,STRENGTHENING,HIGH,STRONG,HOLD,HOLD,True,4,0,0,4,73.744526,5.798534,14416.048116,4797.767382,GROWTH,172.676694,79.0
CASE_02888,EXHAUSTED_ZONE,TERMINAL,MEDIUM,MODERATE,FAIL,FAIL,True,2,2,0,0,14.995775,0.624218,5446.31766,2791.793505,BREAKDOWN,1732.087318,13.458566
CASE_02889,EXHAUSTED_ZONE,TERMINAL,HIGH,STRONG,FAIL,FAIL,True,3,2,1,0,14.290062,-1.797966,8056.552018,2838.040795,BREAKDOWN,684.284935,7.969471
CASE_02890,FATIGUE_ZONE,STRENGTHENING,MEDIUM,MODERATE,HOLD,HOLD,True,2,0,0,2,62.469335,2.954484,3121.177278,1621.654636,GROWTH,1749.015522,77.888254
CASE_02893,EXHAUSTED_ZONE,TERMINAL,HIGH,STRONG,FAIL,FAIL,True,4,3,1,0,11.310598,-1.869679,10635.197841,2939.975642,BREAKDOWN,2736.871474,13.082695
CASE_02896,EXHAUSTED_ZONE,TERMINAL,HIGH,STRONG,FAIL,FAIL,True,7,3,2,0,14.435358,-0.997951,20993.262553,3537.79537,BREAKDOWN,1470.624544,18.877889
CASE_02897,EXHAUSTED_ZONE,TERMINAL,HIGH,STRONG,FAIL,FAIL,True,7,3,2,0,14.146992,-1.070321,21521.238491,3760.469606,BREAKDOWN,1760.527031,18.144643
CASE_02898,EXHAUSTED_ZONE,TERMINAL,HIGH,STRONG,FAIL,FAIL,True,7,3,3,0,14.436254,-1.071979,21583.556742,3773.723483,BREAKDOWN,1766.732011,18.069041
CASE_02917,FATIGUE_ZONE,STRENGTHENING,HIGH,STRONG,HOLD,HOLD,True,3,0,0,3,75.673267,10.217821,5258.000704,2431.895666,GROWTH,1337.039241,79.0
CASE_02936,FATIGUE_ZONE,STRENGTHENING,HIGH,STRONG,HOLD,HOLD,True,3,0,0,3,62.942285,2.36562,10166.796667,3564.581112,GROWTH,3598.3835,79.0
CASE_02939,FATIGUE_ZONE,STRENGTHENING,HIGH,STRONG,HOLD,HOLD,True,6,0,0,6,76.473684,3.440108,16399.902267,3513.401592,GROWTH,115.827299,79.0
CASE_02945,FATIGUE_ZONE,STRENGTHENING,HIGH,STRONG,HOLD,HOLD,True,3,0,0,3,74.960396,7.724423,8739.697973,3199.763516,GROWTH,1540.245033,79.0
CASE_02946,FATIGUE_ZONE,STRENGTHENING,HIGH,STRONG,HOLD,HOLD,True,3,0,0,3,69.959204,6.687149,8409.871948,3499.586616,GROWTH,2570.488404,79.0
CASE_02948,FATIGUE_ZONE,STRENGTHENING,HIGH,STRONG,HOLD,HOLD,True,5,0,0,5,74.63668,4.470928,15381.360864,3372.522316,GROWTH,1306.81167,79.0
CASE_02949,FATIGUE_ZONE,STRENGTHENING,HIGH,STRONG,HOLD,HOLD,True,5,0,0,5,73.271133,4.246702,16759.992124,3770.386702,GROWTH,1979.374706,79.0
CASE_02950,FATIGUE_ZONE,STRENGTHENING,HIGH,STRONG,HOLD,HOLD,True,5,0,0,5,70.770259,3.871413,26574.078678,6544.164123,GROWTH,4706.107446,79.0
CASE_02953,FATIGUE_ZONE,STRENGTHENING,HIGH,STRONG,HOLD,HOLD,True,4,0,0,4,74.28972,5.540187,11637.921892,3684.769273,GROWTH,2207.157637,79.0
CASE_02954,EXHAUSTED_ZONE,DEGRADING,HIGH,STRONG,FAIL,FAIL,True,3,0,3,0,14.125974,-2.216073,20688.369147,7522.767433,BREAKDOWN,4639.784147,19.527777
CASE_02956,FATIGUE_ZONE,STRENGTHENING,HIGH,STRONG,HOLD,HOLD,True,5,0,0,5,73.647386,3.867939,13688.833516,3495.854776,GROWTH,2358.82216,74.028904
CASE_02957,EXHAUSTED_ZONE,DEGRADING,HIGH,STRONG,FAIL,FAIL,True,6,0,4,0,15.488996,-1.152864,34935.151112,7479.679929,BREAKDOWN,6114.231405,10.237874
CASE_02958,FATIGUE_ZONE,STRENGTHENING,HIGH,STRONG,HOLD,HOLD,True,3,0,0,3,65.823529,5.066559,13242.153665,6520.580578,GROWTH,6749.234923,79.0
CASE_02980,FATIGUE_ZONE,STRENGTHENING,MEDIUM,MODERATE,HOLD,HOLD,True,2,0,0,2,63.747664,6.280374,5148.315403,3499.227885,GROWTH,3494.430643,79.0
CASE_02983,FATIGUE_ZONE,STRENGTHENING,HIGH,STRONG,HOLD,HOLD,True,3,0,0,3,69.204818,5.218111,9453.839358,3569.768657,GROWTH,4320.240423,79.0
CASE_02985,EXHAUSTED_ZONE,TERMINAL,MEDIUM,MODERATE,FAIL,FAIL,True,2,1,1,0,14.13338,-3.096143,11107.958363,5810.285219,BREAKDOWN,2051.96952,19.598791
CASE_02994,EXHAUSTED_ZONE,TERMINAL,HIGH,STRONG,FAIL,FAIL,True,3,2,1,0,13.154552,-3.272858,14065.744904,6027.817691,BREAKDOWN,4126.682554,18.240014
CASE_02996,FATIGUE_ZONE,STRENGTHENING,HIGH,STRONG,HOLD,HOLD,True,6,0,0,6,75.045965,3.638208,13002.911527,3107.59415,GROWTH,1710.301222,79.0
CASE_03003,EXHAUSTED_ZONE,TERMINAL,MEDIUM,MODERATE,FAIL,FAIL,True,2,1,1,0,20.310715,-0.878965,6574.854148,5458.36233,BREAKDOWN,525.892231,18.928436
CASE_03013,RECOVERED_ZONE,STRENGTHENING,MEDIUM,MODERATE,HOLD,HOLD,True,2,0,0,2,98.980583,6.883365,13299.813649,6995.265902,GROWTH,7047.71082,109.0
CASE_03029,FATIGUE_ZONE,STRENGTHENING,MEDIUM,MODERATE,HOLD,HOLD,True,2,0,0,2,69.772493,10.201064,6014.487623,3150.348785,GROWTH,2540.425744,79.0
CASE_03030,FATIGUE_ZONE,STRENGTHENING,MEDIUM,MODERATE,HOLD,HOLD,True,2,0,0,2,67.221416,10.375262,9066.488364,5200.692754,GROWTH,5140.482924,79.0
CASE_03032,EXHAUSTED_ZONE,TERMINAL,HIGH,STRONG,FAIL,FAIL,True,4,1,3,0,18.846756,-0.691414,20150.267528,6696.100926,BREAKDOWN,3078.600488,19.309101
CASE_03035,RECOVERED_ZONE,STRENGTHENING,MEDIUM,MODERATE,HOLD,HOLD,True,2,0,0,2,103.162293,5.092986,10486.333308,5407.779092,GROWTH,3819.084176,109.0
CASE_03054,EXHAUSTED_ZONE,TERMINAL,MEDIUM,MODERATE,FAIL,FAIL,True,2,1,0,0,15.698394,-5.101606,5563.04768,4213.845225,BREAKDOWN,2840.210215,18.016792
CASE_03057,EXHAUSTED_ZONE,TERMINAL,MEDIUM,MODERATE,FAIL,FAIL,True,2,1,1,0,16.315513,-1.777126,12671.552729,6881.8017,BREAKDOWN,2469.547924,17.563909
CASE_03062,EXHAUSTED_ZONE,TERMINAL,MEDIUM,MODERATE,FAIL,FAIL,True,2,1,1,0,15.804938,-1.986763,10606.715095,5314.643477,BREAKDOWN,4066.428079,14.974772
CASE_03063,EXHAUSTED_ZONE,TERMINAL,HIGH,STRONG,FAIL,FAIL,True,3,1,1,0,14.484178,-3.1442,8535.362553,4598.523494,BREAKDOWN,2176.64553,19.117985
CASE_03064,FATIGUE_ZONE,STRENGTHENING,MEDIUM,MODERATE,HOLD,HOLD,True,2,0,0,2,74.07368,3.810658,4237.41792,2297.206684,GROWTH,1854.800004,79.0
CASE_03067,EXHAUSTED_ZONE,TERMINAL,HIGH,STRONG,FAIL,FAIL,True,3,1,2,0,16.03227,-0.725182,10924.464496,4000.928006,BREAKDOWN,454.934436,16.037236
CASE_03070,EXHAUSTED_ZONE,TERMINAL,HIGH,STRONG,FAIL,FAIL,True,4,1,2,0,19.085179,-0.109493,16882.944713,5171.211069,BREAKDOWN,5225.314071,12.87154
CASE_03073,ELASTIC_ZONE,STRENGTHENING,HIGH,STRONG,HOLD,HOLD,True,4,0,0,4,73.0,4.626061,15208.95897,4943.575448,GROWTH,4634.774367,76.672791
CASE_03081,ELASTIC_ZONE,STRENGTHENING,MEDIUM,MODERATE,HOLD,HOLD,True,2,0,0,2,65.288052,1.15665,5074.078653,2841.518332,GROWTH,2961.543796,79.0
CASE_03084,FATIGUE_ZONE,STRENGTHENING,HIGH,STRONG,HOLD,HOLD,True,3,0,0,3,75.859813,9.602398,8095.855944,3005.205855,GROWTH,164.556782,79.0
CASE_03085,EXHAUSTED_ZONE,TERMINAL,MEDIUM,MODERATE,FAIL,FAIL,True,2,1,1,0,15.106697,-4.872562,8228.507058,5182.775766,BREAKDOWN,3157.990696,14.525026
CASE_03097,FATIGUE_ZONE,STRENGTHENING,MEDIUM,MODERATE,HOLD,HOLD,True,2,0,0,2,68.636805,12.731145,5866.891272,3359.558636,GROWTH,2863.457618,79.0
CASE_03099,FATIGUE_ZONE,STRENGTHENING,MEDIUM,MODERATE,HOLD,HOLD,True,2,0,0,2,76.0,20.538462,3588.821527,2226.412498,GROWTH,923.881264,79.0
CASE_03100,FATIGUE_ZONE,STRENGTHENING,MEDIUM,MODERATE,HOLD,HOLD,True,2,0,0,2,74.047295,14.704438,4707.052227,2479.323198,GROWTH,1400.138868,79.0
CASE_03102,FATIGUE_ZONE,STRENGTHENING,HIGH,STRONG,HOLD,HOLD,True,6,0,0,6,71.009784,3.564063,9509.357547,2100.772206,GROWTH,1871.511271,79.0
CASE_03105,FATIGUE_ZONE,STRENGTHENING,HIGH,STRONG,HOLD,HOLD,True,4,0,0,4,73.352941,5.181447,6365.691715,1767.985607,GROWTH,1646.932814,77.699126
CASE_03106,FATIGUE_ZONE,STRENGTHENING,HIGH,STRONG,HOLD,HOLD,True,4,0,0,4,72.821782,5.237718,5797.27724,1610.116132,GROWTH,1499.872493,76.485492
CASE_03107,FATIGUE_ZONE,STRENGTHENING,HIGH,STRONG,HOLD,HOLD,True,5,0,0,5,71.543689,3.735704,5945.531818,1790.601281,GROWTH,1727.479501,78.85103
CASE_03110,FATIGUE_ZONE,STRENGTHENING,HIGH,STRONG,HOLD,HOLD,True,3,0,0,3,72.499182,7.680744,5821.326909,2438.937457,GROWTH,2747.543,79.0
CASE_03111,EXHAUSTED_ZONE,TERMINAL,HIGH,STRONG,FAIL,FAIL,True,3,1,1,0,15.722747,-2.497868,6782.014607,2873.248045,BREAKDOWN,3729.507852,7.476149
CASE_03112,EXHAUSTED_ZONE,TERMINAL,HIGH,STRONG,FAIL,FAIL,True,3,2,1,0,14.871206,-2.206337,8691.390758,3751.316248,BREAKDOWN,2837.880715,16.717374
CASE_03113,EXHAUSTED_ZONE,TERMINAL,HIGH,STRONG,FAIL,FAIL,True,5,3,2,0,15.724724,-1.343703,11659.205866,3781.269423,BREAKDOWN,3564.791945,6.770845
CASE_03132,RECOVERED_ZONE,STRENGTHENING,HIGH,STRONG,HOLD,HOLD,True,3,0,0,3,111.572816,4.194175,15251.906091,5829.482656,GROWTH,5138.117637,116.0
CASE_03135,EXHAUSTED_ZONE,DEGRADING,HIGH,STRONG,FAIL,FAIL,True,3,0,3,0,17.059967,-1.414587,11936.538863,4704.497614,BREAKDOWN,4923.934099,4.133397
CASE_03136,FATIGUE_ZONE,STRENGTHENING,HIGH,STRONG,HOLD,HOLD,True,5,0,0,5,77.135922,5.806863,10274.357211,2742.819526,GROWTH,2745.131491,77.121428
CASE_03145,FATIGUE_ZONE,STRENGTHENING,HIGH,STRONG,HOLD,HOLD,True,4,0,0,4,77.09901,7.231785,5821.148459,2060.91983,GROWTH,2113.325892,79.0
CASE_03147,FATIGUE_ZONE,STRENGTHENING,HIGH,STRONG,HOLD,HOLD,True,4,0,0,4,74.805825,4.730912,6566.921267,2159.262945,GROWTH,2177.713299,79.0
CASE_03148,EXHAUSTED_ZONE,TERMINAL,HIGH,STRONG,FAIL,FAIL,True,5,1,3,0,19.335623,-0.30327,11395.139423,2819.437336,BREAKDOWN,3509.86928,16.721134
CASE_03172,FATIGUE_ZONE,STRENGTHENING,MEDIUM,MODERATE,HOLD,HOLD,True,2,0,0,2,67.0,1.57429,4584.235031,3641.248976,GROWTH,3493.98548,79.0
CASE_03174,FATIGUE_ZONE,STRENGTHENING,MEDIUM,MODERATE,HOLD,HOLD,True,2,0,0,2,64.297297,1.729729,6051.559889,5152.278486,GROWTH,4637.531748,77.96237
CASE_03185,FATIGUE_ZONE,STRENGTHENING,MEDIUM,MODERATE,HOLD,HOLD,True,2,0,0,2,72.538462,7.615385,6506.882937,3318.861128,GROWTH,1358.93695,79.0
CASE_03188,FATIGUE_ZONE,STRENGTHENING,HIGH,STRONG,HOLD,HOLD,True,3,0,0,3,73.0,7.615385,6558.609219,3384.246699,GROWTH,2824.333606,79.0
CASE_03189,FATIGUE_ZONE,STRENGTHENING,MEDIUM,MODERATE,HOLD,HOLD,True,2,0,0,2,69.972477,7.319902,8798.054093,5378.751724,GROWTH,4091.455601,79.0
CASE_03204,FATIGUE_ZONE,STRENGTHENING,MEDIUM,MODERATE,HOLD,HOLD,True,2,0,0,2,76.692308,3.485931,3620.975902,3086.155249,GROWTH,1262.813485,78.769231
CASE_03207,FATIGUE_ZONE,STRENGTHENING,HIGH,STRONG,HOLD,HOLD,True,4,0,0,4,76.962264,3.622494,15335.495539,5084.45469,GROWTH,2024.658877,79.0
CASE_03210,EXHAUSTED_ZONE,DEGRADING,MEDIUM,MODERATE,FAIL,FAIL,True,2,0,2,0,16.754686,-1.782452,9782.615638,5308.819406,BREAKDOWN,5700.77234,15.370513
CASE_03232,EXHAUSTED_ZONE,DEGRADING,MEDIUM,MODERATE,FAIL,FAIL,True,3,0,1,0,19.824169,1.028685,9646.429326,5375.479683,BREAKDOWN,4438.602259,19.739626
CASE_03236,FATIGUE_ZONE,STRENGTHENING,HIGH,STRONG,HOLD,HOLD,True,3,0,0,3,73.174757,3.214476,5557.981007,3549.137209,GROWTH,1603.208888,79.0
CASE_03239,EXHAUSTED_ZONE,TERMINAL,HIGH,STRONG,FAIL,FAIL,True,3,2,1,0,13.20978,-2.736924,10748.721531,3685.150758,BREAKDOWN,4274.937518,9.367796
CASE_03251,EXHAUSTED_ZONE,TERMINAL,HIGH,STRONG,FAIL,FAIL,True,4,2,2,0,15.361901,-1.386065,15266.59178,4963.871397,BREAKDOWN,4492.992232,2.8
CASE_03252,EXHAUSTED_ZONE,TERMINAL,HIGH,STRONG,FAIL,FAIL,True,4,2,2,0,15.512899,-1.40281,15187.263951,4706.211214,BREAKDOWN,4626.587994,14.145975
CASE_03253,EXHAUSTED_ZONE,TERMINAL,HIGH,STRONG,FAIL,FAIL,True,4,2,2,0,15.796695,-0.745254,16042.546759,4969.104615,BREAKDOWN,2840.582396,16.588008
CASE_03254,EXHAUSTED_ZONE,TERMINAL,HIGH,STRONG,FAIL,FAIL,True,4,1,3,0,16.763753,-1.160652,17645.03547,5792.24333,BREAKDOWN,5332.66668,18.833201
CASE_03263,FATIGUE_ZONE,STRENGTHENING,MEDIUM,MODERATE,HOLD,HOLD,True,2,0,0,2,66.699401,7.829758,4847.179808,3026.501096,GROWTH,2856.74893,79.0
CASE_03265,FATIGUE_ZONE,STRENGTHENING,HIGH,STRONG,HOLD,HOLD,True,3,0,0,3,76.411765,3.837038,7599.232848,2990.050181,GROWTH,361.002805,77.948226
CASE_03266,FATIGUE_ZONE,STRENGTHENING,HIGH,STRONG,HOLD,HOLD,True,3,0,0,3,75.504854,3.795308,7202.078023,2800.803206,GROWTH,489.160179,79.0
CASE_03267,EXHAUSTED_ZONE,TERMINAL,HIGH,STRONG,FAIL,FAIL,True,4,3,1,0,13.980651,-1.183091,15111.74995,4186.080397,BREAKDOWN,5670.773746,11.787622
CASE_03268,EXHAUSTED_ZONE,TERMINAL,HIGH,STRONG,FAIL,FAIL,True,5,2,3,0,12.716812,-1.500541,20697.141429,5699.203562,BREAKDOWN,3667.306866,17.024566
CASE_03273,FATIGUE_ZONE,STRENGTHENING,HIGH,STRONG,HOLD,HOLD,True,5,0,0,5,75.888889,4.866667,12252.437424,3434.278274,GROWTH,1368.970884,79.0
CASE_03274,FATIGUE_ZONE,STRENGTHENING,HIGH,STRONG,HOLD,HOLD,True,5,0,0,5,73.873786,3.914563,11906.480476,3114.760088,GROWTH,1536.716061,79.0
CASE_03286,EXHAUSTED_ZONE,DEGRADING,HIGH,STRONG,FAIL,FAIL,True,5,0,5,0,15.981546,-1.035712,15567.652872,3454.085327,BREAKDOWN,1962.347957,18.96255
CASE_03287,EXHAUSTED_ZONE,DEGRADING,HIGH,STRONG,FAIL,FAIL,True,6,0,4,0,16.319105,-0.775057,18670.2087,3430.955856,BREAKDOWN,1893.11664,19.561884
CASE_03290,FATIGUE_ZONE,STRENGTHENING,HIGH,STRONG,HOLD,HOLD,True,5,0,0,5,77.574257,4.745364,7615.437113,2121.118154,GROWTH,408.363865,79.0
CASE_03310,EXHAUSTED_ZONE,DEGRADING,HIGH,STRONG,FAIL,FAIL,True,4,0,3,0,18.95889,-0.589072,10255.583247,2771.073607,BREAKDOWN,3164.852786,15.347388
CASE_03312,FATIGUE_ZONE,STRENGTHENING,HIGH,STRONG,HOLD,HOLD,True,3,0,0,3,67.116505,4.310679,5811.248695,2098.842003,GROWTH,2373.98407,79.0
CASE_03313,RECOVERED_ZONE,STRENGTHENING,HIGH,STRONG,HOLD,HOLD,True,3,0,0,3,105.970874,9.553815,9737.531589,4260.089001,GROWTH,4543.805579,107.88109
CASE_03324,FATIGUE_ZONE,STRENGTHENING,HIGH,STRONG,HOLD,HOLD,True,4,0,0,4,76.0,5.761034,6358.032059,1754.836482,GROWTH,689.010442,79.0
CASE_03325,FATIGUE_ZONE,STRENGTHENING,HIGH,STRONG,HOLD,HOLD,True,4,0,0,4,68.671183,4.156879,7508.172721,2417.619063,GROWTH,1756.243679,79.0
CASE_03356,EXHAUSTED_ZONE,TERMINAL,HIGH,STRONG,FAIL,FAIL,True,3,2,1,0,13.588611,-2.014876,8371.079266,3309.780588,BREAKDOWN,3263.282413,10.943786
CASE_03357,FATIGUE_ZONE,STRENGTHENING,HIGH,STRONG,HOLD,HOLD,True,4,0,0,4,73.708517,5.366061,5567.786506,1654.627091,GROWTH,1685.189005,75.906732
CASE_03359,FATIGUE_ZONE,STRENGTHENING,HIGH,STRONG,HOLD,HOLD,True,3,0,0,3,76.692308,7.730769,4995.921549,1887.905786,GROWTH,103.694679,79.0
CASE_03369,RECOVERED_ZONE,STRENGTHENING,HIGH,STRONG,HOLD,HOLD,True,5,0,0,5,106.461538,5.321696,12801.242629,2772.049467,GROWTH,3176.404855,109.0
CASE_03370,RECOVERED_ZONE,STRENGTHENING,HIGH,STRONG,HOLD,HOLD,True,5,0,0,5,111.846154,5.330344,12907.705203,2795.10347,GROWTH,3202.821717,116.0
CASE_03382,EXHAUSTED_ZONE,TERMINAL,HIGH,STRONG,FAIL,FAIL,True,6,4,1,0,15.943899,-0.925872,22677.455366,4591.466285,BREAKDOWN,3996.584515,11.150028
CASE_03383,FATIGUE_ZONE,STRENGTHENING,HIGH,STRONG,HOLD,HOLD,True,6,0,0,6,76.386139,3.428572,15561.601851,2949.147005,GROWTH,2835.979634,79.0
CASE_03388,FATIGUE_ZONE,STRENGTHENING,HIGH,STRONG,HOLD,HOLD,True,4,0,0,4,76.0,4.79087,9212.428491,2445.793311,GROWTH,2240.12496,79.0
CASE_03398,ELASTIC_ZONE,STRENGTHENING,HIGH,STRONG,HOLD,HOLD,True,4,0,0,4,77.09901,6.301718,7850.42414,3139.78929,GROWTH,2645.479718,76.939156
CASE_03399,FATIGUE_ZONE,STRENGTHENING,HIGH,STRONG,HOLD,HOLD,True,4,0,0,4,73.471983,3.975589,8781.53232,2765.223973,GROWTH,1973.943935,79.0
CASE_03402,FATIGUE_ZONE,STRENGTHENING,HIGH,STRONG,HOLD,HOLD,True,5,0,0,5,72.475728,4.147573,14870.228412,5395.229455,GROWTH,4671.273345,79.0
CASE_03404,FATIGUE_ZONE,STRENGTHENING,HIGH,STRONG,HOLD,HOLD,True,3,0,0,3,71.680851,5.446809,9172.425104,4101.418137,GROWTH,677.676709,79.0
CASE_03406,EXHAUSTED_ZONE,DEGRADING,HIGH,STRONG,FAIL,FAIL,True,5,0,4,0,15.43728,-1.023807,24230.25478,5900.077714,BREAKDOWN,2840.485651,14.971071
CASE_03409,EXHAUSTED_ZONE,TERMINAL,HIGH,STRONG,FAIL,FAIL,True,6,2,4,0,15.152627,-0.957951,28325.62486,5449.922861,BREAKDOWN,4295.868574,18.591638
CASE_03411,EXHAUSTED_ZONE,TERMINAL,HIGH,STRONG,FAIL,FAIL,True,4,1,1,0,18.29974,-0.739177,12134.254289,5934.22853,BREAKDOWN,5087.853236,11.430767
CASE_03427,EXHAUSTED_ZONE,TERMINAL,MEDIUM,MODERATE,FAIL,FAIL,True,2,1,1,0,16.52095,-1.335564,7153.52061,3694.433948,BREAKDOWN,3400.907997,16.042098
CASE_03428,EXHAUSTED_ZONE,TERMINAL,MEDIUM,MODERATE,FAIL,FAIL,True,2,1,1,0,14.951345,-4.395839,6511.058239,3486.352007,BREAKDOWN,150.708031,18.914018
CASE_03442,EXHAUSTED_ZONE,TERMINAL,HIGH,STRONG,FAIL,FAIL,True,3,2,1,0,12.729197,-4.130905,8279.948197,3133.608959,BREAKDOWN,2646.315918,15.386534
CASE_03443,EXHAUSTED_ZONE,TERMINAL,HIGH,STRONG,FAIL,FAIL,True,3,2,1,0,16.304943,-1.210612,8839.960863,3048.272815,BREAKDOWN,516.704318,17.408032
CASE_03456,RECOVERED_ZONE,STRENGTHENING,HIGH,STRONG,HOLD,HOLD,True,3,0,0,3,102.878015,6.939007,10852.429643,4172.42112,GROWTH,4230.549695,104.864467
CASE_03459,EXHAUSTED_ZONE,DEGRADING,HIGH,STRONG,FAIL,FAIL,True,3,0,3,0,14.974732,-1.817309,9738.337557,3454.410061,BREAKDOWN,3466.982499,17.377902
CASE_03461,EXHAUSTED_ZONE,TERMINAL,HIGH,STRONG,FAIL,FAIL,True,4,1,3,0,17.466213,-0.704575,11853.082141,3377.456392,BREAKDOWN,3532.233402,6.5702
CASE_03462,EXHAUSTED_ZONE,TERMINAL,HIGH,STRONG,FAIL,FAIL,True,4,1,3,0,17.565729,-0.716186,11871.057,3382.578123,BREAKDOWN,3537.589932,10.671503
CASE_03478,EXHAUSTED_ZONE,DEGRADING,HIGH,STRONG,FAIL,FAIL,True,4,0,4,0,16.674191,-1.394998,5688.905409,1768.865197,BREAKDOWN,1570.57669,19.437015
CASE_03483,FATIGUE_ZONE,STRENGTHENING,MEDIUM,MODERATE,HOLD,HOLD,True,2,0,0,2,67.594059,4.752475,2242.191744,1236.403589,GROWTH,832.354063,79.0
CASE_03492,EXHAUSTED_ZONE,TERMINAL,HIGH,STRONG,FAIL,FAIL,True,3,1,2,0,16.462179,0.204103,14694.108649,5398.484929,BREAKDOWN,2945.295903,19.303225
CASE_03494,EXHAUSTED_ZONE,DEGRADING,HIGH,STRONG,FAIL,FAIL,True,3,0,2,0,15.963965,-1.602176,9298.516456,4422.812225,BREAKDOWN,4700.258918,15.231002
CASE_03497,EXHAUSTED_ZONE,DEGRADING,HIGH,STRONG,FAIL,FAIL,True,5,0,4,0,17.213582,-0.698357,11658.334884,3965.403342,BREAKDOWN,3868.300861,13.191586
CASE_03504,EXHAUSTED_ZONE,TERMINAL,MEDIUM,MODERATE,FAIL,FAIL,True,2,1,1,0,18.230171,-2.101786,7126.485332,4311.821299,BREAKDOWN,4424.059294,9.961234
CASE_03510,EXHAUSTED_ZONE,TERMINAL,MEDIUM,MODERATE,FAIL,FAIL,True,2,1,1,0,17.047871,-3.240643,6599.329821,4713.640978,BREAKDOWN,1574.244697,13.737346
CASE_03514,EXHAUSTED_ZONE,TERMINAL,MEDIUM,MODERATE,FAIL,FAIL,True,2,2,0,0,13.744396,-2.586847,9631.509203,5827.575751,BREAKDOWN,3235.987671,14.455405
CASE_03515,EXHAUSTED_ZONE,DEGRADING,MEDIUM,MODERATE,FAIL,FAIL,True,2,0,2,0,13.347419,-2.698818,18426.311984,10562.056162,BREAKDOWN,6783.335764,17.505552
CASE_03516,RECOVERED_ZONE,STRENGTHENING,MEDIUM,MODERATE,HOLD,HOLD,True,2,0,0,2,107.729143,4.660079,25018.955062,14484.843139,GROWTH,9466.543884,116.0
CASE_03540,RECOVERED_ZONE,STRENGTHENING,HIGH,STRONG,HOLD,HOLD,True,4,0,0,4,98.204055,3.005877,18495.884987,5586.778902,GROWTH,5523.168267,109.0
CASE_03552,RECOVERED_ZONE,STRENGTHENING,MEDIUM,MODERATE,HOLD,HOLD,True,2,0,0,2,104.43845,3.787131,7481.432546,4131.284796,GROWTH,4312.817221,105.778105
CASE_03556,FATIGUE_ZONE,STRENGTHENING,HIGH,STRONG,HOLD,HOLD,True,3,0,0,3,75.184007,2.868702,3204.011604,1516.93398,GROWTH,813.212093,75.098614
CASE_03562,FATIGUE_ZONE,STRENGTHENING,MEDIUM,MODERATE,HOLD,HOLD,True,2,0,0,2,74.357317,8.442515,4058.506403,2251.874445,GROWTH,2219.714978,79.0
CASE_03563,FATIGUE_ZONE,STRENGTHENING,HIGH,STRONG,HOLD,HOLD,True,3,0,0,3,72.921902,4.178283,5723.123893,2158.999393,GROWTH,2009.587582,79.0
CASE_03572,EXHAUSTED_ZONE,TERMINAL,HIGH,STRONG,FAIL,FAIL,True,3,2,1,0,15.985544,-1.483233,10595.916882,3600.383767,BREAKDOWN,3330.424417,18.543783
CASE_03576,FATIGUE_ZONE,STRENGTHENING,HIGH,STRONG,HOLD,HOLD,True,5,0,0,5,69.732673,3.278131,10986.669762,2430.114448,GROWTH,2567.699415,77.942523
CASE_03589,FATIGUE_ZONE,STRENGTHENING,HIGH,STRONG,HOLD,HOLD,True,3,0,0,3,66.058824,4.941176,4647.042857,1934.108558,GROWTH,1947.31058,79.0
CASE_03591,EXHAUSTED_ZONE,DEGRADING,MEDIUM,MODERATE,FAIL,FAIL,True,2,0,2,0,16.57527,-4.336319,6653.378726,3378.304416,BREAKDOWN,3491.402442,18.83674
CASE_03592,EXHAUSTED_ZONE,DEGRADING,MEDIUM,MODERATE,FAIL,FAIL,True,2,0,2,0,16.485046,-3.836456,5467.508404,3567.706039,BREAKDOWN,3630.303872,17.674955
CASE_03600,FATIGUE_ZONE,STRENGTHENING,HIGH,STRONG,HOLD,HOLD,True,3,0,0,3,71.191,2.878108,7454.052722,2929.412337,GROWTH,2456.738444,79.0
CASE_03609,RECOVERED_ZONE,STRENGTHENING,HIGH,STRONG,HOLD,HOLD,True,4,0,0,4,101.754717,5.207547,13817.263688,4053.479209,GROWTH,4713.144353,101.549902
CASE_03612,RECOVERED_ZONE,STRENGTHENING,HIGH,STRONG,HOLD,HOLD,True,4,0,0,4,97.8,3.121624,13688.117342,4046.711493,GROWTH,4705.275435,107.916017
CASE_03616,RECOVERED_ZONE,STRENGTHENING,HIGH,STRONG,HOLD,HOLD,True,4,0,0,4,103.889908,3.126605,12109.162255,3941.523248,GROWTH,4599.801461,116.0
CASE_03617,FATIGUE_ZONE,STRENGTHENING,HIGH,STRONG,HOLD,HOLD,True,3,0,0,3,63.338983,2.815804,4920.121036,2099.834107,GROWTH,2462.53118,78.739584
CASE_03644,EXHAUSTED_ZONE,DEGRADING,MEDIUM,MODERATE,FAIL,FAIL,True,2,0,2,0,18.034553,-1.589435,6945.559169,3666.167097,BREAKDOWN,3848.626112,11.399269
CASE_03651,RECOVERED_ZONE,STRENGTHENING,HIGH,STRONG,HOLD,HOLD,True,4,0,0,4,114.135922,4.56699,15713.657415,5585.147566,GROWTH,6464.540294,116.0
CASE_03658,EXHAUSTED_ZONE,TERMINAL,HIGH,STRONG,FAIL,FAIL,True,4,2,2,0,14.082663,-1.289535,19732.883688,6403.850566,BREAKDOWN,7814.009337,13.265194
CASE_03669,EXHAUSTED_ZONE,TERMINAL,MEDIUM,MODERATE,FAIL,FAIL,True,2,1,1,0,15.116124,-5.080246,19767.147351,9990.528724,BREAKDOWN,3754.671117,18.491233
CASE_03670,FATIGUE_ZONE,STRENGTHENING,MEDIUM,MODERATE,HOLD,HOLD,True,2,0,0,2,65.995057,10.126834,14388.359375,7224.143708,GROWTH,2774.403372,79.0
CASE_03719,EXHAUSTED_ZONE,TERMINAL,MEDIUM,MODERATE,FAIL,FAIL,True,2,1,1,0,13.444361,-5.187678,8843.32938,4620.150359,BREAKDOWN,4257.549805,18.081757
CASE_03739,FATIGUE_ZONE,STRENGTHENING,MEDIUM,MODERATE,HOLD,HOLD,True,2,0,0,2,75.142857,3.857143,3459.388654,2142.185067,GROWTH,608.899514,79.0
CASE_03740,FATIGUE_ZONE,STRENGTHENING,MEDIUM,MODERATE,HOLD,HOLD,True,2,0,0,2,72.142857,4.682916,3092.768052,1603.151318,GROWTH,739.11062,79.0
CASE_03746,EXHAUSTED_ZONE,DEGRADING,MEDIUM,MODERATE,FAIL,FAIL,True,2,0,2,0,18.237344,-1.908519,5440.271785,3446.266459,BREAKDOWN,3714.947733,19.267811
CASE_03773,EXHAUSTED_ZONE,DEGRADING,HIGH,STRONG,FAIL,HOLD,False,3,0,3,0,12.44542,-4.11301,16490.265774,5794.060769,RECLAIM,3198.580813,18.637036
CASE_03774,FATIGUE_ZONE,STRENGTHENING,HIGH,STRONG,HOLD,HOLD,True,3,0,0,3,70.491263,6.763813,8348.605258,2829.760891,GROWTH,1676.518944,79.0
CASE_03778,EXHAUSTED_ZONE,TERMINAL,HIGH,STRONG,FAIL,FAIL,True,3,1,2,0,15.668675,-2.16202,15117.553229,6770.708506,BREAKDOWN,5965.599667,16.009158
CASE_03780,FATIGUE_ZONE,STRENGTHENING,HIGH,STRONG,HOLD,HOLD,True,5,0,0,5,76.981308,4.61631,13069.0847,3895.371722,GROWTH,1642.692651,79.0
CASE_03784,RIGID_ZONE,DEGRADING,MEDIUM,MODERATE,FAIL,HOLD,False,2,0,2,0,75.860284,-0.877766,18415.575452,13240.957371,ABSORPTION,12955.660476,75.99697
CASE_03787,FATIGUE_ZONE,STRENGTHENING,HIGH,STRONG,HOLD,HOLD,True,4,0,0,4,73.29703,5.78491,10821.217737,3857.832697,GROWTH,3239.830466,79.0
CASE_03790,EXHAUSTED_ZONE,DEGRADING,HIGH,STRONG,FAIL,FAIL,True,3,0,2,0,14.933962,-1.394749,18421.56358,7610.998642,BREAKDOWN,7089.086077,19.791734
CASE_03793,EXHAUSTED_ZONE,DEGRADING,MEDIUM,MODERATE,FAIL,FAIL,True,2,0,2,0,19.04737,-1.298409,5976.772306,3407.274886,BREAKDOWN,3292.826667,15.513251
CASE_03794,EXHAUSTED_ZONE,DEGRADING,HIGH,STRONG,FAIL,FAIL,True,4,0,3,0,14.423226,-1.70504,10517.029433,3525.782963,BREAKDOWN,3345.839933,15.246765
CASE_03795,EXHAUSTED_ZONE,DEGRADING,HIGH,STRONG,FAIL,FAIL,True,3,0,2,0,14.549159,-1.591247,8144.608799,3411.652682,BREAKDOWN,2961.626383,19.282545
CASE_03800,EXHAUSTED_ZONE,TERMINAL,HIGH,STRONG,FAIL,FAIL,True,3,3,0,0,10.50539,-3.843994,9528.904756,3414.516954,BREAKDOWN,1326.586921,16.439191
CASE_03822,EXHAUSTED_ZONE,TERMINAL,MEDIUM,MODERATE,FAIL,FAIL,True,2,1,1,0,18.594686,0.397423,4928.512404,3976.531543,BREAKDOWN,2933.012008,13.99941
CASE_03831,EXHAUSTED_ZONE,DEGRADING,HIGH,STRONG,FAIL,FAIL,True,5,0,4,0,14.116923,-1.321241,12809.538988,3314.213271,BREAKDOWN,3221.965761,18.185637
CASE_03840,EXHAUSTED_ZONE,DEGRADING,HIGH,STRONG,FAIL,FAIL,True,3,0,3,0,17.809983,-1.162779,7082.34853,3098.653577,BREAKDOWN,2907.450507,20.448866
CASE_03853,EXHAUSTED_ZONE,TERMINAL,MEDIUM,MODERATE,FAIL,FAIL,True,2,1,1,0,16.704667,-3.036805,7575.095083,4633.910691,BREAKDOWN,5220.497211,14.59356
CASE_03854,EXHAUSTED_ZONE,DEGRADING,HIGH,STRONG,FAIL,FAIL,True,4,0,4,0,15.139625,-1.9803,13225.763155,4645.94127,BREAKDOWN,4709.983873,10.492406
CASE_03857,FATIGUE_ZONE,STRENGTHENING,HIGH,STRONG,HOLD,HOLD,True,3,0,0,3,72.584158,6.178217,5345.551412,2344.667609,GROWTH,2823.415507,76.505982
CASE_03878,FATIGUE_ZONE,STRENGTHENING,MEDIUM,MODERATE,HOLD,HOLD,True,2,0,0,2,69.769231,8.769231,3547.824216,1867.229475,GROWTH,1875.356339,79.0
CASE_03879,RECOVERED_ZONE,STRENGTHENING,HIGH,STRONG,HOLD,HOLD,True,3,0,0,3,106.371942,7.493186,15342.941143,5289.336155,GROWTH,5081.230943,105.267834
CASE_03881,EXHAUSTED_ZONE,DEGRADING,HIGH,STRONG,FAIL,FAIL,True,3,0,3,0,15.007287,-2.679258,14239.769268,4977.671398,BREAKDOWN,5155.038213,18.721212
CASE_03882,EXHAUSTED_ZONE,TERMINAL,MEDIUM,MODERATE,FAIL,FAIL,True,2,1,1,0,16.072001,-3.861968,10033.075567,5024.470048,BREAKDOWN,5139.875824,15.94102
CASE_03893,EXHAUSTED_ZONE,DEGRADING,MEDIUM,MODERATE,FAIL,FAIL,True,2,0,2,0,19.642052,-0.926496,3609.868547,2326.407434,BREAKDOWN,3428.860651,9.125963
CASE_03932,RIGID_ZONE,STABLE,HIGH,STRONG,HOLD,HOLD,True,3,0,2,0,76.200314,-0.167059,26937.868453,9697.357015,ABSORPTION,4107.515438,76.52215
CASE_03937,FATIGUE_ZONE,STRENGTHENING,HIGH,STRONG,HOLD,HOLD,True,3,0,0,3,72.584158,5.70297,5884.423571,2000.000269,GROWTH,2151.296854,79.0
CASE_03939,FATIGUE_ZONE,STRENGTHENING,HIGH,STRONG,HOLD,HOLD,True,3,0,0,3,65.693069,4.396039,5129.775132,1971.346606,GROWTH,2158.056946,78.931168
CASE_03960,EXHAUSTED_ZONE,TERMINAL,HIGH,STRONG,FAIL,FAIL,True,3,1,1,0,19.304695,-0.709503,9850.482132,6415.791073,BREAKDOWN,5467.369049,12.443827
CASE_03963,EXHAUSTED_ZONE,DEGRADING,HIGH,STRONG,FAIL,FAIL,True,3,0,2,0,15.254478,-1.718682,16550.806064,6149.592622,BREAKDOWN,5352.894138,18.165135
CASE_03965,EXHAUSTED_ZONE,TERMINAL,HIGH,STRONG,FAIL,FAIL,True,4,1,3,0,14.528742,-1.898936,28640.218951,7414.783188,BREAKDOWN,3677.701484,14.899741
CASE_03966,FATIGUE_ZONE,STRENGTHENING,HIGH,STRONG,HOLD,HOLD,True,4,0,0,4,76.318319,6.37508,17301.750341,4747.430782,GROWTH,3332.015365,79.0
CASE_03974,FATIGUE_ZONE,STRENGTHENING,HIGH,STRONG,HOLD,HOLD,True,4,0,0,4,73.295238,6.534632,12253.217362,3937.965535,GROWTH,3157.631173,79.0
CASE_03976,EXHAUSTED_ZONE,TERMINAL,HIGH,STRONG,FAIL,FAIL,True,4,4,0,0,18.182909,0.728657,16784.399164,5378.515651,BREAKDOWN,1253.660532,19.79982
CASE_03978,FATIGUE_ZONE,STRENGTHENING,HIGH,STRONG,HOLD,HOLD,True,4,0,0,4,72.046729,3.342056,11023.239404,3228.315821,GROWTH,1821.530119,75.635514
CASE_03986,EXHAUSTED_ZONE,TERMINAL,HIGH,STRONG,FAIL,FAIL,True,3,2,1,0,14.439355,-2.525182,18598.245539,6734.144763,BREAKDOWN,4082.938332,19.555214
CASE_03987,EXHAUSTED_ZONE,TERMINAL,HIGH,STRONG,FAIL,FAIL,True,6,2,4,0,16.433392,-0.960357,33839.788948,7717.048045,BREAKDOWN,5391.15902,15.054688
CASE_03988,EXHAUSTED_ZONE,TERMINAL,HIGH,STRONG,FAIL,FAIL,True,6,1,3,0,17.19853,-0.844886,31672.646304,7760.976832,BREAKDOWN,5493.993691,15.018595
CASE_03991,FATIGUE_ZONE,STRENGTHENING,HIGH,STRONG,HOLD,HOLD,True,5,0,0,5,76.669903,4.530078,10570.15711,2645.578273,GROWTH,607.680099,79.0
CASE_03994,FATIGUE_ZONE,STRENGTHENING,HIGH,STRONG,HOLD,HOLD,True,5,0,0,5,73.29703,3.174718,14213.51311,3192.364444,GROWTH,1573.670233,79.0
CASE_04005,EXHAUSTED_ZONE,TERMINAL,HIGH,STRONG,FAIL,FAIL,True,3,1,2,0,18.730555,-0.129508,7362.82426,2511.769455,BREAKDOWN,2390.294727,18.580732
CASE_04013,RECOVERED_ZONE,STRENGTHENING,MEDIUM,MODERATE,HOLD,HOLD,True,2,0,0,2,106.040418,8.687962,15641.461507,8459.456016,GROWTH,7895.052306,98.92
CASE_04014,RECOVERED_ZONE,STRENGTHENING,MEDIUM,MODERATE,HOLD,HOLD,True,2,0,0,2,105.583018,8.679742,15661.573464,8470.333178,GROWTH,7905.203749,109.0
CASE_04020,FATIGUE_ZONE,STRENGTHENING,MEDIUM,MODERATE,HOLD,HOLD,True,2,0,0,2,75.038835,7.68932,5723.490594,2911.254605,GROWTH,1439.849921,79.0
CASE_04021,FATIGUE_ZONE,STRENGTHENING,MEDIUM,MODERATE,HOLD,HOLD,True,2,0,0,2,72.184958,7.49265,6293.384662,3183.445447,GROWTH,1891.829498,79.0
CASE_04024,EXHAUSTED_ZONE,TERMINAL,HIGH,STRONG,FAIL,FAIL,True,5,2,3,0,20.080443,-0.264699,15831.529463,4729.713326,BREAKDOWN,4309.773364,10.049377
CASE_04026,FATIGUE_ZONE,STRENGTHENING,HIGH,STRONG,HOLD,HOLD,True,5,0,0,5,70.863936,3.172787,7697.454779,2002.761395,GROWTH,2023.207609,79.0
CASE_04028,EXHAUSTED_ZONE,TERMINAL,HIGH,STRONG,FAIL,FAIL,True,5,1,4,0,15.038627,-1.471433,12103.883059,3727.919484,BREAKDOWN,1552.795602,16.363252
CASE_04030,EXHAUSTED_ZONE,TERMINAL,HIGH,STRONG,FAIL,FAIL,True,5,1,2,0,18.158468,-0.482443,15670.169524,5474.433842,BREAKDOWN,980.669155,18.433041
CASE_04034,FATIGUE_ZONE,STRENGTHENING,MEDIUM,MODERATE,HOLD,HOLD,True,2,0,0,2,61.937829,5.456185,3094.227714,1624.770485,GROWTH,1716.132839,79.0
CASE_04045,FATIGUE_ZONE,STRENGTHENING,HIGH,STRONG,HOLD,HOLD,True,4,0,0,4,73.059406,5.38206,5150.746032,1462.130455,GROWTH,1545.199311,79.0
CASE_04047,FATIGUE_ZONE,STRENGTHENING,HIGH,STRONG,HOLD,HOLD,True,4,0,0,4,70.923077,3.346154,5002.738243,1319.383162,GROWTH,1535.111248,79.0
CASE_04050,FATIGUE_ZONE,STRENGTHENING,HIGH,STRONG,HOLD,HOLD,True,5,0,0,5,72.907692,3.736721,8542.355128,2260.282016,GROWTH,505.677394,79.0
CASE_04059,FATIGUE_ZONE,STRENGTHENING,HIGH,STRONG,HOLD,HOLD,True,4,0,0,4,73.800463,2.743222,7118.842208,2561.449,GROWTH,2051.372177,75.338276
CASE_04061,FATIGUE_ZONE,STRENGTHENING,HIGH,STRONG,HOLD,HOLD,True,3,0,0,3,69.442726,2.746786,5863.325808,2189.542154,GROWTH,1982.825898,79.0
CASE_04074,EXHAUSTED_ZONE,TERMINAL,HIGH,STRONG,FAIL,FAIL,True,4,2,1,0,17.632183,-0.513947,11053.373357,3613.929378,BREAKDOWN,6119.86865,19.291369
CASE_04087,EXHAUSTED_ZONE,TERMINAL,HIGH,STRONG,FAIL,FAIL,True,3,1,2,0,16.161734,-2.050979,8834.120619,3780.150878,BREAKDOWN,2440.840972,14.229072
CASE_04089,FATIGUE_ZONE,STRENGTHENING,HIGH,STRONG,HOLD,HOLD,True,3,0,0,3,68.615385,6.807692,5706.536263,2810.681278,GROWTH,2306.174388,79.0
CASE_04094,FATIGUE_ZONE,STRENGTHENING,HIGH,STRONG,HOLD,HOLD,True,4,0,0,4,71.509712,1.821952,3483.916477,999.605787,GROWTH,20.09539,79.0
CASE_04098,EXHAUSTED_ZONE,TERMINAL,HIGH,STRONG,FAIL,FAIL,True,3,2,1,0,13.187478,-3.726084,9593.25445,4745.698926,BREAKDOWN,3746.316317,14.156249
CASE_04107,EXHAUSTED_ZONE,DEGRADING,MEDIUM,MODERATE,FAIL,FAIL,True,2,0,2,0,16.858876,-1.429471,10309.893928,5253.999844,BREAKDOWN,4006.149153,18.960802
CASE_04108,EXHAUSTED_ZONE,TERMINAL,HIGH,STRONG,FAIL,FAIL,True,5,2,3,0,18.376351,-0.446854,21731.751257,4763.288743,BREAKDOWN,869.713329,19.543977
CASE_04116,FATIGUE_ZONE,STRENGTHENING,HIGH,STRONG,HOLD,HOLD,True,5,0,0,5,75.673267,4.847525,10611.007617,2484.027269,GROWTH,2609.112608,79.0
CASE_04118,EXHAUSTED_ZONE,TERMINAL,HIGH,STRONG,FAIL,FAIL,True,4,1,2,0,19.149468,-0.438781,9955.401852,3056.846415,BREAKDOWN,3507.35039,17.144598
CASE_04119,EXHAUSTED_ZONE,TERMINAL,HIGH,STRONG,FAIL,FAIL,True,3,2,1,0,14.63909,-2.161758,10597.285282,4101.772566,BREAKDOWN,808.362409,12.879348
CASE_04121,FATIGUE_ZONE,STRENGTHENING,HIGH,STRONG,HOLD,HOLD,True,5,0,0,5,75.970874,4.198287,12353.628527,3068.280837,GROWTH,861.70094,79.0
CASE_04125,FATIGUE_ZONE,STRENGTHENING,HIGH,STRONG,HOLD,HOLD,True,3,0,0,3,74.275591,6.519685,4109.048302,2060.681027,GROWTH,52.090565,79.0
CASE_04130,EXHAUSTED_ZONE,TERMINAL,HIGH,STRONG,FAIL,FAIL,True,3,2,1,0,16.671192,-1.014552,8850.267433,3316.613633,BREAKDOWN,3584.555337,12.094627
CASE_04131,FATIGUE_ZONE,STRENGTHENING,HIGH,STRONG,HOLD,HOLD,True,4,0,0,4,76.482738,5.512616,9197.775686,2635.64561,GROWTH,2278.167658,78.427935
CASE_04146,EXHAUSTED_ZONE,TERMINAL,HIGH,STRONG,FAIL,FAIL,True,3,1,2,0,12.014679,-4.27875,5652.343564,2492.248495,BREAKDOWN,1639.871269,13.602461
CASE_04156,FATIGUE_ZONE,STRENGTHENING,HIGH,STRONG,HOLD,HOLD,True,3,0,0,3,72.523416,6.619777,6025.103396,2190.998306,GROWTH,1797.815878,79.0
CASE_04157,EXHAUSTED_ZONE,DEGRADING,HIGH,STRONG,FAIL,FAIL,True,3,0,3,0,17.777035,-1.208863,7460.834601,2725.074333,BREAKDOWN,2625.85451,19.573031
CASE_04166,EXHAUSTED_ZONE,TERMINAL,HIGH,STRONG,FAIL,FAIL,True,4,1,3,0,16.446338,-1.371503,11758.736388,3058.076331,BREAKDOWN,1158.149622,18.93055
CASE_04193,RECOVERED_ZONE,STRENGTHENING,HIGH,STRONG,HOLD,HOLD,True,4,0,0,4,106.411765,6.222385,9639.013477,3024.929634,GROWTH,3241.505024,104.280737
CASE_04196,FATIGUE_ZONE,STRENGTHENING,HIGH,STRONG,HOLD,HOLD,True,3,0,0,3,69.785714,3.642857,3743.311174,1566.160516,GROWTH,1789.936491,79.0
CASE_04199,FATIGUE_ZONE,STRENGTHENING,MEDIUM,MODERATE,HOLD,HOLD,True,2,0,0,2,74.253361,3.33838,3461.559213,1753.652798,GROWTH,90.100632,79.0
CASE_04200,FATIGUE_ZONE,STRENGTHENING,HIGH,STRONG,HOLD,HOLD,True,3,0,0,3,74.018868,4.798784,5289.123992,1978.400485,GROWTH,1659.687569,79.0
CASE_04206,FATIGUE_ZONE,STRENGTHENING,HIGH,STRONG,HOLD,HOLD,True,4,0,0,4,73.534653,5.261282,8994.195834,3137.587287,GROWTH,1307.904423,79.0
CASE_04207,EXHAUSTED_ZONE,TERMINAL,HIGH,STRONG,FAIL,FAIL,True,4,2,2,0,17.92247,-0.70905,12178.058608,4278.018425,BREAKDOWN,2285.140709,13.566777
CASE_04209,EXHAUSTED_ZONE,DEGRADING,HIGH,STRONG,FAIL,FAIL,True,4,0,4,0,16.24326,-1.538186,13867.613647,4511.325004,BREAKDOWN,4786.299574,20.501794
CASE_04210,EXHAUSTED_ZONE,DEGRADING,HIGH,STRONG,FAIL,FAIL,True,4,0,3,0,17.263724,-1.324768,13920.299701,4535.260594,BREAKDOWN,4866.407008,18.053915
CASE_04211,EXHAUSTED_ZONE,DEGRADING,HIGH,STRONG,FAIL,FAIL,True,4,0,4,0,14.823998,-1.331953,17988.155731,4787.975807,BREAKDOWN,5088.427244,19.84939
CASE_04215,FATIGUE_ZONE,STRENGTHENING,HIGH,STRONG,HOLD,HOLD,True,5,0,0,5,76.861386,4.562376,10711.185666,3714.604661,GROWTH,1571.993732,79.0
CASE_04231,FATIGUE_ZONE,STRENGTHENING,HIGH,STRONG,HOLD,HOLD,True,4,0,0,4,67.142245,3.686032,8709.400519,3028.735682,GROWTH,3152.017859,79.0
CASE_04238,FATIGUE_ZONE,STRENGTHENING,HIGH,STRONG,HOLD,HOLD,True,3,0,0,3,70.245444,4.835348,12450.697015,4307.838722,GROWTH,4289.697673,75.36924
CASE_04254,FATIGUE_ZONE,STRENGTHENING,MEDIUM,MODERATE,HOLD,HOLD,True,2,0,0,2,76.647059,16.470588,6317.132817,3346.192738,GROWTH,1173.164118,79.0
CASE_04256,EXHAUSTED_ZONE,TERMINAL,MEDIUM,MODERATE,FAIL,FAIL,True,2,1,1,0,14.906048,-5.220716,8380.254668,4542.940966,BREAKDOWN,2929.021102,15.059464
CASE_04265,FATIGUE_ZONE,STRENGTHENING,HIGH,STRONG,HOLD,HOLD,True,6,0,0,6,72.046637,3.082919,14003.718086,2815.329867,GROWTH,1068.890849,79.0
CASE_04266,FATIGUE_ZONE,STRENGTHENING,HIGH,STRONG,HOLD,HOLD,True,6,0,0,6,66.956374,1.846345,15022.026397,3039.973372,GROWTH,2097.672396,71.628571
CASE_04272,ELASTIC_ZONE,STRENGTHENING,HIGH,STRONG,HOLD,HOLD,True,3,0,0,3,72.176471,6.352941,8711.628103,3656.771582,GROWTH,3878.652689,79.0
CASE_04280,FATIGUE_ZONE,STRENGTHENING,HIGH,STRONG,HOLD,HOLD,True,3,0,0,3,67.582524,4.427185,5272.532852,2638.096879,GROWTH,2658.719979,79.0
CASE_04281,FATIGUE_ZONE,STRENGTHENING,HIGH,STRONG,HOLD,HOLD,True,3,0,0,3,66.428571,4.342857,5483.459039,2896.68829,GROWTH,2755.775973,79.0
CASE_04282,EXHAUSTED_ZONE,TERMINAL,HIGH,STRONG,FAIL,FAIL,True,3,2,1,0,18.204539,-0.225226,9774.232192,4630.277249,BREAKDOWN,858.214261,19.043629
CASE_04284,EXHAUSTED_ZONE,DEGRADING,HIGH,STRONG,FAIL,FAIL,True,3,0,2,0,18.699455,-1.050273,8631.860232,3613.138215,BREAKDOWN,3190.731003,17.990645
CASE_04286,EXHAUSTED_ZONE,TERMINAL,HIGH,STRONG,FAIL,FAIL,True,3,2,1,0,15.181317,-1.365887,11941.000328,4209.714198,BREAKDOWN,4193.470166,17.177804
CASE_04294,EXHAUSTED_ZONE,TERMINAL,HIGH,STRONG,FAIL,FAIL,True,6,3,2,0,13.057444,-1.391411,11961.26101,2501.103354,BREAKDOWN,2403.549939,14.667089
CASE_04305,FATIGUE_ZONE,STRENGTHENING,MEDIUM,MODERATE,HOLD,HOLD,True,2,0,0,2,69.940771,3.53483,3472.015911,1752.345947,GROWTH,1956.251157,78.81317
CASE_04307,EXHAUSTED_ZONE,TERMINAL,MEDIUM,MODERATE,FAIL,FAIL,True,2,1,1,0,17.42384,-2.075943,5370.083513,2730.408336,BREAKDOWN,3050.263418,11.502606
CASE_04315,FATIGUE_ZONE,STRENGTHENING,MEDIUM,MODERATE,HOLD,HOLD,True,2,0,0,2,68.521127,7.43662,2623.401692,1326.658734,GROWTH,363.246914,79.0
CASE_04323,ELASTIC_ZONE,STRENGTHENING,HIGH,STRONG,HOLD,HOLD,True,4,0,0,4,68.942857,3.26515,7242.610429,2363.049639,GROWTH,2379.716363,79.0
CASE_04340,FATIGUE_ZONE,STRENGTHENING,MEDIUM,MODERATE,HOLD,HOLD,True,2,0,0,2,72.882353,4.941177,7526.77495,3891.816093,GROWTH,3760.163153,79.0
CASE_04341,FATIGUE_ZONE,STRENGTHENING,HIGH,STRONG,HOLD,HOLD,True,3,0,0,3,74.621683,4.075506,9729.848222,3395.728275,GROWTH,641.562299,79.0
CASE_04343,EXHAUSTED_ZONE,TERMINAL,HIGH,STRONG,FAIL,FAIL,True,7,2,3,0,17.765314,-0.361047,20124.268205,4551.624932,BREAKDOWN,174.051077,18.327839
CASE_04344,EXHAUSTED_ZONE,TERMINAL,HIGH,STRONG,FAIL,FAIL,True,7,2,2,0,16.758913,-0.536221,24184.754973,5322.058843,BREAKDOWN,1019.783684,16.958624
CASE_04345,EXHAUSTED_ZONE,TERMINAL,HIGH,STRONG,FAIL,FAIL,True,6,4,2,0,13.879585,-1.065711,46156.450643,11521.176856,BREAKDOWN,7552.749537,15.48733
CASE_04347,FATIGUE_ZONE,STRENGTHENING,HIGH,STRONG,HOLD,HOLD,True,4,0,0,4,70.376848,3.351334,22541.718133,9640.78103,GROWTH,10243.437557,78.432378
CASE_04353,EXHAUSTED_ZONE,DEGRADING,MEDIUM,MODERATE,FAIL,FAIL,True,2,0,2,0,14.863231,-1.424183,20099.644943,11568.332586,BREAKDOWN,6342.567119,10.618563
CASE_04354,EXHAUSTED_ZONE,DEGRADING,MEDIUM,MODERATE,FAIL,FAIL,True,2,0,2,0,15.025882,-1.449556,19808.183328,11228.114697,BREAKDOWN,9721.762448,11.049477
CASE_04355,FATIGUE_ZONE,STRENGTHENING,MEDIUM,MODERATE,HOLD,HOLD,True,2,0,0,2,70.423782,6.099878,14171.695846,7727.352377,GROWTH,7632.593725,79.0
CASE_04388,FATIGUE_ZONE,STRENGTHENING,MEDIUM,MODERATE,HOLD,HOLD,True,2,0,0,2,67.432131,8.546417,11509.384953,6002.547719,GROWTH,3790.616158,79.0
CASE_04398,FATIGUE_ZONE,STRENGTHENING,HIGH,STRONG,HOLD,HOLD,True,4,0,0,4,72.19505,5.182044,12241.61676,5682.905955,GROWTH,2963.360609,78.99844
CASE_04405,EXHAUSTED_ZONE,TERMINAL,HIGH,STRONG,FAIL,FAIL,True,4,3,1,0,15.080232,-0.95965,13283.645315,3760.859472,BREAKDOWN,1649.578799,17.338317
CASE_04412,FATIGUE_ZONE,STRENGTHENING,HIGH,STRONG,HOLD,HOLD,True,5,0,0,5,77.588235,4.718268,7046.414365,1873.581974,GROWTH,2090.410873,68.92
CASE_04413,EXHAUSTED_ZONE,TERMINAL,HIGH,STRONG,FAIL,FAIL,True,5,1,4,0,17.457388,-0.828713,14934.346731,3769.347163,BREAKDOWN,4205.572268,16.442841
CASE_04414,FATIGUE_ZONE,STRENGTHENING,HIGH,STRONG,HOLD,HOLD,True,3,0,0,3,71.871287,5.584158,6316.807315,3181.292882,GROWTH,3714.727118,79.0
CASE_04434,EXHAUSTED_ZONE,DEGRADING,MEDIUM,MODERATE,FAIL,FAIL,True,2,0,2,0,13.232949,-5.865592,8379.646317,4579.343116,BREAKDOWN,3418.65842,18.422706
CASE_04435,EXHAUSTED_ZONE,TERMINAL,HIGH,STRONG,FAIL,FAIL,True,3,2,1,0,16.638679,-1.799367,6122.174054,3011.634586,BREAKDOWN,118.302687,19.071104
CASE_04452,FATIGUE_ZONE,STRENGTHENING,MEDIUM,MODERATE,HOLD,HOLD,True,2,0,0,2,67.642799,6.356929,3198.78431,1699.542222,GROWTH,1216.25448,79.0
CASE_04453,RECOVERED_ZONE,STRENGTHENING,MEDIUM,MODERATE,HOLD,HOLD,True,2,0,0,2,101.029703,6.273099,8574.855483,4723.00449,GROWTH,3205.665766,116.0
CASE_04457,EXHAUSTED_ZONE,TERMINAL,MEDIUM,MODERATE,FAIL,FAIL,True,2,1,1,0,14.508043,-1.164257,4723.850962,2625.410608,BREAKDOWN,1552.646171,17.721544
CASE_04472,RECOVERED_ZONE,STRENGTHENING,HIGH,STRONG,HOLD,HOLD,True,4,0,0,4,113.411765,6.516957,10785.571395,3823.253117,GROWTH,597.443387,116.0
CASE_04476,RECOVERED_ZONE,STRENGTHENING,MEDIUM,MODERATE,HOLD,HOLD,True,2,0,0,2,98.981818,1.963636,3602.019227,3239.184202,GROWTH,3234.490341,116.0
CASE_04484,RECOVERED_ZONE,STRENGTHENING,MEDIUM,MODERATE,HOLD,HOLD,True,2,0,0,2,110.502947,9.363341,6085.255996,3321.95692,GROWTH,3286.069102,116.0
CASE_04499,EXHAUSTED_ZONE,TERMINAL,MEDIUM,MODERATE,FAIL,FAIL,True,2,1,1,0,15.287553,-4.421643,7369.488331,3762.795109,BREAKDOWN,3138.735849,19.269804
CASE_04501,FATIGUE_ZONE,STRENGTHENING,HIGH,STRONG,HOLD,HOLD,True,3,0,0,3,75.038835,7.115117,5841.471394,2040.217373,GROWTH,253.759177,79.0
CASE_04502,EXHAUSTED_ZONE,TERMINAL,HIGH,STRONG,FAIL,FAIL,True,3,1,2,0,16.377231,-2.065128,6431.160784,2760.284131,BREAKDOWN,2525.114313,17.785738
CASE_04512,FATIGUE_ZONE,STRENGTHENING,MEDIUM,MODERATE,HOLD,HOLD,True,2,0,0,2,62.640937,6.928066,2076.383221,1484.846303,GROWTH,1527.470025,79.0
CASE_04517,FATIGUE_ZONE,STRENGTHENING,MEDIUM,MODERATE,HOLD,HOLD,True,2,0,0,2,69.213592,6.757281,2826.856321,1495.411011,GROWTH,1408.124217,79.0
CASE_04526,EXHAUSTED_ZONE,TERMINAL,MEDIUM,MODERATE,FAIL,FAIL,True,2,2,0,0,14.544706,-5.57777,6181.572104,3161.252462,BREAKDOWN,1300.26877,19.910289
CASE_04527,EXHAUSTED_ZONE,TERMINAL,HIGH,STRONG,FAIL,FAIL,True,3,2,1,0,13.884928,-2.690584,7261.47827,3350.637827,BREAKDOWN,1610.454524,18.233137
CASE_04529,RECOVERED_ZONE,STRENGTHENING,HIGH,STRONG,HOLD,HOLD,True,3,0,0,3,98.069307,4.752475,6788.381234,2576.75033,GROWTH,2637.831326,109.0
CASE_04530,EXHAUSTED_ZONE,DEGRADING,HIGH,STRONG,FAIL,FAIL,True,4,0,4,0,16.086324,-1.404405,6765.696298,1726.520326,BREAKDOWN,1674.660827,18.123686
CASE_04531,EXHAUSTED_ZONE,TERMINAL,HIGH,STRONG,FAIL,FAIL,True,3,2,1,0,14.666209,-2.762973,4904.856283,1657.924307,BREAKDOWN,1648.87912,16.390707
CASE_04558,EXHAUSTED_ZONE,TERMINAL,HIGH,STRONG,FAIL,FAIL,True,4,1,2,0,18.50615,-0.440563,10366.355205,3597.455957,BREAKDOWN,3073.458725,12.459184
CASE_04559,EXHAUSTED_ZONE,DEGRADING,HIGH,STRONG,FAIL,FAIL,True,4,0,2,0,19.387914,-0.530413,8761.821479,3397.072007,BREAKDOWN,3403.083174,15.973954
CASE_04605,EXHAUSTED_ZONE,DEGRADING,MEDIUM,MODERATE,FAIL,HOLD,False,4,0,2,1,28.420749,0.754873,29767.034445,8416.802607,RECLAIM,875.663831,30.67458
CASE_04606,FATIGUE_ZONE,STRENGTHENING,HIGH,STRONG,HOLD,HOLD,True,4,0,0,4,71.543689,4.215247,26755.350735,9934.756183,GROWTH,3959.493341,79.0
CASE_04607,FATIGUE_ZONE,STRENGTHENING,HIGH,STRONG,HOLD,HOLD,True,4,0,0,4,69.752294,3.867403,23632.185294,8766.860722,GROWTH,4453.291365,79.0
CASE_04611,EXHAUSTED_ZONE,DEGRADING,MEDIUM,MODERATE,FAIL,FAIL,True,2,0,2,0,17.239284,-3.322923,13986.635882,11558.09323,BREAKDOWN,9164.361395,19.081897
CASE_04616,FATIGUE_ZONE,STRENGTHENING,MEDIUM,MODERATE,HOLD,HOLD,True,2,0,0,2,77.352941,18.246388,4446.724252,2304.343484,GROWTH,630.847633,79.0
CASE_04618,FATIGUE_ZONE,STRENGTHENING,MEDIUM,MODERATE,HOLD,HOLD,True,2,0,0,2,75.307692,17.76923,3542.720307,1984.754251,GROWTH,1201.456965,79.0
CASE_04620,FATIGUE_ZONE,STRENGTHENING,HIGH,STRONG,HOLD,HOLD,True,3,0,0,3,75.737864,8.038835,4847.896672,1637.803764,GROWTH,355.115347,78.034339
CASE_04621,EXHAUSTED_ZONE,TERMINAL,HIGH,STRONG,FAIL,FAIL,True,3,1,2,0,13.86099,-3.263549,12370.715146,4266.828404,BREAKDOWN,2850.772094,14.089885
CASE_04623,FATIGUE_ZONE,STRENGTHENING,HIGH,STRONG,HOLD,HOLD,True,3,0,0,3,68.191831,6.018992,6123.399261,2544.612496,GROWTH,2279.430024,79.0
CASE_04629,EXHAUSTED_ZONE,STABLE,HIGH,STRONG,HOLD,FAIL,False,3,0,2,0,20.652163,0.197326,5020.937226,1966.594767,BREAKDOWN,2148.662352,19.0951
CASE_04688,FATIGUE_ZONE,STRENGTHENING,MEDIUM,MODERATE,HOLD,HOLD,True,2,0,0,2,71.470588,2.823529,2973.481296,2013.018293,GROWTH,1814.124934,79.0
CASE_04708,FATIGUE_ZONE,STRENGTHENING,MEDIUM,MODERATE,HOLD,HOLD,True,2,0,0,2,69.481903,5.161515,2784.421861,1395.476362,GROWTH,1361.788727,78.116976
CASE_04711,FATIGUE_ZONE,STRENGTHENING,MEDIUM,MODERATE,HOLD,HOLD,True,2,0,0,2,67.594059,6.899329,3975.193095,1998.305021,GROWTH,2039.584923,79.0
CASE_04718,EXHAUSTED_ZONE,DEGRADING,MEDIUM,MODERATE,FAIL,FAIL,True,2,0,2,0,16.541169,-2.433895,7983.890614,4093.564075,BREAKDOWN,4583.84153,13.127772
CASE_04721,EXHAUSTED_ZONE,DEGRADING,MEDIUM,MODERATE,FAIL,HOLD,False,2,0,2,0,14.425963,-4.137177,7592.537389,4063.368974,RECLAIM,1515.071649,18.330028
CASE_04723,EXHAUSTED_ZONE,TERMINAL,HIGH,STRONG,FAIL,FAIL,True,3,1,2,0,20.054623,0.363967,12177.645471,4733.801152,BREAKDOWN,2585.157257,18.144285
CASE_04728,ELASTIC_ZONE,STRENGTHENING,HIGH,STRONG,HOLD,HOLD,True,3,0,0,3,67.235294,4.235294,5093.017131,1852.329304,GROWTH,1604.331496,77.436205
CASE_04751,EXHAUSTED_ZONE,TERMINAL,MEDIUM,MODERATE,FAIL,FAIL,True,2,1,1,0,19.029655,-0.787497,5514.792034,2827.519784,BREAKDOWN,3647.182311,12.86342
CASE_04762,FATIGUE_ZONE,STRENGTHENING,HIGH,STRONG,HOLD,HOLD,True,4,0,0,4,76.669903,6.494803,8183.878801,2399.228162,GROWTH,1513.301366,79.0
CASE_04765,ELASTIC_ZONE,STRENGTHENING,HIGH,STRONG,HOLD,HOLD,True,3,0,0,3,76.386139,6.891089,6435.680147,2299.172695,GROWTH,1969.756557,79.0
CASE_04777,EXHAUSTED_ZONE,TERMINAL,HIGH,STRONG,FAIL,FAIL,True,3,2,1,0,16.198893,-0.48446,12540.343736,4552.541682,BREAKDOWN,4325.073566,19.818607
CASE_04781,EXHAUSTED_ZONE,TERMINAL,HIGH,STRONG,FAIL,FAIL,True,3,1,2,0,20.058023,-0.229176,10219.693896,3653.412071,BREAKDOWN,3745.980139,17.564639
CASE_04782,FATIGUE_ZONE,STRENGTHENING,HIGH,STRONG,HOLD,HOLD,True,3,0,0,3,70.529412,3.411765,5544.076284,2720.750812,GROWTH,3090.723388,78.553777
CASE_04800,EXHAUSTED_ZONE,TERMINAL,MEDIUM,MODERATE,FAIL,FAIL,True,2,1,1,0,16.791187,-3.424232,5207.264309,2712.532776,BREAKDOWN,2739.431474,14.436692
CASE_04809,EXHAUSTED_ZONE,TERMINAL,MEDIUM,MODERATE,FAIL,FAIL,True,2,1,0,0,13.903883,-6.818303,6163.776234,5120.830086,BREAKDOWN,4699.921715,15.179648
CASE_04818,EXHAUSTED_ZONE,STABLE,MEDIUM,MODERATE,HOLD,FAIL,False,2,0,2,0,25.039217,-0.187811,5145.328193,2590.373874,BREAKDOWN,2045.485339,26.99147
CASE_04819,FATIGUE_ZONE,STRENGTHENING,HIGH,STRONG,HOLD,HOLD,True,3,0,0,3,67.705882,5.529411,4996.380636,2038.990505,GROWTH,3350.169515,79.0
CASE_04821,FATIGUE_ZONE,STRENGTHENING,HIGH,STRONG,HOLD,HOLD,True,5,0,0,5,78.287129,4.622761,14865.410892,3989.223942,GROWTH,622.565709,79.0
CASE_04825,EXHAUSTED_ZONE,TERMINAL,HIGH,STRONG,FAIL,FAIL,True,4,2,2,0,15.271245,-0.977427,18930.857664,5172.125465,BREAKDOWN,1916.16514,19.297955
CASE_04826,EXHAUSTED_ZONE,TERMINAL,HIGH,STRONG,FAIL,FAIL,True,6,2,4,0,16.698288,-0.569894,56416.295568,10303.732237,BREAKDOWN,4024.276877,19.78273
CASE_04835,FATIGUE_ZONE,STRENGTHENING,HIGH,STRONG,HOLD,HOLD,True,3,0,0,3,74.247525,9.029703,7162.53493,3536.660089,GROWTH,3319.053229,79.0
CASE_04836,RECOVERED_ZONE,STRENGTHENING,MEDIUM,MODERATE,HOLD,HOLD,True,2,0,0,2,106.597992,4.14309,12410.276682,6373.04565,GROWTH,6435.547398,116.0
CASE_04837,EXHAUSTED_ZONE,TERMINAL,MEDIUM,MODERATE,FAIL,FAIL,True,2,1,1,0,15.554264,-1.361102,7777.003355,3984.033108,BREAKDOWN,4329.196124,19.586529
CASE_04840,EXHAUSTED_ZONE,DEGRADING,MEDIUM,MODERATE,FAIL,FAIL,True,2,0,2,0,19.492845,-1.072951,7542.216325,4031.141325,BREAKDOWN,4951.38889,19.459599
CASE_04842,EXHAUSTED_ZONE,TERMINAL,HIGH,STRONG,FAIL,FAIL,True,3,1,2,0,19.070629,-0.762817,9052.681602,5528.972481,BREAKDOWN,1895.455771,19.293446
CASE_04845,EXHAUSTED_ZONE,TERMINAL,HIGH,STRONG,FAIL,FAIL,True,4,1,3,0,14.301371,-1.982091,13225.00127,3599.370259,BREAKDOWN,2583.152243,19.592095
CASE_04854,FATIGUE_ZONE,STRENGTHENING,MEDIUM,MODERATE,HOLD,HOLD,True,2,0,0,2,73.873236,12.206569,3642.660148,1895.794592,GROWTH,622.008777,79.0
CASE_04855,FATIGUE_ZONE,STRENGTHENING,HIGH,STRONG,HOLD,HOLD,True,4,0,0,4,68.972547,3.633136,5796.084829,2191.228875,GROWTH,1782.192128,79.0
CASE_04856,FATIGUE_ZONE,STRENGTHENING,HIGH,STRONG,HOLD,HOLD,True,4,0,0,4,64.936748,2.91132,6750.592665,2219.295758,GROWTH,1805.01997,79.0
CASE_04867,EXHAUSTED_ZONE,TERMINAL,HIGH,STRONG,FAIL,FAIL,True,4,4,0,0,17.691554,0.3163,22410.521746,7119.574307,BREAKDOWN,147.621119,19.66648
CASE_04869,RECOVERED_ZONE,STRENGTHENING,HIGH,STRONG,HOLD,HOLD,True,6,0,0,6,106.623762,3.769539,37843.647724,9616.295053,GROWTH,2774.769949,109.0
CASE_04871,EXHAUSTED_ZONE,DEGRADING,HIGH,STRONG,FAIL,FAIL,True,5,0,3,0,17.901263,-0.582138,20421.81855,5357.335143,BREAKDOWN,5975.947402,12.74116
CASE_04877,EXHAUSTED_ZONE,TERMINAL,HIGH,STRONG,FAIL,FAIL,True,3,2,1,0,14.464194,-2.271993,10277.619903,3532.269217,BREAKDOWN,3441.281441,19.619552
CASE_04894,ELASTIC_ZONE,STRENGTHENING,HIGH,STRONG,HOLD,HOLD,True,3,0,0,3,67.84146,5.364511,3374.84445,1996.744921,GROWTH,1825.923129,79.0
CASE_04895,FATIGUE_ZONE,STRENGTHENING,MEDIUM,MODERATE,HOLD,HOLD,True,2,0,0,2,66.652329,0.82851,3611.535342,1880.999026,GROWTH,1905.627149,79.0
CASE_04899,FATIGUE_ZONE,STRENGTHENING,HIGH,STRONG,HOLD,HOLD,True,4,0,0,4,75.483135,5.051871,9279.996865,3333.924183,GROWTH,1153.862734,79.0
CASE_04908,FATIGUE_ZONE,STRENGTHENING,HIGH,STRONG,HOLD,HOLD,True,4,0,0,4,72.482679,3.796905,12102.349633,3711.922739,GROWTH,3102.373922,79.0
CASE_04916,EXHAUSTED_ZONE,TERMINAL,HIGH,STRONG,FAIL,FAIL,True,3,1,2,0,17.471985,-1.067873,6954.139593,2936.352248,BREAKDOWN,3028.293796,17.05096
CASE_04924,EXHAUSTED_ZONE,TERMINAL,MEDIUM,MODERATE,FAIL,FAIL,True,2,1,1,0,19.027487,-0.593126,5455.113498,2739.311454,BREAKDOWN,1856.19637,16.286422
CASE_04927,FATIGUE_ZONE,STRENGTHENING,MEDIUM,MODERATE,HOLD,HOLD,True,2,0,0,2,75.603774,3.92912,2504.284745,1741.795476,GROWTH,606.545883,79.0
CASE_04938,FATIGUE_ZONE,STRENGTHENING,HIGH,STRONG,HOLD,HOLD,True,3,0,0,3,78.524752,6.105428,4148.046903,1630.840567,GROWTH,110.875419,79.0
CASE_04942,EXHAUSTED_ZONE,TERMINAL,HIGH,STRONG,FAIL,FAIL,True,3,2,1,0,18.45448,-0.345682,6942.690469,2379.795862,BREAKDOWN,838.035434,20.005828
CASE_04949,EXHAUSTED_ZONE,TERMINAL,HIGH,STRONG,FAIL,FAIL,True,3,1,2,0,13.948679,-3.180733,7972.07119,2837.664374,BREAKDOWN,1675.575657,15.5675
CASE_04975,ELASTIC_ZONE,STRENGTHENING,MEDIUM,MODERATE,HOLD,HOLD,True,2,0,0,2,72.668142,7.493588,4264.476028,2221.697151,GROWTH,1870.023112,79.0
CASE_04981,FATIGUE_ZONE,STRENGTHENING,HIGH,STRONG,HOLD,HOLD,True,3,0,0,3,70.433853,7.603719,6776.497401,2768.426045,GROWTH,2042.969217,79.0
CASE_04985,EXHAUSTED_ZONE,TERMINAL,HIGH,STRONG,FAIL,FAIL,True,3,2,1,0,18.837729,-0.597904,7798.926754,3615.891932,BREAKDOWN,1067.6217,17.532784
CASE_04989,RECOVERED_ZONE,STRENGTHENING,MEDIUM,MODERATE,HOLD,HOLD,True,2,0,0,2,108.584013,3.430167,7542.964883,3780.198683,GROWTH,3938.598503,116.0
CASE_04991,FATIGUE_ZONE,STRENGTHENING,HIGH,STRONG,HOLD,HOLD,True,3,0,0,3,63.756418,4.378209,7015.268321,2463.830163,GROWTH,2547.144078,79.0
CASE_05002,EXHAUSTED_ZONE,TERMINAL,MEDIUM,MODERATE,FAIL,FAIL,True,2,1,1,0,17.528176,-1.791424,6640.276661,3369.485228,BREAKDOWN,4051.835373,11.020255
CASE_05018,EXHAUSTED_ZONE,TERMINAL,HIGH,STRONG,FAIL,FAIL,True,3,1,1,0,14.421359,-3.189321,9878.098838,3787.183239,BREAKDOWN,2505.853596,18.89451
CASE_05019,EXHAUSTED_ZONE,TERMINAL,MEDIUM,MODERATE,FAIL,FAIL,True,2,1,1,0,15.21294,-4.72796,8359.042757,4545.554069,BREAKDOWN,3095.223231,18.740616
CASE_05024,EXHAUSTED_ZONE,TERMINAL,HIGH,STRONG,FAIL,FAIL,True,4,1,3,0,16.399029,-1.379787,7743.146581,3353.943362,BREAKDOWN,3713.516425,17.624281
CASE_05031,EXHAUSTED_ZONE,DEGRADING,HIGH,STRONG,FAIL,HOLD,False,3,0,3,0,23.066725,-1.091472,8150.309044,2778.823201,RECLAIM,2673.179091,30.406615
CASE_05033,EXHAUSTED_ZONE,TERMINAL,HIGH,STRONG,FAIL,FAIL,True,3,1,1,1,24.533006,-0.481172,8649.983178,2950.524846,BREAKDOWN,2894.66393,30.67458
CASE_05044,ELASTIC_ZONE,STRENGTHENING,MEDIUM,MODERATE,HOLD,HOLD,True,2,0,0,2,74.796268,10.916441,4168.102554,2264.930291,GROWTH,1767.979429,79.0
CASE_05051,EXHAUSTED_ZONE,DEGRADING,HIGH,STRONG,FAIL,FAIL,True,3,0,3,0,12.951906,-3.440055,23130.143759,8979.07942,BREAKDOWN,8882.607809,16.787179
CASE_05052,EXHAUSTED_ZONE,DEGRADING,HIGH,STRONG,FAIL,FAIL,True,3,0,3,0,14.123665,-2.488973,19798.951255,7590.03332,BREAKDOWN,4916.31323,17.087635
CASE_05053,EXHAUSTED_ZONE,DEGRADING,HIGH,STRONG,FAIL,FAIL,True,5,0,5,0,12.342418,-2.119929,41895.585506,9730.804676,BREAKDOWN,9686.754222,19.419553
CASE_05058,FATIGUE_ZONE,STRENGTHENING,HIGH,STRONG,HOLD,HOLD,True,3,0,0,3,69.1293,7.06465,8158.000468,3902.306867,GROWTH,3442.227444,76.456727
CASE_05064,FATIGUE_ZONE,STRENGTHENING,HIGH,STRONG,HOLD,HOLD,True,5,0,0,5,75.166421,3.596517,13194.298869,3120.069719,GROWTH,2056.18221,76.083603
CASE_05065,FATIGUE_ZONE,STRENGTHENING,HIGH,STRONG,HOLD,HOLD,True,5,0,0,5,75.558926,4.687454,13829.115196,3074.303123,GROWTH,3420.527783,77.12848
CASE_05067,EXHAUSTED_ZONE,TERMINAL,HIGH,STRONG,FAIL,FAIL,True,4,2,2,0,12.582648,-2.4071,10994.933487,2862.110806,BREAKDOWN,3798.384279,19.54684
CASE_05074,EXHAUSTED_ZONE,TERMINAL,HIGH,STRONG,FAIL,FAIL,True,3,2,1,0,17.046238,-1.497477,8013.871819,3695.149047,BREAKDOWN,3630.453547,19.574157
CASE_05083,FATIGUE_ZONE,STRENGTHENING,HIGH,STRONG,HOLD,HOLD,True,3,0,0,3,67.572086,3.05769,4499.222461,2049.437424,GROWTH,1919.749518,79.0
CASE_05085,EXHAUSTED_ZONE,DEGRADING,HIGH,STRONG,FAIL,FAIL,True,3,0,2,0,16.621065,-2.089468,9646.245461,4598.781112,BREAKDOWN,5522.7446,13.768951
CASE_05086,EXHAUSTED_ZONE,TERMINAL,HIGH,STRONG,FAIL,FAIL,True,4,2,2,0,14.800759,-2.076497,14392.439264,4726.037578,BREAKDOWN,3869.864424,18.659408
CASE_05091,EXHAUSTED_ZONE,TERMINAL,HIGH,STRONG,FAIL,FAIL,True,3,2,1,0,15.250806,-2.533332,9949.763336,3903.901519,BREAKDOWN,1094.449553,19.570323
CASE_05096,EXHAUSTED_ZONE,TERMINAL,HIGH,STRONG,FAIL,FAIL,True,3,1,2,0,17.130598,-1.763304,8461.059687,3929.101426,BREAKDOWN,1671.672417,18.546518
CASE_05099,FATIGUE_ZONE,STRENGTHENING,MEDIUM,MODERATE,HOLD,HOLD,True,2,0,0,2,74.99669,6.820219,3294.892284,1660.019626,GROWTH,1022.544467,79.0
CASE_05113,EXHAUSTED_ZONE,TERMINAL,HIGH,STRONG,FAIL,FAIL,True,3,3,0,0,14.662851,-2.337125,7038.120581,3847.768962,BREAKDOWN,1681.207874,17.857357
CASE_05116,FATIGUE_ZONE,STRENGTHENING,MEDIUM,MODERATE,HOLD,HOLD,True,2,0,0,2,65.518827,2.537014,2747.717472,1629.228839,GROWTH,1654.934693,77.783922
CASE_05117,EXHAUSTED_ZONE,DEGRADING,MEDIUM,MODERATE,FAIL,FAIL,True,2,0,2,0,18.85897,-0.808084,5147.254589,3093.236892,BREAKDOWN,3469.664748,18.384759
CASE_05120,FATIGUE_ZONE,STRENGTHENING,MEDIUM,MODERATE,HOLD,HOLD,True,2,0,0,2,68.023767,5.182183,3501.713618,1774.847,GROWTH,1770.981234,79.0
CASE_05131,EXHAUSTED_ZONE,TERMINAL,HIGH,STRONG,FAIL,FAIL,True,4,3,1,0,16.266295,-1.196817,14551.080575,5318.920776,BREAKDOWN,4761.336639,12.21087
CASE_05138,FATIGUE_ZONE,STRENGTHENING,MEDIUM,MODERATE,HOLD,HOLD,True,2,0,0,2,65.641509,2.716981,2791.149644,2446.287312,GROWTH,2373.063931,79.0
CASE_05139,FATIGUE_ZONE,STRENGTHENING,MEDIUM,MODERATE,HOLD,HOLD,True,2,0,0,2,64.142857,3.657143,2373.840622,2074.946603,GROWTH,2223.006812,79.0
CASE_05140,FATIGUE_ZONE,STRENGTHENING,HIGH,STRONG,HOLD,HOLD,True,4,0,0,4,62.42616,2.530369,4967.113359,2292.034232,GROWTH,2876.585442,79.0
CASE_05142,FATIGUE_ZONE,STRENGTHENING,HIGH,STRONG,HOLD,HOLD,True,4,0,0,4,70.230769,5.351934,5935.490441,2825.580706,GROWTH,1832.780469,79.0
CASE_05167,RECOVERED_ZONE,STRENGTHENING,HIGH,STRONG,HOLD,HOLD,True,3,0,0,3,100.352894,7.238704,16855.734711,6296.031468,GROWTH,6015.839172,108.523655
CASE_05169,RECOVERED_ZONE,STRENGTHENING,HIGH,STRONG,HOLD,HOLD,True,3,0,0,3,106.411765,3.411765,15242.813663,6107.729831,GROWTH,2944.519714,109.0
CASE_05176,FATIGUE_ZONE,STRENGTHENING,HIGH,STRONG,HOLD,HOLD,True,4,0,0,4,72.6,4.568889,7745.669932,2523.883784,GROWTH,677.840491,79.0
CASE_05178,FATIGUE_ZONE,STRENGTHENING,HIGH,STRONG,HOLD,HOLD,True,4,0,0,4,68.571722,1.831517,5949.776617,2177.259453,GROWTH,2319.621027,79.0
CASE_05180,FATIGUE_ZONE,STRENGTHENING,HIGH,STRONG,HOLD,HOLD,True,3,0,0,3,67.405774,3.257432,9506.108483,3601.883928,GROWTH,3689.361832,79.0
CASE_05183,FATIGUE_ZONE,STRENGTHENING,HIGH,STRONG,HOLD,HOLD,True,3,0,0,3,71.633663,2.851485,10004.895445,4078.813313,GROWTH,3593.933799,79.0
CASE_05190,FATIGUE_ZONE,STRENGTHENING,HIGH,STRONG,HOLD,HOLD,True,3,0,0,3,73.632596,4.197871,6429.558867,3345.140176,GROWTH,1871.090351,79.0
CASE_05192,FATIGUE_ZONE,STRENGTHENING,MEDIUM,MODERATE,HOLD,HOLD,True,2,0,0,2,70.253251,8.477718,3914.8412,1982.408486,GROWTH,2036.246619,79.0
CASE_05193,FATIGUE_ZONE,STRENGTHENING,HIGH,STRONG,HOLD,HOLD,True,4,0,0,4,76.411765,6.144053,9593.99357,3082.814971,GROWTH,177.871465,79.0
CASE_05194,FATIGUE_ZONE,STRENGTHENING,HIGH,STRONG,HOLD,HOLD,True,4,0,0,4,74.119523,6.095032,9986.61095,3373.0774,GROWTH,1223.725773,79.0
CASE_05195,FATIGUE_ZONE,STRENGTHENING,HIGH,STRONG,HOLD,HOLD,True,4,0,0,4,72.848685,4.773162,10485.94231,3096.212118,GROWTH,2363.879335,79.0
CASE_05197,EXHAUSTED_ZONE,TERMINAL,HIGH,STRONG,FAIL,FAIL,True,4,3,1,0,18.627725,-0.466809,13779.00846,4363.074043,BREAKDOWN,1849.258049,16.819446
CASE_05198,FATIGUE_ZONE,STRENGTHENING,HIGH,STRONG,HOLD,HOLD,True,3,0,0,3,74.428571,5.322607,6375.833625,2617.550401,GROWTH,1095.847659,79.0
CASE_05205,FATIGUE_ZONE,STRENGTHENING,HIGH,STRONG,HOLD,HOLD,True,5,0,0,5,71.217269,3.933886,8834.163848,2621.917837,GROWTH,2413.138001,79.0
CASE_05213,FATIGUE_ZONE,STRENGTHENING,MEDIUM,MODERATE,HOLD,HOLD,True,2,0,0,2,69.213592,9.320388,2933.442133,1495.492749,GROWTH,1496.791933,79.0
CASE_05216,EXHAUSTED_ZONE,TERMINAL,MEDIUM,MODERATE,FAIL,FAIL,True,2,1,1,0,12.51556,-7.690252,7005.704642,4169.470359,BREAKDOWN,3509.53165,16.979314
CASE_05228,EXHAUSTED_ZONE,DEGRADING,MEDIUM,MODERATE,FAIL,FAIL,True,2,0,2,0,18.392348,-1.401578,12499.715824,7183.264951,BREAKDOWN,8457.725841,19.831477
CASE_05240,FATIGUE_ZONE,STRENGTHENING,HIGH,STRONG,HOLD,HOLD,True,3,0,0,3,75.999963,9.911746,10261.417439,6413.940594,GROWTH,5701.419832,78.379434
CASE_05248,EXHAUSTED_ZONE,TERMINAL,HIGH,STRONG,FAIL,FAIL,True,5,4,1,0,18.740205,-0.32179,20719.076051,5726.746648,BREAKDOWN,2594.419789,19.116177
CASE_05279,EXHAUSTED_ZONE,TERMINAL,MEDIUM,MODERATE,FAIL,FAIL,True,2,2,0,0,10.116336,-2.620879,8245.807828,4297.263079,BREAKDOWN,4234.020918,11.465574
CASE_05282,EXHAUSTED_ZONE,DEGRADING,MEDIUM,MODERATE,FAIL,FAIL,True,2,0,2,0,17.717409,-2.199031,7386.624467,3900.404172,BREAKDOWN,3667.737379,14.658355
CASE_05283,FATIGUE_ZONE,STRENGTHENING,MEDIUM,MODERATE,HOLD,HOLD,True,2,0,0,2,70.207921,13.117007,4366.181092,2283.42254,GROWTH,2277.511094,79.0
CASE_05285,RECOVERED_ZONE,STRENGTHENING,MEDIUM,MODERATE,HOLD,HOLD,True,2,0,0,2,103.640777,8.287911,9951.011471,5333.38134,GROWTH,5764.704725,109.0
CASE_05286,FATIGUE_ZONE,STRENGTHENING,HIGH,STRONG,HOLD,HOLD,True,3,0,0,3,73.981818,8.023906,7630.117882,2734.406624,GROWTH,1270.907422,79.0
CASE_05288,FATIGUE_ZONE,STRENGTHENING,HIGH,STRONG,HOLD,HOLD,True,3,0,0,3,68.727098,5.363549,4740.700665,1622.09139,GROWTH,1538.509785,79.0
CASE_05298,FATIGUE_ZONE,STRENGTHENING,HIGH,STRONG,HOLD,HOLD,True,5,0,0,5,74.810178,3.320451,9850.727296,2628.374507,GROWTH,2800.827193,74.61282
CASE_05300,FATIGUE_ZONE,STRENGTHENING,HIGH,STRONG,HOLD,HOLD,True,3,0,0,3,72.192057,3.749874,6093.240374,2103.384294,GROWTH,2241.391506,78.172955
CASE_05317,RECOVERED_ZONE,STRENGTHENING,MEDIUM,MODERATE,HOLD,HOLD,True,2,0,0,2,98.747573,10.485437,8093.356544,4262.987677,GROWTH,4266.104982,109.0
CASE_05319,FATIGUE_ZONE,STRENGTHENING,MEDIUM,MODERATE,HOLD,HOLD,True,2,0,0,2,63.222222,5.333333,3416.769773,2293.98839,GROWTH,3096.424181,79.0
CASE_05324,EXHAUSTED_ZONE,TERMINAL,MEDIUM,MODERATE,FAIL,FAIL,True,2,2,0,0,14.156675,-5.772909,6773.611478,3590.39469,BREAKDOWN,3123.967841,11.68127
CASE_05326,EXHAUSTED_ZONE,TERMINAL,MEDIUM,MODERATE,FAIL,FAIL,True,2,1,1,0,12.18605,-7.456667,6003.09942,3035.877169,BREAKDOWN,3512.776754,12.405718
CASE_05338,FATIGUE_ZONE,STRENGTHENING,MEDIUM,MODERATE,HOLD,HOLD,True,2,0,0,2,68.456621,9.867836,4529.181206,2463.014407,GROWTH,2208.025818,79.0
CASE_05339,FATIGUE_ZONE,STRENGTHENING,HIGH,STRONG,HOLD,HOLD,True,3,0,0,3,65.576271,4.677966,7276.337983,2666.265987,GROWTH,2560.442982,79.0
CASE_05358,FATIGUE_ZONE,STRENGTHENING,HIGH,STRONG,HOLD,HOLD,True,4,0,0,4,69.030079,3.051129,9594.951481,3486.45969,GROWTH,2306.323813,79.0
CASE_05361,EXHAUSTED_ZONE,TERMINAL,MEDIUM,MODERATE,FAIL,FAIL,True,2,1,1,0,17.274988,-1.241059,9695.498388,4961.604616,BREAKDOWN,4807.850124,16.074125
CASE_05403,RECOVERED_ZONE,STRENGTHENING,MEDIUM,MODERATE,HOLD,HOLD,True,2,0,0,2,95.089647,1.916584,15562.289766,8308.797055,GROWTH,10139.823296,107.799138
CASE_05406,EXHAUSTED_ZONE,DEGRADING,HIGH,STRONG,FAIL,FAIL,True,3,0,2,0,12.74391,-4.028045,11735.941592,5040.080352,BREAKDOWN,4265.490495,12.452523
CASE_05407,FATIGUE_ZONE,STRENGTHENING,HIGH,STRONG,HOLD,HOLD,True,3,0,0,3,72.882353,5.789575,7676.593915,3041.48028,GROWTH,2598.453503,79.0
CASE_05410,EXHAUSTED_ZONE,DEGRADING,HIGH,STRONG,FAIL,FAIL,True,4,0,3,0,14.526716,-1.766373,8321.662792,2387.423596,BREAKDOWN,2706.584549,19.609054
CASE_05425,RECOVERED_ZONE,STRENGTHENING,HIGH,STRONG,HOLD,HOLD,True,5,0,0,5,104.294118,3.869471,21409.673615,4753.771459,GROWTH,4337.266931,109.0
CASE_05435,EXHAUSTED_ZONE,TERMINAL,HIGH,STRONG,FAIL,FAIL,True,3,2,1,0,13.688865,-2.832549,15330.846833,5347.942355,BREAKDOWN,4124.829384,16.846812
CASE_05436,EXHAUSTED_ZONE,TERMINAL,HIGH,STRONG,FAIL,FAIL,True,3,1,2,0,14.877905,-2.486928,15703.267447,5742.954691,BREAKDOWN,3779.32402,18.386201
CASE_05437,EXHAUSTED_ZONE,TERMINAL,HIGH,STRONG,FAIL,FAIL,True,8,1,5,0,18.788501,-0.559738,28247.037543,5730.643047,BREAKDOWN,5884.767331,12.484022
CASE_05440,EXHAUSTED_ZONE,TERMINAL,HIGH,STRONG,FAIL,FAIL,True,7,1,5,0,15.65929,-0.887736,20971.630249,4297.407943,BREAKDOWN,1565.883669,16.774191
CASE_05441,FATIGUE_ZONE,STRENGTHENING,HIGH,STRONG,HOLD,HOLD,True,5,0,0,5,72.708738,4.170874,6124.966984,1500.235189,GROWTH,1336.604203,79.0
CASE_05456,FATIGUE_ZONE,STRENGTHENING,MEDIUM,MODERATE,HOLD,HOLD,True,2,0,0,2,63.119667,6.748238,5986.97191,3922.499046,GROWTH,4253.011886,79.0
CASE_05465,FATIGUE_ZONE,STRENGTHENING,HIGH,STRONG,HOLD,HOLD,True,3,0,0,3,67.317959,4.669928,6584.129034,3102.135766,GROWTH,3026.810517,79.0
CASE_05469,FATIGUE_ZONE,STRENGTHENING,MEDIUM,MODERATE,HOLD,HOLD,True,2,0,0,2,74.247525,10.217822,4309.315627,2240.098306,GROWTH,2117.789571,79.0
CASE_05474,FATIGUE_ZONE,STRENGTHENING,HIGH,STRONG,HOLD,HOLD,True,3,0,0,3,71.467705,8.233852,5234.29228,1940.71844,GROWTH,1973.022131,79.0
CASE_05477,EXHAUSTED_ZONE,TERMINAL,HIGH,STRONG,FAIL,FAIL,True,3,1,2,0,15.061214,-1.863003,10803.897066,4324.080519,BREAKDOWN,1578.974953,16.129471
CASE_05480,FATIGUE_ZONE,STRENGTHENING,HIGH,STRONG,HOLD,HOLD,True,5,0,0,5,72.584158,4.211481,6205.748007,1969.320441,GROWTH,1816.874152,79.0
CASE_05492,EXHAUSTED_ZONE,DEGRADING,HIGH,STRONG,FAIL,FAIL,True,4,0,3,0,14.811685,-1.576594,11511.627322,2934.125412,BREAKDOWN,2930.879847,14.71213
CASE_05493,EXHAUSTED_ZONE,TERMINAL,HIGH,STRONG,FAIL,FAIL,True,5,4,1,0,15.869696,-0.813205,12531.827441,3332.525362,BREAKDOWN,2595.982735,18.593002
CASE_05524,FATIGUE_ZONE,STRENGTHENING,HIGH,STRONG,HOLD,HOLD,True,6,0,0,6,73.743981,3.319034,11083.073175,2241.734198,GROWTH,2055.165309,79.0
CASE_05528,EXHAUSTED_ZONE,DEGRADING,HIGH,STRONG,FAIL,FAIL,True,4,0,2,0,16.289408,-0.793334,13877.636208,4239.530678,BREAKDOWN,4672.812703,17.08338
CASE_05529,FATIGUE_ZONE,STRENGTHENING,HIGH,STRONG,HOLD,HOLD,True,4,0,0,4,75.538462,6.172496,11999.997233,4616.924739,GROWTH,4409.520541,79.0
CASE_05537,RECOVERED_ZONE,STRENGTHENING,HIGH,STRONG,HOLD,HOLD,True,4,0,0,4,106.386139,4.728713,13635.200918,6090.351744,GROWTH,5430.716893,101.40935
CASE_05538,RECOVERED_ZONE,STRENGTHENING,HIGH,STRONG,HOLD,HOLD,True,4,0,0,4,105.910891,4.728713,13733.007081,6021.162702,GROWTH,5025.023119,108.579169
CASE_05559,RECOVERED_ZONE,STRENGTHENING,HIGH,STRONG,HOLD,HOLD,True,3,0,0,3,110.174757,6.649889,11507.238893,4056.823485,GROWTH,2371.627049,116.0
CASE_05561,ELASTIC_ZONE,STRENGTHENING,HIGH,STRONG,HOLD,HOLD,True,4,0,0,4,74.960396,6.394654,5942.683111,1691.019315,GROWTH,1862.038782,79.0
CASE_05563,FATIGUE_ZONE,STRENGTHENING,HIGH,STRONG,HOLD,HOLD,True,4,0,0,4,70.504425,4.099115,5258.69166,1592.898109,GROWTH,1176.279896,79.0
CASE_05572,FATIGUE_ZONE,STRENGTHENING,HIGH,STRONG,HOLD,HOLD,True,4,0,0,4,68.974684,4.069678,7195.965069,2328.453085,GROWTH,589.65065,74.005031
CASE_05575,FATIGUE_ZONE,STRENGTHENING,HIGH,STRONG,HOLD,HOLD,True,5,0,0,5,76.056604,4.358025,21841.759888,5919.792851,GROWTH,893.384156,79.0
CASE_05583,FATIGUE_ZONE,STRENGTHENING,HIGH,STRONG,HOLD,HOLD,True,4,0,0,4,75.271845,4.629695,11552.998027,3180.278775,GROWTH,1363.357003,79.0
CASE_05593,FATIGUE_ZONE,STRENGTHENING,HIGH,STRONG,HOLD,HOLD,True,3,0,0,3,77.368932,8.504854,7687.931125,3300.84827,GROWTH,3677.758279,74.841333
CASE_05595,EXHAUSTED_ZONE,DEGRADING,HIGH,STRONG,FAIL,FAIL,True,4,0,2,0,11.523678,-2.703277,20190.369981,7703.348458,BREAKDOWN,2263.621453,18.907628
CASE_05599,FATIGUE_ZONE,STRENGTHENING,HIGH,STRONG,HOLD,HOLD,True,5,0,0,5,72.910448,3.886567,20364.677256,5700.227529,GROWTH,337.436677,79.0
CASE_05617,FATIGUE_ZONE,STRENGTHENING,HIGH,STRONG,HOLD,HOLD,True,3,0,0,3,77.117647,10.050817,6730.77227,3046.468866,GROWTH,900.243103,79.0
CASE_05621,FATIGUE_ZONE,STRENGTHENING,MEDIUM,MODERATE,HOLD,HOLD,True,2,0,0,2,71.895332,7.341934,6424.811258,3253.722766,GROWTH,1843.253584,79.0
CASE_05631,EXHAUSTED_ZONE,DEGRADING,HIGH,STRONG,FAIL,FAIL,True,4,0,3,0,15.581308,-1.508716,8960.402919,3894.603458,BREAKDOWN,3942.47665,10.842018
CASE_05632,FATIGUE_ZONE,STRENGTHENING,MEDIUM,MODERATE,HOLD,HOLD,True,2,0,0,2,61.721269,6.721269,3437.883773,2764.119492,GROWTH,2991.429585,79.0
CASE_05633,FATIGUE_ZONE,STRENGTHENING,HIGH,STRONG,HOLD,HOLD,True,3,0,0,3,72.882353,6.286985,4130.181954,1694.542412,GROWTH,1443.015771,79.0
CASE_05663,FATIGUE_ZONE,STRENGTHENING,HIGH,STRONG,HOLD,HOLD,True,3,0,0,3,62.366337,2.388626,6411.749539,2758.969815,GROWTH,3609.128771,76.43977
CASE_05665,FATIGUE_ZONE,STRENGTHENING,HIGH,STRONG,HOLD,HOLD,True,6,0,0,6,74.018868,3.072468,14458.970676,3622.327769,GROWTH,2220.535676,79.0
CASE_05667,EXHAUSTED_ZONE,DEGRADING,HIGH,STRONG,FAIL,FAIL,True,6,0,5,0,16.817721,-0.80424,18980.177518,4689.619374,BREAKDOWN,4016.570789,7.145362
CASE_05672,EXHAUSTED_ZONE,DEGRADING,HIGH,STRONG,FAIL,FAIL,True,5,0,4,0,15.381271,-1.447664,13240.379863,3599.572598,BREAKDOWN,1798.30094,17.587524
CASE_05674,FATIGUE_ZONE,STRENGTHENING,HIGH,STRONG,HOLD,HOLD,True,5,0,0,5,74.459459,2.94054,7112.874965,1949.327136,GROWTH,111.966407,79.0
CASE_05680,ELASTIC_ZONE,STRENGTHENING,HIGH,STRONG,HOLD,HOLD,True,7,0,0,7,74.717163,3.135377,22526.643843,3845.110282,GROWTH,2016.845771,79.0
CASE_05684,FATIGUE_ZONE,STRENGTHENING,HIGH,STRONG,HOLD,HOLD,True,5,0,0,5,72.555556,4.377778,11430.856894,3679.218385,GROWTH,1452.507523,79.0
CASE_05689,RECOVERED_ZONE,STRENGTHENING,HIGH,STRONG,HOLD,HOLD,True,4,0,0,4,103.449222,4.001004,25622.584934,8085.635156,GROWTH,2514.753512,109.0
CASE_05690,RECOVERED_ZONE,STRENGTHENING,HIGH,STRONG,HOLD,HOLD,True,5,0,0,5,100.441103,2.831845,28244.281526,8098.122831,GROWTH,8414.052209,102.79127
CASE_05691,FATIGUE_ZONE,STRENGTHENING,HIGH,STRONG,HOLD,HOLD,True,5,0,0,5,69.227786,2.737607,10728.198679,2964.875535,GROWTH,3040.271459,79.0
CASE_05693,FATIGUE_ZONE,STRENGTHENING,HIGH,STRONG,HOLD,HOLD,True,4,0,0,4,68.333685,3.950444,8838.97518,3027.548837,GROWTH,3018.19513,79.0
CASE_05694,EXHAUSTED_ZONE,TERMINAL,HIGH,STRONG,FAIL,FAIL,True,5,1,3,0,17.382443,-0.692742,23426.712184,7311.990639,BREAKDOWN,1944.640539,18.191432
CASE_05695,FATIGUE_ZONE,STRENGTHENING,HIGH,STRONG,HOLD,HOLD,True,4,0,0,4,70.75,4.743987,12425.48837,4900.793182,GROWTH,2510.717687,79.0
CASE_05696,FATIGUE_ZONE,STRENGTHENING,HIGH,STRONG,HOLD,HOLD,True,5,0,0,5,74.644312,4.247968,23903.064499,5398.104731,GROWTH,2385.323431,79.0
CASE_05702,FATIGUE_ZONE,STRENGTHENING,HIGH,STRONG,HOLD,HOLD,True,4,0,0,4,67.819321,3.703882,15055.740306,5266.549185,GROWTH,4846.47417,79.0
CASE_05707,EXHAUSTED_ZONE,TERMINAL,MEDIUM,MODERATE,FAIL,FAIL,True,2,1,1,0,15.182087,-5.530033,8212.127114,4348.02565,BREAKDOWN,4554.091981,16.777106
CASE_05726,FATIGUE_ZONE,STRENGTHENING,MEDIUM,MODERATE,HOLD,HOLD,True,2,0,0,2,69.471593,10.75396,4310.214789,2516.44555,GROWTH,1534.020889,79.0
CASE_05734,FATIGUE_ZONE,STRENGTHENING,HIGH,STRONG,HOLD,HOLD,True,5,0,0,5,77.117647,3.813979,12091.970753,2857.887604,GROWTH,959.670215,79.0
CASE_05739,EXHAUSTED_ZONE,TERMINAL,HIGH,STRONG,FAIL,FAIL,True,4,2,2,0,17.454393,-0.632227,19514.609601,5497.371774,BREAKDOWN,1843.889244,19.091536
CASE_05740,EXHAUSTED_ZONE,TERMINAL,HIGH,STRONG,FAIL,FAIL,True,5,1,3,0,17.913665,-0.78097,17367.723382,4887.577451,BREAKDOWN,3531.022638,19.273484
CASE_05741,RECOVERED_ZONE,STRENGTHENING,HIGH,STRONG,HOLD,HOLD,True,6,0,0,6,102.941748,3.268143,27645.442922,7085.591291,GROWTH,7250.690368,109.0
CASE_05742,RECOVERED_ZONE,STRENGTHENING,HIGH,STRONG,HOLD,HOLD,True,4,0,0,4,97.408409,3.04748,19282.474865,6281.267857,GROWTH,6068.319494,108.674055
CASE_05744,FATIGUE_ZONE,STRENGTHENING,HIGH,STRONG,HOLD,HOLD,True,4,0,0,4,74.403364,4.654401,8966.455822,2342.950487,GROWTH,2433.381447,79.0
CASE_05750,EXHAUSTED_ZONE,DEGRADING,HIGH,STRONG,FAIL,FAIL,True,3,0,3,0,15.636764,-2.725891,12396.299702,5105.578233,BREAKDOWN,5245.86647,18.861173
CASE_05751,EXHAUSTED_ZONE,DEGRADING,HIGH,STRONG,FAIL,FAIL,True,3,0,2,0,15.352188,-1.028798,15588.778049,5597.16802,BREAKDOWN,5501.351639,14.099378
CASE_05763,EXHAUSTED_ZONE,TERMINAL,HIGH,STRONG,FAIL,FAIL,True,5,2,2,0,12.200856,-1.19749,32801.417272,8926.932612,BREAKDOWN,3614.000006,16.381447
CASE_05766,EXHAUSTED_ZONE,DEGRADING,HIGH,STRONG,FAIL,FAIL,True,4,0,3,0,15.803364,-0.912802,28955.583605,9089.143666,BREAKDOWN,9477.220474,19.47735
CASE_05772,FATIGUE_ZONE,STRENGTHENING,HIGH,STRONG,HOLD,HOLD,True,3,0,0,3,77.336634,10.217822,5519.449579,2776.643758,GROWTH,310.071661,79.0
CASE_05773,FATIGUE_ZONE,STRENGTHENING,HIGH,STRONG,HOLD,HOLD,True,3,0,0,3,76.411765,10.0,5387.318546,2788.198657,GROWTH,632.923899,79.0
CASE_05776,EXHAUSTED_ZONE,DEGRADING,HIGH,STRONG,FAIL,FAIL,True,3,0,3,0,16.526761,-0.998928,10333.75502,4611.809682,BREAKDOWN,4832.749949,15.478332
CASE_05778,RECOVERED_ZONE,STRENGTHENING,HIGH,STRONG,HOLD,HOLD,True,4,0,0,4,105.076923,5.330769,17655.103644,5937.230505,GROWTH,6685.363985,109.0
CASE_05782,ELASTIC_ZONE,STRENGTHENING,HIGH,STRONG,HOLD,HOLD,True,4,0,0,4,72.108911,4.593758,9619.843467,2810.210847,GROWTH,2918.058862,79.0
CASE_05792,FATIGUE_ZONE,STRENGTHENING,HIGH,STRONG,HOLD,HOLD,True,5,0,0,5,74.401779,4.502031,13442.146485,2858.726537,GROWTH,2063.934748,79.0
CASE_05802,EXHAUSTED_ZONE,TERMINAL,HIGH,STRONG,FAIL,FAIL,True,3,1,2,0,15.673631,-1.931418,17958.988531,6751.88816,BREAKDOWN,6310.928542,13.368542
CASE_05803,FATIGUE_ZONE,STRENGTHENING,HIGH,STRONG,HOLD,HOLD,True,3,0,0,3,74.058824,7.058824,8778.259488,3034.63763,GROWTH,3253.863708,79.0
CASE_05832,EXHAUSTED_ZONE,TERMINAL,HIGH,STRONG,FAIL,FAIL,True,3,3,0,0,15.180793,-2.13032,7230.079145,3125.078068,BREAKDOWN,2957.824199,15.292093
CASE_05834,RECOVERED_ZONE,STRENGTHENING,HIGH,STRONG,HOLD,HOLD,True,3,0,0,3,95.455446,2.851485,9684.801552,3640.112555,GROWTH,4395.706809,108.050531
CASE_05841,FATIGUE_ZONE,STRENGTHENING,MEDIUM,MODERATE,HOLD,HOLD,True,2,0,0,2,74.090099,3.090099,3938.353057,1984.199405,GROWTH,1551.721891,77.022813
CASE_05849,FATIGUE_ZONE,STRENGTHENING,HIGH,STRONG,HOLD,HOLD,True,3,0,0,3,75.727611,7.065857,5192.380321,1862.444552,GROWTH,529.148,79.0
CASE_05857,FATIGUE_ZONE,STRENGTHENING,HIGH,STRONG,HOLD,HOLD,True,3,0,0,3,72.8147,2.789703,7453.542488,2634.834975,GROWTH,1527.197216,79.0
CASE_05862,EXHAUSTED_ZONE,DEGRADING,HIGH,STRONG,FAIL,FAIL,True,5,0,5,0,13.449452,-1.646545,13461.178536,3311.350673,BREAKDOWN,2895.565715,11.984952
CASE_05864,EXHAUSTED_ZONE,TERMINAL,HIGH,STRONG,FAIL,FAIL,True,4,2,1,0,13.964468,-2.219114,9548.296652,2708.319486,BREAKDOWN,2844.757938,19.49492
CASE_05878,FATIGUE_ZONE,STRENGTHENING,HIGH,STRONG,HOLD,HOLD,True,3,0,0,3,68.176471,5.537831,6075.818831,2350.584463,GROWTH,2531.493271,79.0
CASE_05881,EXHAUSTED_ZONE,TERMINAL,HIGH,STRONG,FAIL,FAIL,True,3,1,1,0,13.073566,-3.514548,13877.497609,4997.570431,BREAKDOWN,4672.547552,13.897415
CASE_05884,FATIGUE_ZONE,STRENGTHENING,HIGH,STRONG,HOLD,HOLD,True,4,0,0,4,68.2049,3.444848,6072.203933,1910.921595,GROWTH,1567.833576,79.0
CASE_05895,FATIGUE_ZONE,STRENGTHENING,HIGH,STRONG,HOLD,HOLD,True,3,0,0,3,72.584158,5.70297,10194.249323,4066.807924,GROWTH,2224.50091,79.0
CASE_05904,FATIGUE_ZONE,STRENGTHENING,MEDIUM,MODERATE,HOLD,HOLD,True,2,0,0,2,74.2,4.114286,5366.02352,3142.314521,GROWTH,238.914837,79.0
CASE_05909,FATIGUE_ZONE,STRENGTHENING,HIGH,STRONG,HOLD,HOLD,True,3,0,0,3,67.461538,4.730769,5646.106596,2333.050243,GROWTH,2789.370732,77.621288
CASE_05912,EXHAUSTED_ZONE,DEGRADING,HIGH,STRONG,FAIL,FAIL,True,6,0,4,0,16.540199,-0.648613,18172.573497,4696.935373,BREAKDOWN,2403.886878,19.891316
CASE_05915,FATIGUE_ZONE,STRENGTHENING,HIGH,STRONG,HOLD,HOLD,True,4,0,0,4,74.058824,4.870588,7695.083236,2973.970147,GROWTH,2075.689656,79.0
CASE_05923,FATIGUE_ZONE,STRENGTHENING,HIGH,STRONG,HOLD,HOLD,True,5,0,0,5,71.685714,2.535818,11054.658718,2907.844461,GROWTH,2226.661501,79.0
CASE_05935,EXHAUSTED_ZONE,DEGRADING,HIGH,STRONG,FAIL,FAIL,True,5,0,5,0,12.478698,-2.068941,12963.735901,3407.410286,BREAKDOWN,2923.887387,12.929654
CASE_05936,EXHAUSTED_ZONE,DEGRADING,HIGH,STRONG,FAIL,FAIL,True,5,0,4,0,16.008958,-1.042762,16241.384417,3483.6269,BREAKDOWN,2311.947292,15.626456
CASE_05941,FATIGUE_ZONE,STRENGTHENING,MEDIUM,MODERATE,HOLD,HOLD,True,2,0,0,2,73.503873,7.643728,3427.585411,1739.957658,GROWTH,765.262721,79.0
CASE_05948,EXHAUSTED_ZONE,TERMINAL,HIGH,STRONG,FAIL,FAIL,True,3,1,2,0,18.118707,-0.330598,9535.334162,4471.888809,BREAKDOWN,3378.891375,19.471784
CASE_05952,EXHAUSTED_ZONE,TERMINAL,MEDIUM,MODERATE,FAIL,FAIL,True,2,1,1,0,15.760472,-3.87864,9726.553427,5851.682546,BREAKDOWN,2563.56437,14.03403
CASE_05955,RECOVERED_ZONE,STRENGTHENING,HIGH,STRONG,HOLD,HOLD,True,4,0,0,4,107.574257,5.655445,14860.161439,5455.504082,GROWTH,3165.159483,109.0
CASE_05956,FATIGUE_ZONE,STRENGTHENING,HIGH,STRONG,HOLD,HOLD,True,4,0,0,4,74.722772,5.655445,7605.732594,3091.503818,GROWTH,1720.459385,79.0
CASE_05962,EXHAUSTED_ZONE,DEGRADING,HIGH,STRONG,FAIL,FAIL,True,3,0,3,0,19.273366,-0.582098,5833.206312,2321.268098,BREAKDOWN,4805.767739,17.851723
CASE_05981,FATIGUE_ZONE,STRENGTHENING,HIGH,STRONG,HOLD,HOLD,True,4,0,0,4,76.176471,5.283039,8738.854335,2316.123846,GROWTH,1488.669177,75.350919
CASE_05984,RECOVERED_ZONE,STRENGTHENING,HIGH,STRONG,HOLD,HOLD,True,4,0,0,4,104.529412,5.8181,18884.002765,5706.917223,GROWTH,6762.960453,108.239163
CASE_05985,FATIGUE_ZONE,STRENGTHENING,HIGH,STRONG,HOLD,HOLD,True,4,0,0,4,73.96,5.936616,11400.279832,3365.505524,GROWTH,3890.959838,79.0
CASE_05994,EXHAUSTED_ZONE,STABLE,MEDIUM,MODERATE,HOLD,FAIL,False,2,0,1,0,20.407655,-0.392345,2512.678414,1344.754677,BREAKDOWN,4742.710778,12.589204
CASE_05996,FATIGUE_ZONE,STRENGTHENING,MEDIUM,MODERATE,HOLD,HOLD,True,2,0,0,2,77.117647,21.411765,3174.693239,2767.661542,GROWTH,916.916194,79.0
CASE_06000,FATIGUE_ZONE,STRENGTHENING,MEDIUM,MODERATE,HOLD,HOLD,True,2,0,0,2,66.582807,10.486065,3925.776914,2066.829338,GROWTH,2097.895547,79.0
CASE_06004,FATIGUE_ZONE,STRENGTHENING,HIGH,STRONG,HOLD,HOLD,True,4,0,0,4,63.792079,2.138614,6607.800642,2821.089751,GROWTH,4987.169426,79.0
CASE_06006,EXHAUSTED_ZONE,TERMINAL,HIGH,STRONG,FAIL,FAIL,True,4,1,3,0,19.563801,-0.28347,14179.08074,6981.042079,BREAKDOWN,275.424979,19.866722
CASE_06022,RECOVERED_ZONE,STRENGTHENING,MEDIUM,MODERATE,HOLD,HOLD,True,2,0,0,2,103.755286,8.370671,14443.16848,7793.827891,GROWTH,8331.653897,109.0
CASE_06023,EXHAUSTED_ZONE,TERMINAL,MEDIUM,MODERATE,FAIL,FAIL,True,2,1,1,0,13.010955,-5.660275,10532.918357,5517.825619,BREAKDOWN,6184.093361,14.582803
CASE_06029,EXHAUSTED_ZONE,TERMINAL,HIGH,STRONG,FAIL,FAIL,True,5,1,3,0,18.168444,-0.389043,12165.850947,3135.550532,BREAKDOWN,2046.788862,17.143684
CASE_06042,FATIGUE_ZONE,STRENGTHENING,HIGH,STRONG,HOLD,HOLD,True,3,0,0,3,72.176471,4.50835,3801.094184,1465.127592,GROWTH,1309.557901,77.581438
CASE_06043,FATIGUE_ZONE,STRENGTHENING,HIGH,STRONG,HOLD,HOLD,True,4,0,0,4,77.128112,5.37659,5012.63668,1455.05908,GROWTH,631.130857,79.0
CASE_06045,FATIGUE_ZONE,STRENGTHENING,HIGH,STRONG,HOLD,HOLD,True,3,0,0,3,67.0,5.884615,6887.502247,3029.732019,GROWTH,2620.145398,74.846154
CASE_06053,FATIGUE_ZONE,STRENGTHENING,MEDIUM,MODERATE,HOLD,HOLD,True,2,0,0,2,72.257559,8.42737,4665.536,2351.167398,GROWTH,1651.375542,79.0
CASE_06067,EXHAUSTED_ZONE,STABLE,MEDIUM,MODERATE,HOLD,HOLD,True,2,0,2,0,24.196504,-0.430279,12715.2513,6831.530693,RECLAIM,2468.783726,30.67458
CASE_06068,EXHAUSTED_ZONE,TERMINAL,HIGH,STRONG,FAIL,FAIL,True,4,1,2,0,30.67458,1.660524,21427.362598,7671.477769,BREAKDOWN,24.297931,30.67458
CASE_06069,FATIGUE_ZONE,STRENGTHENING,HIGH,STRONG,HOLD,HOLD,True,3,0,0,3,74.584,5.623381,19571.50357,8321.894283,GROWTH,224.865743,79.0
CASE_06070,EXHAUSTED_ZONE,TERMINAL,HIGH,STRONG,FAIL,FAIL,True,3,1,2,0,16.324003,-1.924294,25356.784381,10035.80404,BREAKDOWN,5950.735213,16.384652
CASE_06071,EXHAUSTED_ZONE,DEGRADING,HIGH,STRONG,FAIL,FAIL,True,3,0,2,0,14.935678,-0.929771,14126.654759,6073.521882,BREAKDOWN,5408.887986,17.242553
CASE_06074,FATIGUE_ZONE,STRENGTHENING,HIGH,STRONG,HOLD,HOLD,True,3,0,0,3,67.524961,5.413433,7190.390465,2862.540311,GROWTH,2979.676406,79.0
CASE_06076,RECOVERED_ZONE,STRENGTHENING,MEDIUM,MODERATE,HOLD,HOLD,True,2,0,0,2,106.737767,2.737767,12097.026429,6670.036119,GROWTH,6514.313189,116.0
CASE_06077,FATIGUE_ZONE,STRENGTHENING,HIGH,STRONG,HOLD,HOLD,True,3,0,0,3,68.104828,6.456985,6921.792891,2521.132529,GROWTH,2403.616295,79.0
CASE_06078,RECOVERED_ZONE,STRENGTHENING,HIGH,STRONG,HOLD,HOLD,True,6,0,0,6,113.386139,3.997963,40145.875251,9493.010224,GROWTH,1015.523547,115.032559
CASE_06079,RECOVERED_ZONE,STRENGTHENING,HIGH,STRONG,HOLD,HOLD,True,6,0,0,6,112.910891,3.982983,40470.275291,9595.12093,GROWTH,1464.519474,116.0
CASE_06083,EXHAUSTED_ZONE,TERMINAL,HIGH,STRONG,FAIL,FAIL,True,6,4,2,0,18.28161,-0.400281,21623.746756,5253.80374,BREAKDOWN,366.779111,19.588452
CASE_06085,FATIGUE_ZONE,STRENGTHENING,HIGH,STRONG,HOLD,HOLD,True,6,0,0,6,74.009901,3.143959,12577.758632,2696.868321,GROWTH,628.809493,79.0
CASE_06099,EXHAUSTED_ZONE,DEGRADING,HIGH,STRONG,FAIL,FAIL,True,3,0,2,0,13.474288,-2.778478,10815.583545,3749.560824,BREAKDOWN,3465.796323,18.373502
CASE_06100,FATIGUE_ZONE,STRENGTHENING,HIGH,STRONG,HOLD,HOLD,True,3,0,0,3,73.534653,5.543022,5583.508475,1954.057186,GROWTH,1924.919709,79.0
CASE_06110,ELASTIC_ZONE,STRENGTHENING,HIGH,STRONG,HOLD,HOLD,True,4,0,0,4,75.0,4.205692,15479.669287,4322.715388,GROWTH,174.202168,79.0
CASE_06115,EXHAUSTED_ZONE,DEGRADING,HIGH,STRONG,FAIL,FAIL,True,3,0,3,0,15.118558,-1.138555,11900.297925,5233.160062,BREAKDOWN,4942.145633,17.382483
CASE_06116,EXHAUSTED_ZONE,DEGRADING,HIGH,STRONG,FAIL,FAIL,True,3,0,3,0,17.221739,-1.275371,9122.513771,3668.541013,BREAKDOWN,4284.953224,11.61264
CASE_06119,EXHAUSTED_ZONE,TERMINAL,HIGH,STRONG,FAIL,FAIL,True,4,1,3,0,15.400125,-1.582263,19715.064088,6055.967731,BREAKDOWN,3631.129264,18.482363
CASE_06126,EXHAUSTED_ZONE,TERMINAL,HIGH,STRONG,FAIL,FAIL,True,3,2,1,0,15.683689,-1.662954,12913.784394,4460.162528,BREAKDOWN,4227.852531,15.17759
CASE_06147,EXHAUSTED_ZONE,TERMINAL,MEDIUM,MODERATE,FAIL,FAIL,True,2,1,1,0,16.714295,-3.456794,7737.979177,4047.980183,BREAKDOWN,4289.450484,11.443377
CASE_06152,RECOVERED_ZONE,STRENGTHENING,HIGH,STRONG,HOLD,HOLD,True,3,0,0,3,101.470588,8.0,11941.550309,5789.784001,GROWTH,5907.010597,98.971314
CASE_06159,FATIGUE_ZONE,STRENGTHENING,HIGH,STRONG,HOLD,HOLD,True,4,0,0,4,76.669903,5.800272,7018.602935,2068.882104,GROWTH,123.095068,79.0
CASE_06164,EXHAUSTED_ZONE,TERMINAL,MEDIUM,MODERATE,FAIL,FAIL,True,2,1,1,0,16.408062,-3.818777,6125.617512,3154.055258,BREAKDOWN,2351.131225,19.387378
CASE_06177,RECOVERED_ZONE,STRENGTHENING,MEDIUM,MODERATE,HOLD,HOLD,True,2,0,0,2,110.339623,7.924529,7619.458678,3907.111051,GROWTH,3730.184275,116.0
CASE_06189,EXHAUSTED_ZONE,TERMINAL,HIGH,STRONG,FAIL,FAIL,True,6,4,1,0,13.839131,-1.065995,17420.339196,3753.015321,BREAKDOWN,1498.186638,17.135541
CASE_06202,FATIGUE_ZONE,STRENGTHENING,HIGH,STRONG,HOLD,HOLD,True,4,0,0,4,73.692308,5.021963,10763.849364,3639.133089,GROWTH,1076.408525,79.0
CASE_06205,EXHAUSTED_ZONE,TERMINAL,HIGH,STRONG,FAIL,FAIL,True,4,1,2,0,17.498522,-1.390296,14240.606487,6325.971491,BREAKDOWN,2236.095132,18.822719
CASE_06227,EXHAUSTED_ZONE,TERMINAL,HIGH,STRONG,FAIL,FAIL,True,5,3,1,0,19.978195,0.088291,9846.298928,3440.260233,BREAKDOWN,2252.014709,13.702866
CASE_06230,FATIGUE_ZONE,STRENGTHENING,HIGH,STRONG,HOLD,HOLD,True,5,0,0,5,72.025641,3.81433,7988.480654,2064.085713,GROWTH,899.893523,79.0
CASE_06231,FATIGUE_ZONE,STRENGTHENING,HIGH,STRONG,HOLD,HOLD,True,4,0,0,4,70.378641,3.78499,4801.307285,1469.247514,GROWTH,1848.031835,79.0
CASE_06235,FATIGUE_ZONE,STRENGTHENING,HIGH,STRONG,HOLD,HOLD,True,5,0,0,5,76.669903,1.953736,20360.112559,4807.834085,GROWTH,5455.308653,77.339209
CASE_06244,FATIGUE_ZONE,STRENGTHENING,HIGH,STRONG,HOLD,HOLD,True,3,0,0,3,72.916906,8.272738,5057.271002,2459.526508,GROWTH,1768.544982,79.0
CASE_06245,EXHAUSTED_ZONE,TERMINAL,HIGH,STRONG,FAIL,FAIL,True,5,1,3,0,12.823791,-2.093711,17822.086168,5073.370248,BREAKDOWN,3676.863121,13.67915
CASE_06247,FATIGUE_ZONE,STRENGTHENING,MEDIUM,MODERATE,HOLD,HOLD,True,2,0,0,2,74.71579,14.408098,3881.134062,2239.576293,GROWTH,656.3884,79.0
CASE_06248,FATIGUE_ZONE,STRENGTHENING,HIGH,STRONG,HOLD,HOLD,True,6,0,0,6,76.647059,4.012434,18689.452397,3439.845236,GROWTH,1090.208195,77.930784
CASE_06269,FATIGUE_ZONE,STRENGTHENING,HIGH,STRONG,HOLD,HOLD,True,5,0,0,5,75.737864,3.915497,12167.395533,3335.406542,GROWTH,2168.35328,74.358875
CASE_06270,EXHAUSTED_ZONE,TERMINAL,HIGH,STRONG,FAIL,FAIL,True,5,1,2,0,16.06027,-0.727349,23927.451699,6692.233417,BREAKDOWN,4350.632104,16.93836
CASE_06285,FATIGUE_ZONE,STRENGTHENING,HIGH,STRONG,HOLD,HOLD,True,3,0,0,3,64.310034,3.256958,10590.60661,5181.704621,GROWTH,4752.03093,79.0
CASE_06287,RECOVERED_ZONE,STRENGTHENING,MEDIUM,MODERATE,HOLD,HOLD,True,2,0,0,2,101.654078,2.771725,11565.07348,6457.059989,GROWTH,5673.503503,109.0
CASE_06290,RECOVERED_ZONE,STRENGTHENING,HIGH,STRONG,HOLD,HOLD,True,3,0,0,3,114.171429,8.685714,18672.271392,6487.536925,GROWTH,400.994903,116.0
CASE_06291,FATIGUE_ZONE,STRENGTHENING,HIGH,STRONG,HOLD,HOLD,True,4,0,0,4,74.889919,5.713924,10544.13317,2848.220845,GROWTH,681.208366,77.736333
CASE_06292,EXHAUSTED_ZONE,DEGRADING,HIGH,STRONG,FAIL,FAIL,True,4,0,4,0,17.871146,-0.810013,23504.572561,7518.170844,BREAKDOWN,5699.634343,18.881509
CASE_06294,FATIGUE_ZONE,STRENGTHENING,HIGH,STRONG,HOLD,HOLD,True,5,0,0,5,73.214236,3.254395,13396.299025,2890.802499,GROWTH,883.947312,79.0
CASE_06296,EXHAUSTED_ZONE,DEGRADING,HIGH,STRONG,FAIL,FAIL,True,3,0,2,0,18.668448,-0.831983,17569.823509,7049.915495,BREAKDOWN,7705.965466,17.950777
CASE_06298,EXHAUSTED_ZONE,DEGRADING,MEDIUM,MODERATE,FAIL,FAIL,True,2,0,2,0,18.380833,-1.811859,11292.232976,7247.42217,BREAKDOWN,7177.610888,14.789509
CASE_06304,EXHAUSTED_ZONE,TERMINAL,HIGH,STRONG,FAIL,FAIL,True,4,3,1,0,15.051938,-1.384356,22060.293268,7434.832588,BREAKDOWN,598.177236,19.031145
CASE_06309,RECOVERED_ZONE,STRENGTHENING,HIGH,STRONG,HOLD,HOLD,True,3,0,0,3,100.872119,6.153881,16901.170201,12435.459024,GROWTH,7812.665468,109.0
CASE_06312,FATIGUE_ZONE,STRENGTHENING,HIGH,STRONG,HOLD,HOLD,True,3,0,0,3,74.572816,5.242718,11209.655042,4280.744636,GROWTH,1144.006262,79.0
CASE_06314,FATIGUE_ZONE,STRENGTHENING,HIGH,STRONG,HOLD,HOLD,True,4,0,0,4,75.910891,5.193518,11392.589005,3640.788185,GROWTH,844.807924,79.0
CASE_06315,EXHAUSTED_ZONE,TERMINAL,HIGH,STRONG,FAIL,FAIL,True,3,2,1,0,15.200521,-2.281801,16144.54624,7026.923091,BREAKDOWN,3382.835548,19.060125
CASE_06323,EXHAUSTED_ZONE,TERMINAL,HIGH,STRONG,FAIL,FAIL,True,3,2,1,0,15.338981,-1.527457,10238.946432,3930.730712,BREAKDOWN,4078.181952,11.567252
CASE_06324,FATIGUE_ZONE,STRENGTHENING,HIGH,STRONG,HOLD,HOLD,True,5,0,0,5,75.307692,4.453846,9626.66231,2971.389766,GROWTH,270.461179,79.0
CASE_06328,EXHAUSTED_ZONE,TERMINAL,HIGH,STRONG,FAIL,FAIL,True,5,3,2,0,19.863848,-0.042865,19714.006704,5290.571708,BREAKDOWN,2469.515494,17.995755
CASE_06332,EXHAUSTED_ZONE,TERMINAL,HIGH,STRONG,FAIL,FAIL,True,3,2,1,0,14.571058,-1.660899,10385.805818,4161.647564,BREAKDOWN,2590.596335,18.70047
CASE_06348,EXHAUSTED_ZONE,TERMINAL,HIGH,STRONG,FAIL,FAIL,True,3,2,1,0,13.834161,-0.508332,9671.839642,4079.872741,BREAKDOWN,4605.74667,11.557667
CASE_06357,EXHAUSTED_ZONE,TERMINAL,HIGH,STRONG,FAIL,FAIL,True,6,1,3,0,14.168143,-0.833089,22046.957087,4838.921544,BREAKDOWN,5365.312243,13.27711
CASE_06360,EXHAUSTED_ZONE,TERMINAL,HIGH,STRONG,FAIL,FAIL,True,3,1,2,0,16.365783,-2.144219,10460.913062,4014.668873,BREAKDOWN,760.882668,20.032492
CASE_06365,FATIGUE_ZONE,STRENGTHENING,HIGH,STRONG,HOLD,HOLD,True,4,0,0,4,73.461538,4.615384,5098.087812,1808.234543,GROWTH,1096.651634,79.0
CASE_06366,EXHAUSTED_ZONE,DEGRADING,HIGH,STRONG,FAIL,FAIL,True,4,0,3,0,16.072258,-1.493527,10233.777121,3609.976802,BREAKDOWN,4084.839497,16.417204
CASE_06368,EXHAUSTED_ZONE,TERMINAL,HIGH,STRONG,FAIL,FAIL,True,4,3,1,0,17.546192,-0.475014,16001.565581,4763.758963,BREAKDOWN,1184.777693,18.494025
CASE_06373,FATIGUE_ZONE,STRENGTHENING,MEDIUM,MODERATE,HOLD,HOLD,True,2,0,0,2,75.491308,20.02072,3570.637116,2335.090164,GROWTH,1679.618614,77.506902
CASE_06374,RECOVERED_ZONE,STRENGTHENING,HIGH,STRONG,HOLD,HOLD,True,5,0,0,5,114.153846,4.107692,24397.23318,5471.96189,GROWTH,2216.529102,116.0
CASE_06375,RECOVERED_ZONE,STRENGTHENING,HIGH,STRONG,HOLD,HOLD,True,5,0,0,5,102.647059,3.058823,25844.856201,6051.29017,GROWTH,6525.212476,109.0
CASE_06384,RECOVERED_ZONE,STRENGTHENING,HIGH,STRONG,HOLD,HOLD,True,6,0,0,6,102.242718,2.948002,28466.630571,5647.200695,GROWTH,5469.046744,109.0
CASE_06388,FATIGUE_ZONE,STRENGTHENING,HIGH,STRONG,HOLD,HOLD,True,5,0,0,5,73.666667,4.244445,11440.010215,3736.587717,GROWTH,1939.112257,79.0
CASE_06389,ELASTIC_ZONE,STRENGTHENING,HIGH,STRONG,HOLD,HOLD,True,6,0,0,6,77.117647,4.544538,12541.813142,3961.695666,GROWTH,4396.737208,78.528281
CASE_06390,RECOVERED_ZONE,STRENGTHENING,HIGH,STRONG,HOLD,HOLD,True,4,0,0,4,113.647059,6.682353,16495.152455,4700.433659,GROWTH,993.980727,116.0
CASE_06393,FATIGUE_ZONE,STRENGTHENING,HIGH,STRONG,HOLD,HOLD,True,5,0,0,5,74.294118,3.6,9089.098241,2439.263617,GROWTH,644.099464,79.0
CASE_06394,FATIGUE_ZONE,STRENGTHENING,HIGH,STRONG,HOLD,HOLD,True,5,0,0,5,72.886792,3.464151,9123.762138,2448.566356,GROWTH,707.574513,79.0
CASE_06397,EXHAUSTED_ZONE,TERMINAL,HIGH,STRONG,FAIL,FAIL,True,6,1,5,0,15.889056,-1.046836,23213.752203,5979.463933,BREAKDOWN,1355.742691,20.297548
CASE_06404,FATIGUE_ZONE,STRENGTHENING,MEDIUM,MODERATE,HOLD,HOLD,True,2,0,0,2,59.602244,2.014009,5692.619955,2968.48014,GROWTH,3280.170973,79.0
CASE_06405,EXHAUSTED_ZONE,DEGRADING,MEDIUM,MODERATE,FAIL,HOLD,False,3,0,1,0,28.959734,1.875665,14752.322511,6724.121492,RECLAIM,611.29789,30.003997
CASE_06410,ELASTIC_ZONE,STRENGTHENING,MEDIUM,MODERATE,HOLD,HOLD,True,2,0,0,2,110.386343,12.151049,9093.982712,8865.891263,GROWTH,8215.463774,117.760728
CASE_06413,FATIGUE_ZONE,STRENGTHENING,HIGH,STRONG,HOLD,HOLD,True,4,0,0,4,71.31068,4.685787,17813.322323,5929.894996,GROWTH,2000.958166,79.0
CASE_06418,FATIGUE_ZONE,STRENGTHENING,HIGH,STRONG,HOLD,HOLD,True,3,0,0,3,61.178218,2.672117,6896.967569,3006.427439,GROWTH,3517.075309,77.897007
CASE_06425,EXHAUSTED_ZONE,TERMINAL,MEDIUM,MODERATE,FAIL,FAIL,True,2,2,0,0,17.312442,0.576062,8599.030209,5327.701577,BREAKDOWN,1755.725803,18.121017
CASE_06426,FATIGUE_ZONE,STRENGTHENING,HIGH,STRONG,HOLD,HOLD,True,4,0,0,4,76.148515,7.20603,10470.925307,3196.170262,GROWTH,474.334765,79.0
CASE_06431,EXHAUSTED_ZONE,TERMINAL,HIGH,STRONG,FAIL,FAIL,True,3,3,0,0,15.874493,-1.836259,6450.210348,3262.08891,BREAKDOWN,3600.874584,11.46248
CASE_06436,EXHAUSTED_ZONE,TERMINAL,HIGH,STRONG,FAIL,FAIL,True,3,1,2,0,17.947951,-1.131204,6183.994878,3216.933084,BREAKDOWN,3599.352716,15.115441
CASE_06471,FATIGUE_ZONE,STRENGTHENING,HIGH,STRONG,HOLD,HOLD,True,4,0,0,4,73.646221,3.299259,11399.925752,3044.584433,GROWTH,2917.019285,76.693674
CASE_06474,ELASTIC_ZONE,STRENGTHENING,HIGH,STRONG,HOLD,HOLD,True,5,0,0,5,72.242718,3.783498,10753.588129,2615.966795,GROWTH,2614.150101,79.0
CASE_06476,FATIGUE_ZONE,STRENGTHENING,HIGH,STRONG,HOLD,HOLD,True,6,0,0,6,76.436893,4.240538,9802.180592,2301.540909,GROWTH,2140.467675,73.126522
CASE_06477,FATIGUE_ZONE,STRENGTHENING,HIGH,STRONG,HOLD,HOLD,True,6,0,0,6,75.910891,4.285043,9919.709551,2332.760305,GROWTH,2169.502219,79.0
CASE_06478,FATIGUE_ZONE,STRENGTHENING,HIGH,STRONG,HOLD,HOLD,True,4,0,0,4,74.960396,5.195281,7127.196697,2100.926506,GROWTH,940.364752,79.0
CASE_06480,RECOVERED_ZONE,STRENGTHENING,HIGH,STRONG,HOLD,HOLD,True,4,0,0,4,105.538462,4.788105,17272.259313,5748.419135,GROWTH,3502.5943,109.0
CASE_06481,FATIGUE_ZONE,STRENGTHENING,HIGH,STRONG,HOLD,HOLD,True,5,0,0,5,75.538462,4.677561,6529.52245,1754.940527,GROWTH,817.862921,79.0
CASE_06484,FATIGUE_ZONE,STRENGTHENING,HIGH,STRONG,HOLD,HOLD,True,4,0,0,4,70.784625,3.775013,9833.948707,2829.637674,GROWTH,1865.69152,79.0
CASE_06485,FATIGUE_ZONE,STRENGTHENING,HIGH,STRONG,HOLD,HOLD,True,4,0,0,4,76.509434,5.642919,10106.345519,3111.752445,GROWTH,125.043014,79.0
CASE_06486,FATIGUE_ZONE,STRENGTHENING,HIGH,STRONG,HOLD,HOLD,True,4,0,0,4,68.700441,3.989393,9659.059963,3209.293038,GROWTH,1852.58742,73.330709
CASE_06492,EXHAUSTED_ZONE,TERMINAL,HIGH,STRONG,FAIL,FAIL,True,4,2,2,0,14.48569,-1.957808,16242.427975,5245.454332,BREAKDOWN,5422.283048,13.213477
CASE_06493,FATIGUE_ZONE,STRENGTHENING,HIGH,STRONG,HOLD,HOLD,True,3,0,0,3,72.538462,3.230769,10305.493439,3978.828739,GROWTH,3831.322176,79.0
CASE_06500,FATIGUE_ZONE,STRENGTHENING,HIGH,STRONG,HOLD,HOLD,True,3,0,0,3,72.552239,7.432836,12847.822708,5620.982802,GROWTH,1428.199071,79.0
CASE_06503,FATIGUE_ZONE,STRENGTHENING,HIGH,STRONG,HOLD,HOLD,True,4,0,0,4,75.324324,5.362162,14273.177938,5673.01748,GROWTH,398.554644,79.0
CASE_06506,FATIGUE_ZONE,STRENGTHENING,MEDIUM,MODERATE,HOLD,HOLD,True,2,0,0,2,68.701437,4.05736,4866.038911,2477.311837,GROWTH,2646.723105,79.0
CASE_06507,RECOVERED_ZONE,STRENGTHENING,HIGH,STRONG,HOLD,HOLD,True,3,0,0,3,103.811143,4.534143,17847.495034,6433.281041,GROWTH,6767.620456,116.0
CASE_06509,FATIGUE_ZONE,STRENGTHENING,HIGH,STRONG,HOLD,HOLD,True,3,0,0,3,64.445163,4.278137,8519.049278,3735.74332,GROWTH,4110.704379,79.0
CASE_06510,FATIGUE_ZONE,STRENGTHENING,MEDIUM,MODERATE,HOLD,HOLD,True,2,0,0,2,62.408956,3.91381,4592.883592,2701.029905,GROWTH,3211.095465,79.0
CASE_06512,FATIGUE_ZONE,STRENGTHENING,HIGH,STRONG,HOLD,HOLD,True,4,0,0,4,73.0,5.935563,9249.41676,3506.461127,GROWTH,1604.331118,79.0
CASE_06514,FATIGUE_ZONE,STRENGTHENING,HIGH,STRONG,HOLD,HOLD,True,4,0,0,4,66.859164,3.200234,14522.980724,5627.754493,GROWTH,4805.246208,79.0
CASE_06517,EXHAUSTED_ZONE,TERMINAL,HIGH,STRONG,FAIL,FAIL,True,3,1,2,0,19.282293,-0.677252,9293.122143,4468.020193,BREAKDOWN,2059.683184,16.44106
CASE_06540,EXHAUSTED_ZONE,DEGRADING,MEDIUM,MODERATE,FAIL,FAIL,True,2,0,2,0,17.697519,-1.992253,6276.888699,3434.625327,BREAKDOWN,3884.708875,12.685648
CASE_06543,FATIGUE_ZONE,STRENGTHENING,MEDIUM,MODERATE,HOLD,HOLD,True,2,0,0,2,76.623762,13.102234,3987.770163,2085.347241,GROWTH,1448.619151,77.481595
CASE_06544,EXHAUSTED_ZONE,DEGRADING,HIGH,STRONG,FAIL,FAIL,True,4,0,3,0,13.182587,-1.960185,13362.185409,3640.830086,BREAKDOWN,1327.945074,17.485938
CASE_06545,FATIGUE_ZONE,STRENGTHENING,HIGH,STRONG,HOLD,HOLD,True,4,0,0,4,71.48537,4.64672,6437.588257,1786.958189,GROWTH,419.435041,77.588006
CASE_06551,EXHAUSTED_ZONE,DEGRADING,HIGH,STRONG,FAIL,FAIL,True,5,0,4,0,15.941274,-0.78106,23263.900432,5845.222989,BREAKDOWN,6023.761305,14.424428
CASE_06552,EXHAUSTED_ZONE,TERMINAL,HIGH,STRONG,FAIL,FAIL,True,4,1,3,0,18.242257,-0.450909,16297.798556,6492.827569,BREAKDOWN,6728.221866,19.529969
CASE_06572,EXHAUSTED_ZONE,TERMINAL,MEDIUM,MODERATE,FAIL,FAIL,True,2,1,1,0,15.318607,-4.206944,9217.517492,4844.186238,BREAKDOWN,4593.771636,17.798728
CASE_06573,EXHAUSTED_ZONE,TERMINAL,HIGH,STRONG,FAIL,FAIL,True,3,2,1,0,15.335936,-2.63662,23551.605746,8941.517967,BREAKDOWN,7390.440926,18.115637
CASE_06582,FATIGUE_ZONE,STRENGTHENING,MEDIUM,MODERATE,HOLD,HOLD,True,2,0,0,2,61.198276,4.420498,6156.62617,3152.615473,GROWTH,3136.066292,79.0
CASE_06590,EXHAUSTED_ZONE,DEGRADING,MEDIUM,MODERATE,FAIL,FAIL,True,2,0,2,0,19.142322,-1.126962,9934.160239,6241.235207,BREAKDOWN,6340.488283,13.294724
CASE_06591,EXHAUSTED_ZONE,DEGRADING,MEDIUM,MODERATE,FAIL,FAIL,True,2,0,2,0,17.327058,-2.083854,9108.65532,4955.993245,BREAKDOWN,4278.198364,13.325573
CASE_06598,FATIGUE_ZONE,STRENGTHENING,MEDIUM,MODERATE,HOLD,HOLD,True,2,0,0,2,75.737864,14.821211,5074.89648,2563.384455,GROWTH,2560.628836,79.0
CASE_06599,FATIGUE_ZONE,STRENGTHENING,MEDIUM,MODERATE,HOLD,HOLD,True,2,0,0,2,74.485149,15.24269,5130.058665,2591.247447,GROWTH,2588.461904,77.530092
CASE_06601,EXHAUSTED_ZONE,TERMINAL,HIGH,STRONG,FAIL,FAIL,True,7,1,3,0,18.480495,-0.431354,28835.790469,5238.294577,BREAKDOWN,3911.18919,16.199031
CASE_06606,EXHAUSTED_ZONE,DEGRADING,HIGH,STRONG,FAIL,FAIL,True,5,0,4,0,14.273204,-1.075176,20855.82907,4971.823682,BREAKDOWN,3316.935188,16.65503
CASE_06615,RECOVERED_ZONE,STRENGTHENING,HIGH,STRONG,HOLD,HOLD,True,4,0,0,4,107.621162,3.801291,37422.566947,10825.586378,GROWTH,10336.870857,116.0
CASE_06616,EXHAUSTED_ZONE,TERMINAL,HIGH,STRONG,FAIL,FAIL,True,4,2,2,0,15.109248,-1.377905,28057.73369,7950.576589,BREAKDOWN,7775.729336,19.782697
CASE_06621,EXHAUSTED_ZONE,TERMINAL,HIGH,STRONG,FAIL,FAIL,True,3,2,1,0,13.527375,-3.518148,10274.405655,4500.484482,BREAKDOWN,4931.477886,11.894129
CASE_06622,FATIGUE_ZONE,STRENGTHENING,HIGH,STRONG,HOLD,HOLD,True,3,0,0,3,73.772277,9.386138,6464.677383,3162.545032,GROWTH,3471.710562,70.502348
CASE_06623,EXHAUSTED_ZONE,TERMINAL,MEDIUM,MODERATE,FAIL,FAIL,True,2,1,1,0,16.983747,-1.234658,8900.492491,4452.739261,BREAKDOWN,5349.522447,11.973945
CASE_06640,EXHAUSTED_ZONE,DEGRADING,MEDIUM,MODERATE,FAIL,FAIL,True,2,0,1,0,20.451697,3.059103,8414.412625,5642.532553,BREAKDOWN,4918.318434,18.656506
CASE_06672,FATIGUE_ZONE,STRENGTHENING,MEDIUM,MODERATE,HOLD,HOLD,True,2,0,0,2,76.345177,1.975924,7261.91625,4448.17229,GROWTH,2990.844902,79.0
CASE_06680,FATIGUE_ZONE,STRENGTHENING,HIGH,STRONG,HOLD,HOLD,True,4,0,0,4,73.043212,2.36624,9611.473158,3296.928037,GROWTH,1284.02266,79.0
CASE_06684,FATIGUE_ZONE,STRENGTHENING,HIGH,STRONG,HOLD,HOLD,True,3,0,0,3,67.492145,2.234967,10018.221012,3743.381225,GROWTH,3550.547823,79.0
CASE_06690,FATIGUE_ZONE,STRENGTHENING,HIGH,STRONG,HOLD,HOLD,True,3,0,0,3,75.504854,9.867382,6109.896677,2996.420863,GROWTH,760.142189,79.0
CASE_06711,FATIGUE_ZONE,STRENGTHENING,HIGH,STRONG,HOLD,HOLD,True,3,0,0,3,68.530087,2.570868,7386.58803,3370.551138,GROWTH,3713.511684,76.723015
CASE_06737,FATIGUE_ZONE,STRENGTHENING,HIGH,STRONG,HOLD,HOLD,True,4,0,0,4,73.098426,3.646994,11196.037728,2907.597264,GROWTH,2822.604452,72.851608
CASE_06739,FATIGUE_ZONE,STRENGTHENING,HIGH,STRONG,HOLD,HOLD,True,5,0,0,5,73.50837,3.281841,13897.170809,2996.448208,GROWTH,1845.002714,79.0
CASE_06746,EXHAUSTED_ZONE,TERMINAL,HIGH,STRONG,FAIL,FAIL,True,3,3,0,0,12.128205,-2.113727,12548.782237,4338.536999,BREAKDOWN,1929.13126,18.942988
CASE_06748,EXHAUSTED_ZONE,TERMINAL,HIGH,STRONG,FAIL,FAIL,True,3,1,1,0,15.073546,-1.055145,10942.588324,4072.002094,BREAKDOWN,4377.536596,17.646484
CASE_06753,EXHAUSTED_ZONE,TERMINAL,HIGH,STRONG,FAIL,FAIL,True,7,4,3,0,17.379361,-0.643232,31970.125769,5178.741121,BREAKDOWN,2021.765744,16.260496
CASE_06768,EXHAUSTED_ZONE,DEGRADING,MEDIUM,MODERATE,FAIL,FAIL,True,2,0,1,0,19.582503,0.749164,4689.122738,2824.563853,BREAKDOWN,2901.760824,16.421215
CASE_06786,EXHAUSTED_ZONE,DEGRADING,HIGH,STRONG,FAIL,FAIL,True,4,0,4,0,18.397715,-0.686431,11166.543935,3568.005531,BREAKDOWN,3977.324757,16.192845
CASE_06794,ELASTIC_ZONE,STRENGTHENING,HIGH,STRONG,HOLD,HOLD,True,6,0,0,6,76.509434,4.433457,11546.364236,2460.443483,GROWTH,2174.608135,75.574733
CASE_06795,EXHAUSTED_ZONE,DEGRADING,HIGH,STRONG,FAIL,FAIL,True,4,0,4,0,14.275174,-2.043703,13100.163037,3644.645096,BREAKDOWN,3799.235556,18.798835
CASE_06804,EXHAUSTED_ZONE,DEGRADING,HIGH,STRONG,FAIL,FAIL,True,4,0,3,0,17.960596,-0.540541,14251.886969,4551.852396,BREAKDOWN,3337.570238,16.531296
CASE_06814,FATIGUE_ZONE,STRENGTHENING,HIGH,STRONG,HOLD,HOLD,True,4,0,0,4,70.619048,3.30115,9082.154654,2940.414807,GROWTH,1313.911879,79.0
CASE_06818,EXHAUSTED_ZONE,TERMINAL,HIGH,STRONG,FAIL,FAIL,True,3,2,1,0,17.268458,-0.465515,10498.377239,4336.309804,BREAKDOWN,4879.210367,19.158611
CASE_06824,RECOVERED_ZONE,STRENGTHENING,HIGH,STRONG,HOLD,HOLD,True,4,0,0,4,103.406007,3.884419,18391.755302,5252.409473,GROWTH,7251.653764,109.0
CASE_06825,FATIGUE_ZONE,STRENGTHENING,HIGH,STRONG,HOLD,HOLD,True,4,0,0,4,70.920792,4.400847,6620.656917,1816.020412,GROWTH,1993.149018,79.0
CASE_06826,EXHAUSTED_ZONE,TERMINAL,HIGH,STRONG,FAIL,FAIL,True,6,1,3,0,13.378604,-1.046443,18907.641425,4371.109262,BREAKDOWN,3009.390038,14.639686
CASE_06827,FATIGUE_ZONE,STRENGTHENING,HIGH,STRONG,HOLD,HOLD,True,5,0,0,5,71.5,3.9375,11998.915089,3396.448079,GROWTH,650.198159,79.0
CASE_06831,EXHAUSTED_ZONE,TERMINAL,HIGH,STRONG,FAIL,FAIL,True,4,1,3,0,15.847044,-1.198838,14462.51313,4671.443392,BREAKDOWN,5679.249895,13.188833
CASE_06833,FATIGUE_ZONE,STRENGTHENING,HIGH,STRONG,HOLD,HOLD,True,5,0,0,5,76.230769,5.088819,22893.243606,7171.350019,GROWTH,6169.705775,79.0
CASE_06835,EXHAUSTED_ZONE,TERMINAL,HIGH,STRONG,FAIL,FAIL,True,5,1,4,0,13.360648,-1.6904,40339.458244,10152.293019,BREAKDOWN,5035.486929,17.503053
CASE_06843,FATIGUE_ZONE,STRENGTHENING,HIGH,STRONG,HOLD,HOLD,True,5,0,0,5,70.605285,3.490746,41595.154651,10837.54769,GROWTH,4244.842249,79.0
CASE_06845,FATIGUE_ZONE,STRENGTHENING,HIGH,STRONG,HOLD,HOLD,True,5,0,0,5,75.824071,5.1602,15048.506602,3959.658771,GROWTH,3661.460146,74.615171
CASE_06846,ELASTIC_ZONE,STRENGTHENING,HIGH,STRONG,HOLD,HOLD,True,6,0,0,6,73.687971,2.875523,16686.299092,3905.738707,GROWTH,3497.998376,79.0
CASE_06855,FATIGUE_ZONE,STRENGTHENING,MEDIUM,MODERATE,HOLD,HOLD,True,2,0,0,2,73.756926,14.954946,4580.339659,2786.620984,GROWTH,2714.017547,78.401479
CASE_06856,RECOVERED_ZONE,STRENGTHENING,HIGH,STRONG,HOLD,HOLD,True,4,0,0,4,107.336634,6.867327,21208.037155,6472.968957,GROWTH,6797.434811,109.0
CASE_06859,EXHAUSTED_ZONE,TERMINAL,HIGH,STRONG,FAIL,FAIL,True,5,3,2,0,15.2831,-0.75123,17378.197234,4276.481057,BREAKDOWN,947.184571,17.855611
CASE_06875,EXHAUSTED_ZONE,TERMINAL,HIGH,STRONG,FAIL,FAIL,True,3,2,1,0,17.397493,-1.391022,11559.551372,5439.078374,BREAKDOWN,2517.449901,18.462871
CASE_06882,FATIGUE_ZONE,STRENGTHENING,HIGH,STRONG,HOLD,HOLD,True,5,0,0,5,74.834189,4.137767,13171.635097,2910.183718,GROWTH,370.78898,79.0
CASE_06884,RECOVERED_ZONE,STRENGTHENING,HIGH,STRONG,HOLD,HOLD,True,5,0,0,5,106.981308,4.218846,23331.935482,5362.968095,GROWTH,1044.397034,109.0
CASE_06890,EXHAUSTED_ZONE,DEGRADING,HIGH,STRONG,FAIL,FAIL,True,5,0,3,0,12.993998,-1.682616,14385.791776,3200.275413,BREAKDOWN,1332.07852,17.930242
CASE_06891,FATIGUE_ZONE,STRENGTHENING,HIGH,STRONG,HOLD,HOLD,True,7,0,0,7,71.780969,2.782265,8968.456066,1560.289313,GROWTH,1602.299784,79.0
CASE_06908,FATIGUE_ZONE,STRENGTHENING,HIGH,STRONG,HOLD,HOLD,True,4,0,0,4,76.882353,5.835294,7903.589902,2675.358814,GROWTH,2113.932347,79.0
CASE_06917,FATIGUE_ZONE,STRENGTHENING,HIGH,STRONG,HOLD,HOLD,True,4,0,0,4,72.914844,4.859035,9042.709628,2726.139476,GROWTH,2776.420839,79.0
CASE_06924,EXHAUSTED_ZONE,TERMINAL,MEDIUM,MODERATE,FAIL,FAIL,True,2,2,0,0,15.980931,0.121552,4349.002469,3008.054976,BREAKDOWN,2070.381941,13.07508
CASE_06931,ELASTIC_ZONE,STRENGTHENING,HIGH,STRONG,HOLD,HOLD,True,3,0,0,3,75.070573,9.722565,7487.13657,3171.68067,GROWTH,3164.770065,76.181949
CASE_06932,RECOVERED_ZONE,STRENGTHENING,MEDIUM,MODERATE,HOLD,HOLD,True,2,0,0,2,101.846154,3.461539,8029.386535,5086.248286,GROWTH,5446.029016,101.088829
CASE_06933,EXHAUSTED_ZONE,TERMINAL,HIGH,STRONG,FAIL,FAIL,True,3,1,2,0,13.859711,-2.974991,9771.567432,3801.911133,BREAKDOWN,3882.720479,12.128236
CASE_06936,RECOVERED_ZONE,STRENGTHENING,HIGH,STRONG,HOLD,HOLD,True,4,0,0,4,102.346535,5.304554,13778.225938,4254.305584,GROWTH,3832.234681,109.0
CASE_06946,EXHAUSTED_ZONE,TERMINAL,HIGH,STRONG,FAIL,FAIL,True,6,4,2,0,13.804636,-1.195574,15228.601676,2932.2964,BREAKDOWN,974.035397,18.448752
CASE_06950,EXHAUSTED_ZONE,TERMINAL,HIGH,STRONG,FAIL,FAIL,True,6,3,3,0,12.025733,-1.547304,15114.971325,2653.883002,BREAKDOWN,2949.297048,16.030021
CASE_06951,FATIGUE_ZONE,STRENGTHENING,HIGH,STRONG,HOLD,HOLD,True,8,0,0,8,76.6017,3.364107,12236.973616,1862.090428,GROWTH,83.69536,79.0
CASE_06960,FATIGUE_ZONE,STRENGTHENING,MEDIUM,MODERATE,HOLD,HOLD,True,2,0,0,2,68.615385,13.384616,4884.584256,2821.004395,GROWTH,3231.061212,74.615385
CASE_06962,RECOVERED_ZONE,STRENGTHENING,HIGH,STRONG,HOLD,HOLD,True,3,0,0,3,106.714286,5.257143,13919.931095,6661.760391,GROWTH,3280.795383,109.0
CASE_06965,EXHAUSTED_ZONE,TERMINAL,HIGH,STRONG,FAIL,FAIL,True,3,1,2,0,15.614657,-2.319808,13040.403542,5953.20352,BREAKDOWN,5273.426291,13.084303
CASE_06966,FATIGUE_ZONE,STRENGTHENING,HIGH,STRONG,HOLD,HOLD,True,4,0,0,4,76.704348,5.984248,12753.048802,4002.980108,GROWTH,1000.347429,79.0
CASE_06967,ELASTIC_ZONE,STRENGTHENING,HIGH,STRONG,HOLD,HOLD,True,4,0,0,4,76.669903,3.853321,15924.267991,4647.824556,GROWTH,1456.501517,79.0
CASE_06969,FATIGUE_ZONE,STRENGTHENING,HIGH,STRONG,HOLD,HOLD,True,4,0,0,4,70.692308,4.271532,11568.104833,3656.387209,GROWTH,2400.898548,79.0
CASE_06971,EXHAUSTED_ZONE,TERMINAL,HIGH,STRONG,FAIL,FAIL,True,4,2,2,0,19.664914,-0.462799,10687.72132,3521.94981,BREAKDOWN,3791.170347,14.946846
CASE_06972,FATIGUE_ZONE,STRENGTHENING,HIGH,STRONG,HOLD,HOLD,True,4,0,0,4,74.679118,5.880435,8529.870685,2842.889288,GROWTH,2667.984724,79.0
CASE_06973,EXHAUSTED_ZONE,TERMINAL,HIGH,STRONG,FAIL,FAIL,True,4,3,1,0,14.641377,-1.870445,13099.437279,3872.185708,BREAKDOWN,3256.097246,15.79918
CASE_06977,EXHAUSTED_ZONE,TERMINAL,HIGH,STRONG,FAIL,FAIL,True,5,3,1,0,12.619494,-1.185579,11478.261066,3012.286978,BREAKDOWN,1877.92048,2.8
CASE_07000,FATIGUE_ZONE,STRENGTHENING,HIGH,STRONG,HOLD,HOLD,True,4,0,0,4,66.076923,3.361022,8648.955724,3182.787069,GROWTH,3089.730459,79.0
CASE_07001,EXHAUSTED_ZONE,TERMINAL,HIGH,STRONG,FAIL,FAIL,True,5,1,4,0,16.984334,-1.044165,15554.14712,4188.973913,BREAKDOWN,3890.470678,10.438586
CASE_07003,FATIGUE_ZONE,STRENGTHENING,HIGH,STRONG,HOLD,HOLD,True,3,0,0,3,75.239647,9.531588,8791.855382,3625.474249,GROWTH,3557.888022,79.0
CASE_07004,RECOVERED_ZONE,STRENGTHENING,HIGH,STRONG,HOLD,HOLD,True,3,0,0,3,106.022511,6.89475,10222.281504,6326.066143,GROWTH,6196.096109,116.0
CASE_07007,EXHAUSTED_ZONE,TERMINAL,HIGH,STRONG,FAIL,FAIL,True,4,3,1,0,17.40646,-1.052984,40442.178305,14412.462199,BREAKDOWN,4880.062354,17.288926
CASE_07009,RECOVERED_ZONE,STRENGTHENING,HIGH,STRONG,HOLD,HOLD,True,4,0,0,4,107.811881,5.979426,49025.643384,17785.382185,GROWTH,8998.536919,109.0
CASE_07017,EXHAUSTED_ZONE,TERMINAL,HIGH,STRONG,FAIL,FAIL,True,6,3,3,0,15.999708,-0.974443,27461.186488,6603.187495,BREAKDOWN,2006.322264,19.771115
CASE_07021,FATIGUE_ZONE,STRENGTHENING,HIGH,STRONG,HOLD,HOLD,True,6,0,0,6,75.504854,3.455803,13083.014021,2789.578869,GROWTH,2107.689175,79.0
CASE_07025,EXHAUSTED_ZONE,TERMINAL,HIGH,STRONG,FAIL,FAIL,True,4,2,2,0,14.636724,-1.716671,20950.96781,6439.712165,BREAKDOWN,5096.249935,17.70846
CASE_07027,FATIGUE_ZONE,STRENGTHENING,HIGH,STRONG,HOLD,HOLD,True,5,0,0,5,74.485149,4.524976,16383.336193,4553.625454,GROWTH,2655.57757,79.0
CASE_07028,EXHAUSTED_ZONE,TERMINAL,HIGH,STRONG,FAIL,FAIL,True,5,2,3,0,17.358592,-0.912011,21374.505989,5633.461806,BREAKDOWN,4413.053359,13.904129
CASE_07031,FATIGUE_ZONE,STRENGTHENING,HIGH,STRONG,HOLD,HOLD,True,3,0,0,3,70.294118,4.705882,5919.347345,2274.541905,GROWTH,2124.566348,78.60942
CASE_07038,FATIGUE_ZONE,STRENGTHENING,HIGH,STRONG,HOLD,HOLD,True,8,0,0,8,77.09901,2.828683,12708.665268,2283.587327,GROWTH,1613.808057,79.0
CASE_07040,FATIGUE_ZONE,STRENGTHENING,HIGH,STRONG,HOLD,HOLD,True,7,0,0,7,74.177525,2.811721,11207.828078,2468.253221,GROWTH,569.429552,79.0
CASE_07042,EXHAUSTED_ZONE,TERMINAL,HIGH,STRONG,FAIL,FAIL,True,6,3,2,0,19.29611,-0.671977,14385.797569,3402.647515,BREAKDOWN,1648.784943,19.586055
CASE_07064,EXHAUSTED_ZONE,TERMINAL,HIGH,STRONG,FAIL,FAIL,True,3,1,2,0,18.968793,-0.67275,12010.121384,4540.648657,BREAKDOWN,4189.612015,18.522065
CASE_07071,EXHAUSTED_ZONE,TERMINAL,MEDIUM,MODERATE,FAIL,FAIL,True,2,1,1,0,16.027167,-3.637369,9586.351822,5044.525984,BREAKDOWN,4562.719439,18.126338
CASE_07105,FATIGUE_ZONE,STRENGTHENING,MEDIUM,MODERATE,HOLD,HOLD,True,2,0,0,2,71.777881,1.56996,6192.403295,3124.719629,GROWTH,2356.766522,79.0
CASE_07109,FATIGUE_ZONE,STRENGTHENING,MEDIUM,MODERATE,HOLD,HOLD,True,2,0,0,2,75.271845,16.31068,3864.474443,3219.64947,GROWTH,2129.710479,79.0
CASE_07110,EXHAUSTED_ZONE,DEGRADING,HIGH,STRONG,FAIL,FAIL,True,5,0,3,0,17.401956,-1.29574,17584.870343,5882.446998,BREAKDOWN,6276.543031,12.35084
CASE_07112,EXHAUSTED_ZONE,DEGRADING,HIGH,STRONG,FAIL,FAIL,True,3,0,2,0,17.572417,-0.764299,12378.869272,5787.220256,BREAKDOWN,6190.111352,18.199174
CASE_07119,EXHAUSTED_ZONE,TERMINAL,HIGH,STRONG,FAIL,FAIL,True,6,3,2,0,17.064591,-0.50725,12243.848889,4931.528639,BREAKDOWN,4279.942027,12.195855
CASE_07120,EXHAUSTED_ZONE,TERMINAL,HIGH,STRONG,FAIL,FAIL,True,3,3,0,0,12.99762,-2.406684,10104.272494,4829.913316,BREAKDOWN,2801.159048,15.670168
CASE_07127,RECOVERED_ZONE,STRENGTHENING,HIGH,STRONG,HOLD,HOLD,True,5,0,0,5,105.470588,4.827533,25114.159416,7317.065107,GROWTH,8892.413944,108.687449
CASE_07130,EXHAUSTED_ZONE,TERMINAL,HIGH,STRONG,FAIL,FAIL,True,3,1,2,0,17.280517,-1.224985,16650.682357,7401.900607,BREAKDOWN,3545.520282,18.105677
CASE_07136,EXHAUSTED_ZONE,TERMINAL,HIGH,STRONG,FAIL,FAIL,True,4,1,2,0,17.023496,-0.562483,13146.779289,4866.422121,BREAKDOWN,1674.998545,18.833402
CASE_07150,EXHAUSTED_ZONE,TERMINAL,HIGH,STRONG,FAIL,FAIL,True,3,1,2,0,15.851406,-2.322334,10276.307635,5296.665016,BREAKDOWN,4850.780926,16.506428
CASE_07155,FATIGUE_ZONE,STRENGTHENING,MEDIUM,MODERATE,HOLD,HOLD,True,2,0,0,2,75.737864,12.064488,7133.753147,3711.669544,GROWTH,821.960483,79.0
CASE_07169,FATIGUE_ZONE,STRENGTHENING,HIGH,STRONG,HOLD,HOLD,True,3,0,0,3,77.09901,6.534653,14208.886031,6098.269449,GROWTH,3144.662716,79.0
CASE_07171,FATIGUE_ZONE,STRENGTHENING,HIGH,STRONG,HOLD,HOLD,True,3,0,0,3,72.290699,5.585013,9779.559336,3515.19933,GROWTH,3526.291656,79.0
CASE_07172,FATIGUE_ZONE,STRENGTHENING,MEDIUM,MODERATE,HOLD,HOLD,True,2,0,0,2,71.392748,4.147106,6649.882566,3362.670791,GROWTH,3563.253915,79.0
CASE_07181,EXHAUSTED_ZONE,TERMINAL,HIGH,STRONG,FAIL,FAIL,True,3,1,2,0,16.944016,-0.547619,16078.16518,5855.044945,BREAKDOWN,1334.920455,17.249613
CASE_07184,EXHAUSTED_ZONE,TERMINAL,HIGH,STRONG,FAIL,FAIL,True,3,1,2,0,15.093449,-2.342706,15672.088856,6026.249052,BREAKDOWN,1994.731224,18.20029
CASE_07189,ELASTIC_ZONE,STRENGTHENING,HIGH,STRONG,HOLD,HOLD,True,4,0,0,4,73.230769,4.94184,13424.489514,3878.366585,GROWTH,2842.74365,79.0
CASE_07194,FATIGUE_ZONE,STRENGTHENING,MEDIUM,MODERATE,HOLD,HOLD,True,2,0,0,2,59.470588,3.058823,3927.793291,2087.567338,GROWTH,3123.900614,79.0
CASE_07197,EXHAUSTED_ZONE,TERMINAL,HIGH,STRONG,FAIL,FAIL,True,4,2,2,0,12.652604,-0.999809,14343.435637,3849.22446,BREAKDOWN,4291.952964,11.87963
CASE_07212,EXHAUSTED_ZONE,TERMINAL,HIGH,STRONG,FAIL,FAIL,True,4,1,2,0,16.932705,-1.333365,9148.200932,4567.660871,BREAKDOWN,4468.51303,19.594406
CASE_07217,FATIGUE_ZONE,STRENGTHENING,MEDIUM,MODERATE,HOLD,HOLD,True,2,0,0,2,74.294118,8.022687,9872.516552,5053.141527,GROWTH,1768.328273,79.0
CASE_07220,EXHAUSTED_ZONE,DEGRADING,MEDIUM,MODERATE,FAIL,FAIL,True,2,0,2,0,16.524944,-3.811766,7745.525975,4024.40841,BREAKDOWN,4220.22216,13.450468
CASE_07223,EXHAUSTED_ZONE,TERMINAL,HIGH,STRONG,FAIL,FAIL,True,3,2,1,0,15.947611,-1.340445,10145.031955,4484.648722,BREAKDOWN,4184.986266,15.67623
CASE_07228,RECOVERED_ZONE,STRENGTHENING,HIGH,STRONG,HOLD,HOLD,True,3,0,0,3,110.285714,6.071747,17731.203641,6363.855925,GROWTH,2141.294497,116.0
CASE_07237,RECOVERED_ZONE,STRENGTHENING,HIGH,STRONG,HOLD,HOLD,True,3,0,0,3,103.407767,6.873786,13680.750655,5758.453979,GROWTH,3073.489092,109.0
CASE_07244,EXHAUSTED_ZONE,TERMINAL,HIGH,STRONG,FAIL,FAIL,True,5,3,1,0,18.940254,-0.957897,19458.543314,5237.95813,BREAKDOWN,2743.930674,10.466983
CASE_07251,FATIGUE_ZONE,STRENGTHENING,MEDIUM,MODERATE,HOLD,HOLD,True,2,0,0,2,72.555556,14.0,9752.699625,7563.92124,GROWTH,2658.611219,79.0
CASE_07254,RECOVERED_ZONE,STRENGTHENING,HIGH,STRONG,HOLD,HOLD,True,4,0,0,4,105.215196,3.113885,30292.648548,9439.070565,GROWTH,8334.94521,107.943948
CASE_07255,RECOVERED_ZONE,STRENGTHENING,HIGH,STRONG,HOLD,HOLD,True,3,0,0,3,97.772044,2.738963,23396.262678,8055.994692,GROWTH,7691.680372,108.070238
CASE_07256,RECOVERED_ZONE,STRENGTHENING,HIGH,STRONG,HOLD,HOLD,True,5,0,0,5,113.882353,5.654033,28678.097721,7762.162287,GROWTH,2074.84191,116.0
CASE_07259,ELASTIC_ZONE,STRENGTHENING,HIGH,STRONG,HOLD,HOLD,True,4,0,0,4,73.117647,6.211765,12143.026993,6415.58033,GROWTH,4291.065639,79.0
CASE_07260,RECOVERED_ZONE,STRENGTHENING,HIGH,STRONG,HOLD,HOLD,True,5,0,0,5,102.945351,3.8293,27619.304471,7968.511939,GROWTH,10106.094535,109.0
CASE_07261,EXHAUSTED_ZONE,TERMINAL,HIGH,STRONG,FAIL,FAIL,True,5,4,1,0,19.431311,-0.005606,18924.68365,6219.726765,BREAKDOWN,3215.802983,16.58551
CASE_07265,FATIGUE_ZONE,STRENGTHENING,HIGH,STRONG,HOLD,HOLD,True,5,0,0,5,68.714623,2.833141,13938.465421,4048.18575,GROWTH,2411.57366,79.0
CASE_07266,FATIGUE_ZONE,STRENGTHENING,HIGH,STRONG,HOLD,HOLD,True,3,0,0,3,67.036814,3.075011,13778.215505,5143.9341,GROWTH,3064.329662,79.0
CASE_07269,ELASTIC_ZONE,STRENGTHENING,HIGH,STRONG,HOLD,HOLD,True,6,0,0,6,72.343833,3.18303,10090.086031,2280.867955,GROWTH,2718.293731,70.396553
CASE_07270,ELASTIC_ZONE,STRENGTHENING,HIGH,STRONG,HOLD,HOLD,True,5,0,0,5,71.783153,3.148821,9739.969799,2361.772171,GROWTH,2814.713844,78.58106
CASE_07280,EXHAUSTED_ZONE,TERMINAL,HIGH,STRONG,FAIL,FAIL,True,4,2,2,0,15.069251,-1.817282,17925.106174,6956.728502,BREAKDOWN,5575.227731,18.57922
CASE_07284,FATIGUE_ZONE,STRENGTHENING,HIGH,STRONG,HOLD,HOLD,True,7,0,0,7,76.942857,3.274799,12136.68925,2632.526846,GROWTH,1059.638585,79.0
CASE_07285,RECOVERED_ZONE,STRENGTHENING,HIGH,STRONG,HOLD,HOLD,True,6,0,0,6,105.377358,3.160081,23369.87647,6150.130698,GROWTH,4162.507322,98.92
CASE_07286,EXHAUSTED_ZONE,TERMINAL,HIGH,STRONG,FAIL,FAIL,True,5,1,2,0,17.127419,-0.583587,16436.828415,4785.433196,BREAKDOWN,5077.969217,10.058062
CASE_07289,EXHAUSTED_ZONE,TERMINAL,HIGH,STRONG,FAIL,FAIL,True,4,3,1,0,12.743163,-1.652673,18517.725077,6554.64183,BREAKDOWN,6040.476305,11.138578
CASE_07293,EXHAUSTED_ZONE,TERMINAL,HIGH,STRONG,FAIL,FAIL,True,5,2,3,0,14.873948,-1.579914,19342.557568,5207.128603,BREAKDOWN,3835.295465,19.088742
CASE_07294,FATIGUE_ZONE,STRENGTHENING,HIGH,STRONG,HOLD,HOLD,True,5,0,0,5,68.626495,3.33906,13917.933942,3840.348669,GROWTH,2921.095304,79.0
CASE_07301,FATIGUE_ZONE,STRENGTHENING,HIGH,STRONG,HOLD,HOLD,True,6,0,0,6,74.764706,3.60631,7762.135406,1843.749818,GROWTH,1114.86296,79.0
CASE_07313,EXHAUSTED_ZONE,TERMINAL,HIGH,STRONG,FAIL,FAIL,True,3,2,1,0,14.045243,-3.279203,13142.107964,5905.242282,BREAKDOWN,3682.385668,18.770069
CASE_07314,EXHAUSTED_ZONE,TERMINAL,HIGH,STRONG,FAIL,FAIL,True,4,3,0,0,16.885342,-1.134272,17846.38155,6782.677062,BREAKDOWN,1581.914525,18.122383
CASE_07316,FATIGUE_ZONE,STRENGTHENING,HIGH,STRONG,HOLD,HOLD,True,4,0,0,4,75.0,4.566959,14694.66954,5693.40737,GROWTH,655.882535,79.0
CASE_07319,RIGID_ZONE,STABLE,HIGH,STRONG,HOLD,HOLD,True,5,0,4,0,76.255854,-0.149135,53444.619413,12597.771677,ABSORPTION,4196.96731,76.544729
CASE_07340,EXHAUSTED_ZONE,TERMINAL,HIGH,STRONG,FAIL,FAIL,True,4,1,2,0,15.68377,-1.634248,16825.49497,5667.990017,BREAKDOWN,5665.840046,15.00443
CASE_07342,EXHAUSTED_ZONE,DEGRADING,HIGH,STRONG,FAIL,FAIL,True,4,0,3,0,16.132596,-1.241551,18669.11207,5096.029407,BREAKDOWN,2973.048691,18.876347
CASE_07344,EXHAUSTED_ZONE,TERMINAL,MEDIUM,MODERATE,FAIL,FAIL,True,2,1,1,0,14.640913,-3.297045,7969.231333,4204.317637,BREAKDOWN,5006.480356,11.955777
CASE_07358,FATIGUE_ZONE,STRENGTHENING,HIGH,STRONG,HOLD,HOLD,True,4,0,0,4,74.485149,4.173568,7376.302102,2152.601441,GROWTH,2061.434562,78.943331
CASE_07360,RECOVERED_ZONE,STRENGTHENING,HIGH,STRONG,HOLD,HOLD,True,5,0,0,5,104.722772,4.186833,26012.880281,6067.07757,GROWTH,4585.440998,109.0
CASE_07362,FATIGUE_ZONE,STRENGTHENING,HIGH,STRONG,HOLD,HOLD,True,5,0,0,5,76.882353,4.60832,15617.263391,4011.219876,GROWTH,526.703097,79.0
CASE_07364,FATIGUE_ZONE,STRENGTHENING,HIGH,STRONG,HOLD,HOLD,True,6,0,0,6,73.804464,2.442603,10837.671512,2124.813457,GROWTH,914.611031,79.0
CASE_07365,EXHAUSTED_ZONE,TERMINAL,HIGH,STRONG,FAIL,FAIL,True,6,4,2,0,17.328613,-0.6309,16828.839486,3418.757707,BREAKDOWN,2429.648777,8.75258
CASE_07369,EXHAUSTED_ZONE,DEGRADING,HIGH,STRONG,FAIL,FAIL,True,5,0,5,0,15.256493,-1.349743,12922.913756,3231.529733,BREAKDOWN,3544.353348,11.879389
CASE_07381,FATIGUE_ZONE,STRENGTHENING,HIGH,STRONG,HOLD,HOLD,True,3,0,0,3,70.920792,5.821782,8513.295985,3772.894966,GROWTH,2055.789265,79.0
CASE_07392,EXHAUSTED_ZONE,TERMINAL,HIGH,STRONG,FAIL,FAIL,True,3,3,0,0,16.819077,0.05789,9527.694987,4123.112086,BREAKDOWN,4127.952173,14.361971
CASE_07393,EXHAUSTED_ZONE,TERMINAL,HIGH,STRONG,FAIL,FAIL,True,4,3,1,0,13.176562,-1.384296,13812.213044,4220.898995,BREAKDOWN,2696.042211,19.070505
CASE_07395,EXHAUSTED_ZONE,TERMINAL,HIGH,STRONG,FAIL,FAIL,True,5,2,2,0,15.333169,-1.0869,20194.740235,5804.176292,BREAKDOWN,3898.423691,14.84705
CASE_07397,RECOVERED_ZONE,STRENGTHENING,HIGH,STRONG,HOLD,HOLD,True,7,0,0,7,110.327758,3.202727,28900.109762,5708.737065,GROWTH,5601.432394,115.910123
CASE_07398,FATIGUE_ZONE,STRENGTHENING,HIGH,STRONG,HOLD,HOLD,True,5,0,0,5,73.407767,3.667436,6131.136341,1480.547403,GROWTH,1466.420927,79.0
CASE_07399,EXHAUSTED_ZONE,TERMINAL,HIGH,STRONG,FAIL,FAIL,True,5,2,3,0,16.171091,-0.980504,12310.731558,3109.967011,BREAKDOWN,366.383072,18.601551
CASE_07421,EXHAUSTED_ZONE,TERMINAL,MEDIUM,MODERATE,FAIL,FAIL,True,2,1,1,0,15.714487,-4.467413,12418.948666,8191.304661,BREAKDOWN,3289.185803,18.838534
CASE_07428,FATIGUE_ZONE,STRENGTHENING,HIGH,STRONG,HOLD,HOLD,True,4,0,0,4,74.01429,3.746742,13048.672529,4200.76507,GROWTH,3684.817805,79.0
CASE_07454,FATIGUE_ZONE,STRENGTHENING,HIGH,STRONG,HOLD,HOLD,True,6,0,0,6,76.461538,3.273622,19650.844758,4199.606795,GROWTH,2799.328517,79.0
CASE_07472,EXHAUSTED_ZONE,TERMINAL,HIGH,STRONG,FAIL,FAIL,True,3,1,2,0,17.58049,-0.07933,11232.506671,5191.251083,BREAKDOWN,1016.186179,18.013435
CASE_07473,EXHAUSTED_ZONE,TERMINAL,HIGH,STRONG,FAIL,FAIL,True,5,2,2,0,17.65564,-0.082902,17370.552905,5413.991647,BREAKDOWN,724.46708,18.903892
CASE_07480,FATIGUE_ZONE,STRENGTHENING,MEDIUM,MODERATE,HOLD,HOLD,True,2,0,0,2,63.941176,6.117647,3158.733067,2139.718013,GROWTH,2298.024015,79.0
CASE_07488,EXHAUSTED_ZONE,TERMINAL,HIGH,STRONG,FAIL,FAIL,True,3,1,1,0,16.248114,-1.64165,6708.257015,2733.217117,BREAKDOWN,3462.803685,14.534352
CASE_07498,EXHAUSTED_ZONE,TERMINAL,HIGH,STRONG,FAIL,FAIL,True,5,1,3,0,16.236602,-1.130188,15188.934922,3980.744534,BREAKDOWN,3210.981145,13.130789
CASE_07500,EXHAUSTED_ZONE,TERMINAL,HIGH,STRONG,FAIL,FAIL,True,5,1,2,0,13.46579,-1.439825,13809.787529,3362.877986,BREAKDOWN,3780.603278,11.404759
CASE_07503,EXHAUSTED_ZONE,DEGRADING,HIGH,STRONG,FAIL,FAIL,True,5,0,4,0,17.927746,-0.665813,15850.645655,4038.1108,BREAKDOWN,1683.286114,19.472696
CASE_07505,RECOVERED_ZONE,STRENGTHENING,HIGH,STRONG,HOLD,HOLD,True,4,0,0,4,114.352941,6.258823,17341.951678,4917.443295,GROWTH,2035.141619,116.0
CASE_07508,EXHAUSTED_ZONE,TERMINAL,HIGH,STRONG,FAIL,FAIL,True,5,1,3,0,19.579129,-0.175305,22984.160477,5818.583715,BREAKDOWN,2502.75151,17.524205
CASE_07509,FATIGUE_ZONE,STRENGTHENING,HIGH,STRONG,HOLD,HOLD,True,4,0,0,4,73.514286,4.377145,14400.857508,4047.206452,GROWTH,2395.527861,79.0
CASE_07513,RECOVERED_ZONE,STRENGTHENING,HIGH,STRONG,HOLD,HOLD,True,3,0,0,3,107.135922,10.135922,12995.774761,5593.490467,GROWTH,3373.535509,109.0
CASE_07516,RECOVERED_ZONE,STRENGTHENING,HIGH,STRONG,HOLD,HOLD,True,4,0,0,4,105.186916,6.235514,14750.033962,4497.572368,GROWTH,6112.418969,106.913334
CASE_07517,EXHAUSTED_ZONE,TERMINAL,HIGH,STRONG,FAIL,FAIL,True,6,1,4,0,19.169004,-0.499286,18227.828121,4239.953901,BREAKDOWN,2033.421594,15.138484
CASE_07524,EXHAUSTED_ZONE,TERMINAL,HIGH,STRONG,FAIL,FAIL,True,5,2,2,0,16.114489,-1.334407,30693.498282,9990.532944,BREAKDOWN,9687.8211,6.235116
CASE_07527,EXHAUSTED_ZONE,DEGRADING,HIGH,STRONG,FAIL,FAIL,True,4,0,2,0,18.064032,-0.908462,28662.00519,8763.156036,BREAKDOWN,8231.950565,12.33793
CASE_07543,EXHAUSTED_ZONE,DEGRADING,HIGH,STRONG,FAIL,FAIL,True,3,0,2,0,15.061635,-2.861876,10621.679884,5011.34156,BREAKDOWN,4642.990433,19.548929
CASE_07544,FATIGUE_ZONE,STRENGTHENING,HIGH,STRONG,HOLD,HOLD,True,4,0,0,4,75.0,4.349722,9073.922619,2348.099163,GROWTH,1731.773901,79.0
CASE_07549,EXHAUSTED_ZONE,STABLE,HIGH,STRONG,HOLD,FAIL,False,6,0,2,0,20.020764,-0.17666,22513.93271,6778.580146,BREAKDOWN,4014.650941,16.233948
CASE_07563,ELASTIC_ZONE,STRENGTHENING,MEDIUM,MODERATE,HOLD,HOLD,True,2,0,0,2,62.846154,6.0,4358.655942,2567.278158,GROWTH,2619.156872,79.0
CASE_07571,EXHAUSTED_ZONE,DEGRADING,HIGH,STRONG,FAIL,FAIL,True,4,0,3,0,13.769226,-1.795162,20694.49387,5392.158187,BREAKDOWN,4661.782483,15.509741
CASE_07575,FATIGUE_ZONE,STRENGTHENING,HIGH,STRONG,HOLD,HOLD,True,5,0,0,5,74.009901,3.19433,10403.04832,2222.742751,GROWTH,2257.101342,79.0
CASE_07584,RECOVERED_ZONE,STRENGTHENING,MEDIUM,MODERATE,HOLD,HOLD,True,2,0,0,2,102.823529,5.882353,9042.303211,4630.164614,GROWTH,4412.566384,116.0
CASE_07591,EXHAUSTED_ZONE,TERMINAL,HIGH,STRONG,FAIL,FAIL,True,4,2,2,0,17.489248,-1.188664,12485.213595,4967.157202,BREAKDOWN,3645.009619,12.96443
CASE_07592,EXHAUSTED_ZONE,TERMINAL,HIGH,STRONG,FAIL,FAIL,True,5,2,3,0,16.519116,-1.047345,16339.159196,4007.547152,BREAKDOWN,3584.515454,13.279611
CASE_07594,RECOVERED_ZONE,STRENGTHENING,HIGH,STRONG,HOLD,HOLD,True,7,0,0,7,109.580021,2.832172,29848.255592,5575.10874,GROWTH,2334.475163,116.0
CASE_07599,RECOVERED_ZONE,STRENGTHENING,HIGH,STRONG,HOLD,HOLD,True,5,0,0,5,102.411765,4.376471,30089.148562,8109.108873,GROWTH,7985.854318,109.0
CASE_07611,FATIGUE_ZONE,STRENGTHENING,MEDIUM,MODERATE,HOLD,HOLD,True,2,0,0,2,66.529412,4.235294,4582.126883,3457.653561,GROWTH,3470.470467,79.0
CASE_07617,EXHAUSTED_ZONE,TERMINAL,HIGH,STRONG,FAIL,FAIL,True,4,2,2,0,18.563047,-0.655721,11733.970216,3968.750945,BREAKDOWN,2481.120975,7.423555
CASE_07618,RECOVERED_ZONE,STRENGTHENING,HIGH,STRONG,HOLD,HOLD,True,4,0,0,4,106.861386,6.629703,15885.178322,5400.81138,GROWTH,4939.574685,107.772481
CASE_07620,EXHAUSTED_ZONE,TERMINAL,HIGH,STRONG,FAIL,FAIL,True,5,4,1,0,14.06042,-1.31439,16517.155497,4065.477996,BREAKDOWN,3549.448211,12.039428
CASE_07630,RECOVERED_ZONE,STRENGTHENING,HIGH,STRONG,HOLD,HOLD,True,5,0,0,5,105.8,4.821266,27285.067563,6648.474597,GROWTH,8284.672101,106.902018
CASE_07640,ELASTIC_ZONE,STRENGTHENING,HIGH,STRONG,HOLD,HOLD,True,6,0,0,6,76.861386,3.778028,11079.948732,3089.089987,GROWTH,889.729584,79.0
CASE_07644,ELASTIC_ZONE,STRENGTHENING,HIGH,STRONG,HOLD,HOLD,True,3,0,0,3,70.145631,5.708738,7198.136328,2970.143077,GROWTH,2480.864487,78.427169
CASE_07651,EXHAUSTED_ZONE,TERMINAL,HIGH,STRONG,FAIL,FAIL,True,8,3,3,0,29.651423,0.696357,20551.495347,4580.077472,BREAKDOWN,39.556513,30.593653
CASE_07657,FATIGUE_ZONE,STRENGTHENING,HIGH,STRONG,HOLD,HOLD,True,4,0,0,4,76.148515,6.718513,13113.6216,4809.871248,GROWTH,1704.415223,79.0
CASE_07660,FATIGUE_ZONE,STRENGTHENING,HIGH,STRONG,HOLD,HOLD,True,3,0,0,3,76.669903,9.087378,5407.159121,2008.72187,GROWTH,678.774867,79.0
CASE_07661,FATIGUE_ZONE,STRENGTHENING,HIGH,STRONG,HOLD,HOLD,True,3,0,0,3,76.203883,4.893203,4280.007755,1484.227058,GROWTH,296.171234,79.0
CASE_07672,EXHAUSTED_ZONE,TERMINAL,HIGH,STRONG,FAIL,FAIL,True,5,1,4,0,13.758954,-1.333676,18142.952595,3955.826286,BREAKDOWN,1548.674625,17.411843
CASE_07673,FATIGUE_ZONE,STRENGTHENING,HIGH,STRONG,HOLD,HOLD,True,5,0,0,5,69.644068,2.949153,9492.842854,3085.276591,GROWTH,3394.280935,79.0
CASE_07687,FATIGUE_ZONE,STRENGTHENING,MEDIUM,MODERATE,HOLD,HOLD,True,2,0,0,2,73.854484,8.345148,4066.503731,2073.251763,GROWTH,1650.151668,79.0
CASE_07691,EXHAUSTED_ZONE,TERMINAL,HIGH,STRONG,FAIL,FAIL,True,4,1,3,0,16.856857,-0.769399,16687.368649,4535.272728,BREAKDOWN,4411.381,6.11175
CASE_07692,EXHAUSTED_ZONE,TERMINAL,HIGH,STRONG,FAIL,FAIL,True,4,1,3,0,16.99563,-0.768061,16744.955574,4550.923596,BREAKDOWN,4426.60439,15.115164
CASE_07693,FATIGUE_ZONE,STRENGTHENING,HIGH,STRONG,HOLD,HOLD,True,5,0,0,5,67.705882,1.817647,10129.569162,2272.235486,GROWTH,2245.001763,79.0
CASE_07697,EXHAUSTED_ZONE,DEGRADING,HIGH,STRONG,FAIL,FAIL,True,4,0,4,0,16.789176,-1.102659,18700.576719,7025.075409,BREAKDOWN,4198.984997,18.108199
CASE_07707,FATIGUE_ZONE,STRENGTHENING,HIGH,STRONG,HOLD,HOLD,True,3,0,0,3,70.058824,3.747371,18710.98759,7496.251382,GROWTH,4156.119113,79.0
CASE_07710,EXHAUSTED_ZONE,DEGRADING,HIGH,STRONG,FAIL,FAIL,True,4,0,4,0,16.458341,-1.43779,26085.447951,8506.698458,BREAKDOWN,7768.548301,15.952873
CASE_07715,EXHAUSTED_ZONE,TERMINAL,HIGH,STRONG,FAIL,FAIL,True,4,3,1,0,18.585752,-0.7824,24957.938985,8467.467957,BREAKDOWN,3100.621294,17.580054
CASE_07730,FATIGUE_ZONE,STRENGTHENING,MEDIUM,MODERATE,HOLD,HOLD,True,2,0,0,2,63.175151,2.791973,4700.947321,2868.190823,GROWTH,2872.807488,77.572722
CASE_07737,FATIGUE_ZONE,STRENGTHENING,HIGH,STRONG,HOLD,HOLD,True,4,0,0,4,73.823529,5.399585,14383.019785,5710.716479,GROWTH,2317.860104,79.0
CASE_07738,FATIGUE_ZONE,STRENGTHENING,MEDIUM,MODERATE,HOLD,HOLD,True,2,0,0,2,66.324176,10.191147,8030.805045,4574.275387,GROWTH,2369.893065,79.0
CASE_07747,EXHAUSTED_ZONE,DEGRADING,HIGH,STRONG,FAIL,FAIL,True,3,0,2,0,11.863964,-2.710551,14293.832039,5513.107779,BREAKDOWN,3807.386783,14.487166
CASE_07749,EXHAUSTED_ZONE,DEGRADING,MEDIUM,MODERATE,FAIL,FAIL,True,2,0,2,0,19.545137,-0.757197,7585.600031,3952.551106,BREAKDOWN,4659.241223,13.343807
CASE_07765,FATIGUE_ZONE,STRENGTHENING,HIGH,STRONG,HOLD,HOLD,True,6,0,0,6,72.882353,3.463101,16873.084413,3413.990078,GROWTH,2100.286147,79.0
CASE_07766,EXHAUSTED_ZONE,DEGRADING,HIGH,STRONG,FAIL,FAIL,True,5,0,4,0,14.914089,-1.484565,14630.352096,3614.342156,BREAKDOWN,2385.5324,19.431051
CASE_07773,FATIGUE_ZONE,STRENGTHENING,HIGH,STRONG,HOLD,HOLD,True,6,0,0,6,76.861386,4.11003,21743.352309,4609.886339,GROWTH,1277.12204,79.0
CASE_07793,EXHAUSTED_ZONE,TERMINAL,HIGH,STRONG,FAIL,FAIL,True,3,1,2,0,12.661542,-3.314997,14197.585599,5047.778821,BREAKDOWN,5893.627542,11.978188
CASE_07796,FATIGUE_ZONE,STRENGTHENING,HIGH,STRONG,HOLD,HOLD,True,5,0,0,5,73.823529,4.011638,6939.189856,1716.992327,GROWTH,1265.707547,78.631245
CASE_07797,FATIGUE_ZONE,STRENGTHENING,HIGH,STRONG,HOLD,HOLD,True,4,0,0,4,72.108911,3.089513,5785.118879,1735.282718,GROWTH,1690.020069,75.216279
CASE_07809,ELASTIC_ZONE,STRENGTHENING,HIGH,STRONG,HOLD,HOLD,True,6,0,0,6,77.117647,3.691994,12680.75985,2551.464597,GROWTH,1247.266511,79.0
CASE_07818,FATIGUE_ZONE,STRENGTHENING,MEDIUM,MODERATE,HOLD,HOLD,True,2,0,0,2,72.137669,9.681358,2307.676443,1211.754488,GROWTH,1216.230604,78.219138
CASE_07828,ELASTIC_ZONE,STRENGTHENING,HIGH,STRONG,HOLD,HOLD,True,5,0,0,5,75.766004,3.938793,14912.985261,3666.687947,GROWTH,2631.043983,79.0
CASE_07837,RECOVERED_ZONE,STRENGTHENING,HIGH,STRONG,HOLD,HOLD,True,5,0,0,5,103.906636,3.628808,29019.717105,6142.274885,GROWTH,4375.328286,109.0
CASE_07838,RECOVERED_ZONE,STRENGTHENING,HIGH,STRONG,HOLD,HOLD,True,7,0,0,7,114.811881,3.840608,30958.776337,6088.737474,GROWTH,1167.787038,116.0
CASE_07840,EXHAUSTED_ZONE,TERMINAL,HIGH,STRONG,FAIL,FAIL,True,7,4,2,0,16.405369,-0.373564,15143.83658,3734.906773,BREAKDOWN,4337.487234,14.03705
CASE_07842,EXHAUSTED_ZONE,TERMINAL,HIGH,STRONG,FAIL,FAIL,True,6,1,4,0,16.947711,-1.069127,30149.206318,6894.752528,BREAKDOWN,4599.876917,19.522062
CASE_07845,ELASTIC_ZONE,STRENGTHENING,HIGH,STRONG,HOLD,HOLD,True,6,0,0,6,115.364233,3.383641,19709.568276,4383.493371,GROWTH,2077.251335,122.0
CASE_07852,ELASTIC_ZONE,STRENGTHENING,MEDIUM,MODERATE,HOLD,HOLD,True,2,0,0,2,58.892024,2.703905,1737.772339,1083.477505,GROWTH,1356.200376,78.049505
CASE_07853,RECOVERED_ZONE,STRENGTHENING,HIGH,STRONG,HOLD,HOLD,True,3,0,0,3,107.135922,3.091083,9281.343052,4053.685434,GROWTH,1911.916209,109.0
CASE_07856,FATIGUE_ZONE,STRENGTHENING,HIGH,STRONG,HOLD,HOLD,True,3,0,0,3,72.331352,3.493408,5532.455267,2291.420141,GROWTH,2263.682423,79.0
CASE_07883,EXHAUSTED_ZONE,TERMINAL,MEDIUM,MODERATE,FAIL,FAIL,True,2,1,1,0,18.795428,-1.28025,7518.70458,4098.598802,BREAKDOWN,2740.355598,18.745445
CASE_07898,FATIGUE_ZONE,STRENGTHENING,HIGH,STRONG,HOLD,HOLD,True,4,0,0,4,74.485149,3.778218,13135.523553,4974.005183,GROWTH,3421.04784,79.0
CASE_07899,FATIGUE_ZONE,STRENGTHENING,MEDIUM,MODERATE,HOLD,HOLD,True,2,0,0,2,65.662688,1.808319,4367.493837,2270.005804,GROWTH,2597.470833,79.0
CASE_07900,EXHAUSTED_ZONE,TERMINAL,MEDIUM,MODERATE,FAIL,FAIL,True,2,1,1,0,15.14354,-3.366634,10484.705209,6176.8577,BREAKDOWN,5280.909249,15.626192
CASE_07903,FATIGUE_ZONE,STRENGTHENING,MEDIUM,MODERATE,HOLD,HOLD,True,2,0,0,2,66.928043,9.076558,3402.347736,1819.537297,GROWTH,1838.989096,79.0
CASE_07905,EXHAUSTED_ZONE,TERMINAL,HIGH,STRONG,FAIL,FAIL,True,3,1,2,0,16.780488,-1.855415,10070.616203,4236.065124,BREAKDOWN,3546.861334,18.716668
CASE_07918,EXHAUSTED_ZONE,TERMINAL,HIGH,STRONG,FAIL,FAIL,True,4,3,1,0,19.353152,-0.490239,19975.763056,5318.182721,BREAKDOWN,1409.04308,18.122033
CASE_07925,EXHAUSTED_ZONE,DEGRADING,HIGH,STRONG,FAIL,FAIL,True,3,0,2,0,16.225064,-2.138855,8641.599855,3473.353391,BREAKDOWN,2658.611892,16.358439
CASE_07926,EXHAUSTED_ZONE,TERMINAL,HIGH,STRONG,FAIL,FAIL,True,4,1,3,0,17.783796,-0.624141,13431.137912,3872.612933,BREAKDOWN,3155.710829,18.023332
CASE_07930,FATIGUE_ZONE,STRENGTHENING,HIGH,STRONG,HOLD,HOLD,True,4,0,0,4,77.368932,4.065143,11838.293281,4375.094362,GROWTH,3883.199133,78.928384
CASE_07931,EXHAUSTED_ZONE,TERMINAL,HIGH,STRONG,FAIL,FAIL,True,4,1,2,0,18.029075,-0.749637,11424.585552,4091.990128,BREAKDOWN,4097.56769,17.677632
CASE_07939,EXHAUSTED_ZONE,TERMINAL,HIGH,STRONG,FAIL,FAIL,True,4,1,2,0,17.400307,-1.111183,14231.086582,4683.904861,BREAKDOWN,5917.675357,16.776868
CASE_07951,FATIGUE_ZONE,STRENGTHENING,HIGH,STRONG,HOLD,HOLD,True,4,0,0,4,76.902913,3.705786,9015.479358,3003.924003,GROWTH,378.060506,79.0
CASE_07952,FATIGUE_ZONE,STRENGTHENING,HIGH,STRONG,HOLD,HOLD,True,5,0,0,5,75.444444,3.197019,15040.962617,3720.418216,GROWTH,886.454838,79.0
CASE_07960,FATIGUE_ZONE,STRENGTHENING,MEDIUM,MODERATE,HOLD,HOLD,True,2,0,0,2,71.918366,11.155452,4358.466466,2228.238571,GROWTH,2295.395865,79.0
CASE_07966,EXHAUSTED_ZONE,TERMINAL,HIGH,STRONG,FAIL,FAIL,True,5,1,2,0,15.842638,-0.331601,14548.4357,3591.326404,BREAKDOWN,2136.399619,18.821449
CASE_07967,FATIGUE_ZONE,STRENGTHENING,MEDIUM,MODERATE,HOLD,HOLD,True,2,0,0,2,74.485149,10.818573,4247.78176,2142.662716,GROWTH,1933.171032,79.0
CASE_07968,ELASTIC_ZONE,STRENGTHENING,HIGH,STRONG,HOLD,HOLD,True,3,0,0,3,72.346535,8.19802,6538.480839,2459.183506,GROWTH,2333.542278,77.627303
CASE_07970,FATIGUE_ZONE,STRENGTHENING,HIGH,STRONG,HOLD,HOLD,True,3,0,0,3,76.111111,9.516471,6213.127925,2154.65102,GROWTH,24.101305,79.0
CASE_07971,EXHAUSTED_ZONE,TERMINAL,MEDIUM,MODERATE,FAIL,FAIL,True,2,1,1,0,17.446919,-0.693055,9055.28469,4663.609116,BREAKDOWN,4782.262112,17.219084
CASE_07972,FATIGUE_ZONE,STRENGTHENING,MEDIUM,MODERATE,HOLD,HOLD,True,2,0,0,2,65.823529,7.529411,7879.522103,4103.788428,GROWTH,4270.71313,77.764434
CASE_07978,FATIGUE_ZONE,STRENGTHENING,HIGH,STRONG,HOLD,HOLD,True,3,0,0,3,74.361257,3.092393,10879.951973,4055.13181,GROWTH,3195.355747,79.0
CASE_07979,FATIGUE_ZONE,STRENGTHENING,HIGH,STRONG,HOLD,HOLD,True,3,0,0,3,70.998297,3.114192,9204.838782,3585.218706,GROWTH,3208.419598,79.0
CASE_07983,EXHAUSTED_ZONE,TERMINAL,MEDIUM,MODERATE,FAIL,FAIL,True,2,1,1,0,15.002235,-5.57266,5373.871811,4712.839218,BREAKDOWN,3745.838837,6.166546
CASE_07984,EXHAUSTED_ZONE,TERMINAL,MEDIUM,MODERATE,FAIL,FAIL,True,2,1,1,0,15.665552,-5.459367,5395.780871,4732.0533,BREAKDOWN,3761.110401,14.755453
CASE_07993,EXHAUSTED_ZONE,TERMINAL,HIGH,STRONG,FAIL,FAIL,True,3,1,2,0,12.788646,-3.883039,15753.960057,5375.726362,BREAKDOWN,3021.638381,19.566586
CASE_07996,EXHAUSTED_ZONE,TERMINAL,HIGH,STRONG,FAIL,FAIL,True,4,2,1,0,17.851369,-0.896152,20536.991221,6468.49394,BREAKDOWN,5147.659677,18.573595
CASE_08002,EXHAUSTED_ZONE,TERMINAL,HIGH,STRONG,FAIL,FAIL,True,3,2,1,0,18.701772,-0.976694,10507.814815,4731.681155,BREAKDOWN,2463.356249,16.096259
CASE_08007,ELASTIC_ZONE,STRENGTHENING,HIGH,STRONG,HOLD,HOLD,True,5,0,0,5,73.348634,5.03393,15772.586889,4491.542321,GROWTH,3640.919741,77.192083
CASE_08010,RECOVERED_ZONE,STRENGTHENING,MEDIUM,MODERATE,HOLD,HOLD,True,2,0,0,2,102.217822,9.504951,11968.585338,8228.613867,GROWTH,10156.247884,116.0
CASE_08018,FATIGUE_ZONE,STRENGTHENING,MEDIUM,MODERATE,HOLD,HOLD,True,2,0,0,2,71.235294,5.587894,4636.919598,2979.005089,GROWTH,3006.408703,76.0289
CASE_08020,EXHAUSTED_ZONE,DEGRADING,MEDIUM,MODERATE,FAIL,FAIL,True,2,0,2,0,15.681813,-3.213408,11617.866581,5957.167387,BREAKDOWN,5589.528005,19.375303
CASE_08021,FATIGUE_ZONE,STRENGTHENING,HIGH,STRONG,HOLD,HOLD,True,4,0,0,4,67.629181,3.797945,11272.868702,3076.640828,GROWTH,3096.482504,79.0
CASE_08022,FATIGUE_ZONE,STRENGTHENING,MEDIUM,MODERATE,HOLD,HOLD,True,2,0,0,2,64.236229,4.125118,7178.881361,4130.034221,GROWTH,4138.726313,79.0
CASE_08024,EXHAUSTED_ZONE,TERMINAL,HIGH,STRONG,FAIL,FAIL,True,4,1,3,0,15.029306,-1.740415,25181.128016,7027.03429,BREAKDOWN,6701.721739,12.47572
CASE_08025,FATIGUE_ZONE,STRENGTHENING,MEDIUM,MODERATE,HOLD,HOLD,True,2,0,0,2,65.365496,0.713763,5234.909969,2758.158007,GROWTH,2739.277809,79.0
CASE_08028,FATIGUE_ZONE,STRENGTHENING,HIGH,STRONG,HOLD,HOLD,True,4,0,0,4,77.811881,6.826101,13717.617782,3944.842864,GROWTH,332.301099,79.0
CASE_08034,RECOVERED_ZONE,STRENGTHENING,HIGH,STRONG,HOLD,HOLD,True,3,0,0,3,105.235294,9.529411,13595.858485,5132.873204,GROWTH,2725.153551,109.0
CASE_08037,FATIGUE_ZONE,STRENGTHENING,HIGH,STRONG,HOLD,HOLD,True,3,0,0,3,75.538462,5.126971,7579.834911,2577.582002,GROWTH,1771.985609,79.0
CASE_08068,RECOVERED_ZONE,STRENGTHENING,MEDIUM,MODERATE,HOLD,HOLD,True,2,0,0,2,103.823529,4.470588,10882.103798,5479.384526,GROWTH,5879.668788,107.650494
CASE_08069,RECOVERED_ZONE,STRENGTHENING,HIGH,STRONG,HOLD,HOLD,True,3,0,0,3,102.647059,7.882353,13432.851502,5448.705455,GROWTH,7077.070409,108.051328
CASE_08070,FATIGUE_ZONE,STRENGTHENING,HIGH,STRONG,HOLD,HOLD,True,4,0,0,4,76.509434,3.500086,6464.386297,2551.500741,GROWTH,280.2897,79.0
CASE_08071,ELASTIC_ZONE,STRENGTHENING,HIGH,STRONG,HOLD,HOLD,True,4,0,0,4,77.117647,5.307837,10213.775241,3310.275481,GROWTH,2380.239441,74.623062
CASE_08075,FATIGUE_ZONE,STRENGTHENING,HIGH,STRONG,HOLD,HOLD,True,3,0,0,3,64.684987,3.944375,10417.762805,3892.594815,GROWTH,3443.445516,79.0
CASE_08085,FATIGUE_ZONE,STRENGTHENING,MEDIUM,MODERATE,HOLD,HOLD,True,2,0,0,2,72.882353,12.594209,4393.482584,2197.743719,GROWTH,1556.993833,79.0
CASE_08092,FATIGUE_ZONE,STRENGTHENING,MEDIUM,MODERATE,HOLD,HOLD,True,2,0,0,2,65.252427,6.558178,4084.939667,2049.90705,GROWTH,2251.381279,74.70247
CASE_08104,EXHAUSTED_ZONE,TERMINAL,MEDIUM,MODERATE,FAIL,FAIL,True,2,2,0,0,13.535898,-5.193265,7466.232829,4585.460046,BREAKDOWN,2475.947554,19.696408
CASE_08107,FATIGUE_ZONE,STRENGTHENING,HIGH,STRONG,HOLD,HOLD,True,3,0,0,3,69.995997,1.635317,10013.730989,3514.954187,GROWTH,1158.829818,79.0
CASE_08108,RECOVERED_ZONE,STRENGTHENING,HIGH,STRONG,HOLD,HOLD,True,3,0,0,3,98.623427,2.254188,20693.346696,8522.152829,GROWTH,4975.024139,109.0
CASE_08109,RECOVERED_ZONE,STRENGTHENING,MEDIUM,MODERATE,HOLD,HOLD,True,2,0,0,2,98.410785,5.225933,16704.573385,8940.610759,GROWTH,7021.877797,108.517451
CASE_08110,EXHAUSTED_ZONE,DEGRADING,HIGH,STRONG,FAIL,FAIL,True,3,0,2,0,14.702707,-1.830928,13563.749985,5317.669098,BREAKDOWN,6175.176633,13.305608
CASE_08111,RECOVERED_ZONE,STRENGTHENING,HIGH,STRONG,HOLD,HOLD,True,4,0,0,4,105.066549,5.63441,26927.213777,8719.333411,GROWTH,5010.554128,109.0
CASE_08112,FATIGUE_ZONE,STRENGTHENING,HIGH,STRONG,HOLD,HOLD,True,4,0,0,4,76.902913,5.778311,14738.086649,4822.262826,GROWTH,398.865569,77.352714
CASE_08113,EXHAUSTED_ZONE,TERMINAL,HIGH,STRONG,FAIL,FAIL,True,4,3,1,0,19.415225,-0.460426,20445.636099,6649.213994,BREAKDOWN,770.646101,20.890785
CASE_08114,EXHAUSTED_ZONE,TERMINAL,HIGH,STRONG,FAIL,FAIL,True,6,4,2,0,19.266708,0.164566,24513.170545,6640.267463,BREAKDOWN,2601.215541,18.603696
CASE_08118,FATIGUE_ZONE,STRENGTHENING,HIGH,STRONG,HOLD,HOLD,True,4,0,0,4,78.300971,5.943612,14710.665126,4431.317896,GROWTH,144.572309,79.0
CASE_08125,EXHAUSTED_ZONE,TERMINAL,HIGH,STRONG,FAIL,FAIL,True,4,2,2,0,17.725864,-1.149121,15640.617429,5189.448829,BREAKDOWN,1992.863877,17.171338
CASE_08126,FATIGUE_ZONE,STRENGTHENING,HIGH,STRONG,HOLD,HOLD,True,5,0,0,5,74.106796,4.006408,14032.344443,3940.549438,GROWTH,1727.547689,79.0
CASE_08129,FATIGUE_ZONE,STRENGTHENING,HIGH,STRONG,HOLD,HOLD,True,3,0,0,3,65.434783,3.234783,10183.925918,4249.608436,GROWTH,4048.950012,79.0
CASE_08131,EXHAUSTED_ZONE,TERMINAL,HIGH,STRONG,FAIL,FAIL,True,3,1,2,0,13.845974,-3.415443,8547.643206,4243.549802,BREAKDOWN,4817.924551,11.930447
CASE_08132,RECOVERED_ZONE,STRENGTHENING,HIGH,STRONG,HOLD,HOLD,True,3,0,0,3,100.020659,4.131688,14554.91896,5840.731057,GROWTH,6799.43708,108.346851
CASE_08136,FATIGUE_ZONE,STRENGTHENING,HIGH,STRONG,HOLD,HOLD,True,3,0,0,3,75.737864,7.339806,8263.895551,2848.765895,GROWTH,681.444859,79.0
CASE_08140,FATIGUE_ZONE,STRENGTHENING,HIGH,STRONG,HOLD,HOLD,True,4,0,0,4,76.923077,6.025319,7201.907848,2193.218401,GROWTH,1061.381617,79.0
CASE_08158,EXHAUSTED_ZONE,DEGRADING,HIGH,STRONG,FAIL,FAIL,True,3,0,3,0,13.161215,-3.504003,17073.162236,6075.150847,BREAKDOWN,5812.418095,13.512066
CASE_08161,FATIGUE_ZONE,STRENGTHENING,HIGH,STRONG,HOLD,HOLD,True,3,0,0,3,71.0,5.058823,6963.959118,2703.871342,GROWTH,2692.312,79.0
CASE_08162,FATIGUE_ZONE,STRENGTHENING,HIGH,STRONG,HOLD,HOLD,True,4,0,0,4,68.739191,3.990658,10397.412091,2968.343716,GROWTH,1872.544842,79.0
CASE_08163,RECOVERED_ZONE,STRENGTHENING,HIGH,STRONG,HOLD,HOLD,True,4,0,0,4,112.038835,6.064514,28060.572303,9595.89901,GROWTH,1131.225072,116.0
CASE_08165,ELASTIC_ZONE,STRENGTHENING,HIGH,STRONG,HOLD,HOLD,True,3,0,0,3,71.871287,7.722772,6552.677459,2219.235925,GROWTH,2445.711886,79.0
CASE_08172,FATIGUE_ZONE,STRENGTHENING,HIGH,STRONG,HOLD,HOLD,True,4,0,0,4,71.476316,3.529923,10167.597983,2808.295496,GROWTH,1500.952308,79.0
CASE_08181,FATIGUE_ZONE,STRENGTHENING,HIGH,STRONG,HOLD,HOLD,True,3,0,0,3,72.845417,3.592691,6610.099386,2379.410865,GROWTH,2335.342634,79.0
CASE_08182,EXHAUSTED_ZONE,TERMINAL,HIGH,STRONG,FAIL,FAIL,True,4,2,2,0,13.537846,-2.082942,15116.243204,4005.082537,BREAKDOWN,3956.754519,18.634473
CASE_08183,EXHAUSTED_ZONE,TERMINAL,HIGH,STRONG,FAIL,FAIL,True,5,1,2,0,16.411989,-1.152436,17915.953775,4892.450519,BREAKDOWN,4944.138713,15.411378
CASE_08185,FATIGUE_ZONE,STRENGTHENING,HIGH,STRONG,HOLD,HOLD,True,3,0,0,3,76.461538,9.0,6182.418347,4028.459628,GROWTH,132.640742,79.0
CASE_08189,FATIGUE_ZONE,STRENGTHENING,HIGH,STRONG,HOLD,HOLD,True,3,0,0,3,68.41297,1.531103,7952.541239,2918.575228,GROWTH,2889.03653,79.0
CASE_08190,EXHAUSTED_ZONE,DEGRADING,HIGH,STRONG,FAIL,FAIL,True,3,0,2,0,15.054745,-1.230085,15225.729267,5386.495392,BREAKDOWN,5415.328959,18.845139
CASE_08193,EXHAUSTED_ZONE,TERMINAL,HIGH,STRONG,FAIL,FAIL,True,4,1,3,0,17.600966,-0.854196,26081.707248,9480.738794,BREAKDOWN,692.951719,19.501433
CASE_08194,EXHAUSTED_ZONE,TERMINAL,HIGH,STRONG,FAIL,FAIL,True,4,1,1,0,15.31964,-1.637651,15182.274184,9587.539089,BREAKDOWN,1925.678917,19.799339
CASE_08217,FATIGUE_ZONE,STRENGTHENING,HIGH,STRONG,HOLD,HOLD,True,3,0,0,3,75.036697,4.207615,10362.256692,3509.648159,GROWTH,1728.776138,79.0
CASE_08222,FATIGUE_ZONE,STRENGTHENING,HIGH,STRONG,HOLD,HOLD,True,3,0,0,3,75.526215,4.96899,12871.289129,4895.951436,GROWTH,1903.902238,79.0
CASE_08225,FATIGUE_ZONE,STRENGTHENING,MEDIUM,MODERATE,HOLD,HOLD,True,2,0,0,2,66.671084,3.82493,6809.888717,3703.53035,GROWTH,3002.803826,79.0
CASE_08226,FATIGUE_ZONE,STRENGTHENING,HIGH,STRONG,HOLD,HOLD,True,4,0,0,4,68.947259,3.250491,14459.69287,4477.564192,GROWTH,3750.90938,79.0
CASE_08227,FATIGUE_ZONE,STRENGTHENING,HIGH,STRONG,HOLD,HOLD,True,4,0,0,4,67.841556,3.590844,12531.256702,4379.943725,GROWTH,4249.413962,79.0
CASE_08239,EXHAUSTED_ZONE,DEGRADING,HIGH,STRONG,FAIL,HOLD,False,3,0,3,0,15.603492,-2.631606,9032.777585,3170.741397,RECLAIM,3608.683626,18.924401
CASE_08240,FATIGUE_ZONE,STRENGTHENING,HIGH,STRONG,HOLD,HOLD,True,3,0,0,3,66.647065,5.229473,3226.395139,1446.959098,GROWTH,1938.929806,79.0
CASE_08241,FATIGUE_ZONE,STRENGTHENING,MEDIUM,MODERATE,HOLD,HOLD,True,2,0,0,2,63.942735,3.658331,1534.457274,1041.405463,GROWTH,1718.93401,79.0
CASE_08261,FATIGUE_ZONE,STRENGTHENING,HIGH,STRONG,HOLD,HOLD,True,5,0,0,5,71.864865,3.229276,9547.992933,2477.578668,GROWTH,1738.199134,79.0
CASE_08263,RECOVERED_ZONE,STRENGTHENING,HIGH,STRONG,HOLD,HOLD,True,6,0,0,6,112.717949,3.799662,37261.387054,9414.727881,GROWTH,834.905253,116.0
CASE_08264,RECOVERED_ZONE,STRENGTHENING,HIGH,STRONG,HOLD,HOLD,True,3,0,0,3,102.628319,7.115044,22159.443451,10451.540086,GROWTH,3315.478279,109.0
CASE_08266,EXHAUSTED_ZONE,TERMINAL,HIGH,STRONG,FAIL,FAIL,True,4,3,1,0,19.527412,-0.422451,21102.688569,10133.340489,BREAKDOWN,125.674135,18.57017
CASE_08267,RECOVERED_ZONE,STRENGTHENING,HIGH,STRONG,HOLD,HOLD,True,3,0,0,3,105.063319,6.957668,16443.35394,5614.158479,GROWTH,6208.43968,107.468971
CASE_08268,EXHAUSTED_ZONE,DEGRADING,HIGH,STRONG,FAIL,FAIL,True,3,0,3,0,16.481633,-2.034432,7559.521763,3928.387357,BREAKDOWN,3445.828155,15.319679
CASE_08277,FATIGUE_ZONE,STRENGTHENING,MEDIUM,MODERATE,HOLD,HOLD,True,2,0,0,2,57.796117,1.864078,4526.01198,2675.170205,GROWTH,4944.001334,79.0
CASE_08288,FATIGUE_ZONE,STRENGTHENING,MEDIUM,MODERATE,HOLD,HOLD,True,2,0,0,2,73.514286,2.285715,4704.202785,2465.610351,GROWTH,2355.17317,79.0
CASE_08295,FATIGUE_ZONE,STRENGTHENING,HIGH,STRONG,HOLD,HOLD,True,3,0,0,3,74.05185,7.624935,8462.548725,4329.06755,GROWTH,4187.768681,77.282091
CASE_08309,FATIGUE_ZONE,STRENGTHENING,HIGH,STRONG,HOLD,HOLD,True,4,0,0,4,74.230077,4.676616,9709.329165,3138.147804,GROWTH,2445.032518,79.0
CASE_08320,EXHAUSTED_ZONE,DEGRADING,HIGH,STRONG,FAIL,FAIL,True,4,0,3,0,17.038384,-1.229111,12880.92118,4755.735684,BREAKDOWN,4295.136801,11.109394
CASE_08321,RECOVERED_ZONE,STRENGTHENING,HIGH,STRONG,HOLD,HOLD,True,3,0,0,3,98.476615,5.930615,16030.447276,6358.679047,GROWTH,7249.085152,105.374497
CASE_08324,FATIGUE_ZONE,STRENGTHENING,HIGH,STRONG,HOLD,HOLD,True,3,0,0,3,63.107938,3.784161,8690.012131,3671.160567,GROWTH,3883.390921,79.0
CASE_08350,FATIGUE_ZONE,STRENGTHENING,MEDIUM,MODERATE,HOLD,HOLD,True,2,0,0,2,70.076598,10.974405,5531.678719,2828.42574,GROWTH,2474.558163,79.0
CASE_08352,RECOVERED_ZONE,STRENGTHENING,MEDIUM,MODERATE,HOLD,HOLD,True,2,0,0,2,94.784615,8.307692,13759.8308,7682.353929,GROWTH,6884.048863,109.0
CASE_08359,EXHAUSTED_ZONE,TERMINAL,HIGH,STRONG,FAIL,FAIL,True,3,1,2,0,15.713557,-2.464208,9407.482316,4287.660315,BREAKDOWN,4601.185499,14.872843
CASE_08370,FATIGUE_ZONE,STRENGTHENING,HIGH,STRONG,HOLD,HOLD,True,3,0,0,3,62.366337,2.999347,7246.070144,3493.973582,GROWTH,4122.365839,79.0
CASE_08391,FATIGUE_ZONE,STRENGTHENING,HIGH,STRONG,HOLD,HOLD,True,3,0,0,3,69.11016,5.901234,9567.343422,3624.43509,GROWTH,2951.057559,77.080435
CASE_08392,EXHAUSTED_ZONE,DEGRADING,HIGH,STRONG,FAIL,FAIL,True,3,0,3,0,16.087465,-2.234406,13590.740528,5968.513381,BREAKDOWN,5979.459209,17.303499
CASE_08395,EXHAUSTED_ZONE,TERMINAL,HIGH,STRONG,FAIL,FAIL,True,3,1,2,0,16.876856,-1.202497,12303.327914,4170.378243,BREAKDOWN,3606.133783,18.712608
CASE_08396,FATIGUE_ZONE,STRENGTHENING,HIGH,STRONG,HOLD,HOLD,True,3,0,0,3,72.647059,4.941176,8397.941467,2839.58462,GROWTH,2499.353771,79.0
CASE_08397,EXHAUSTED_ZONE,TERMINAL,HIGH,STRONG,FAIL,FAIL,True,4,1,3,0,17.64232,-1.239629,13556.400434,3830.169908,BREAKDOWN,3573.541007,18.138272
CASE_08398,EXHAUSTED_ZONE,TERMINAL,HIGH,STRONG,FAIL,FAIL,True,4,1,2,0,16.501119,-0.925297,12438.777248,3972.616726,BREAKDOWN,3584.018003,17.234708
CASE_08402,EXHAUSTED_ZONE,TERMINAL,HIGH,STRONG,FAIL,FAIL,True,4,3,1,0,16.351743,-0.814028,24418.258414,8396.697159,BREAKDOWN,203.361853,19.68503
CASE_08413,EXHAUSTED_ZONE,DEGRADING,HIGH,STRONG,FAIL,FAIL,True,3,0,2,0,15.607758,-0.976322,14328.131757,5135.385707,BREAKDOWN,4473.730907,18.731656
CASE_08414,RECOVERED_ZONE,STRENGTHENING,HIGH,STRONG,HOLD,HOLD,True,4,0,0,4,106.99076,3.220743,23413.087504,7715.889203,GROWTH,6535.463929,116.0
CASE_08415,FATIGUE_ZONE,STRENGTHENING,HIGH,STRONG,HOLD,HOLD,True,6,0,0,6,75.8,3.539592,14159.57778,4991.917089,GROWTH,173.580491,79.0
CASE_08425,FATIGUE_ZONE,STRENGTHENING,HIGH,STRONG,HOLD,HOLD,True,3,0,0,3,72.882353,5.764706,6133.289204,2460.790858,GROWTH,2264.40245,79.0
CASE_08436,FATIGUE_ZONE,STRENGTHENING,HIGH,STRONG,HOLD,HOLD,True,3,0,0,3,67.108108,5.951658,8922.071103,3537.011481,GROWTH,3667.562133,79.0
CASE_08483,RECOVERED_ZONE,STRENGTHENING,HIGH,STRONG,HOLD,HOLD,True,4,0,0,4,100.222995,2.554063,39246.816309,11015.377169,GROWTH,4245.413177,109.0
CASE_08501,EXHAUSTED_ZONE,TERMINAL,HIGH,STRONG,FAIL,FAIL,True,4,1,3,0,15.942855,-1.322606,8817.488478,2439.557494,BREAKDOWN,2466.301866,11.558342
CASE_08516,RECOVERED_ZONE,STRENGTHENING,HIGH,STRONG,HOLD,HOLD,True,5,0,0,5,105.001905,4.781402,16803.718504,4018.139748,GROWTH,3891.701156,109.0
CASE_08527,ELASTIC_ZONE,STRENGTHENING,HIGH,STRONG,HOLD,HOLD,True,6,0,0,6,77.117647,3.830082,16312.71862,3934.339591,GROWTH,3221.537527,79.0
CASE_08530,EXHAUSTED_ZONE,TERMINAL,HIGH,STRONG,FAIL,FAIL,True,4,1,2,0,15.793215,-1.786881,11245.315571,3559.720723,BREAKDOWN,1861.101188,17.50615
CASE_08531,ELASTIC_ZONE,STRENGTHENING,HIGH,STRONG,HOLD,HOLD,True,3,0,0,3,118.910891,5.701348,6177.739946,2074.253734,GROWTH,1137.244734,122.0
CASE_08532,EXHAUSTED_ZONE,TERMINAL,HIGH,STRONG,FAIL,FAIL,True,5,1,3,0,17.318062,-0.209677,15082.993737,3689.024327,BREAKDOWN,3322.276172,11.74004
CASE_08533,RECOVERED_ZONE,STRENGTHENING,HIGH,STRONG,HOLD,HOLD,True,4,0,0,4,106.623762,5.844464,16954.935659,4854.071325,GROWTH,2619.255334,109.0
CASE_08542,FATIGUE_ZONE,STRENGTHENING,HIGH,STRONG,HOLD,HOLD,True,3,0,0,3,74.636364,4.294341,15984.227917,6323.321339,GROWTH,656.512958,79.0
CASE_08546,EXHAUSTED_ZONE,TERMINAL,HIGH,STRONG,FAIL,FAIL,True,4,1,3,0,13.244563,-2.402514,31164.821187,10288.166809,BREAKDOWN,5554.774721,18.671425
CASE_08563,RECOVERED_ZONE,STRENGTHENING,HIGH,STRONG,HOLD,HOLD,True,3,0,0,3,97.872657,5.961081,12993.604916,4914.054088,GROWTH,5069.047128,105.892123
CASE_08576,FATIGUE_ZONE,STRENGTHENING,HIGH,STRONG,HOLD,HOLD,True,4,0,0,4,69.722088,4.214634,11500.145302,3539.443792,GROWTH,4256.267051,79.0
CASE_08578,EXHAUSTED_ZONE,TERMINAL,HIGH,STRONG,FAIL,FAIL,True,5,2,2,0,13.876235,-1.483561,18056.000189,4852.477363,BREAKDOWN,4075.408806,7.965442
CASE_08584,EXHAUSTED_ZONE,TERMINAL,HIGH,STRONG,FAIL,FAIL,True,3,2,1,0,17.632035,-0.533682,10983.712842,4016.094278,BREAKDOWN,2679.383581,17.513102
CASE_08585,FATIGUE_ZONE,STRENGTHENING,HIGH,STRONG,HOLD,HOLD,True,5,0,0,5,73.29703,3.418184,9948.137295,2373.375408,GROWTH,1375.830641,79.0
CASE_08586,RECOVERED_ZONE,STRENGTHENING,HIGH,STRONG,HOLD,HOLD,True,4,0,0,4,107.202084,6.06865,16349.475227,4439.151863,GROWTH,3093.596783,109.0
CASE_08591,EXHAUSTED_ZONE,TERMINAL,HIGH,STRONG,FAIL,FAIL,True,3,2,1,0,15.199733,-2.26818,7850.487216,4327.908178,BREAKDOWN,4332.076166,14.311705
CASE_08594,ELASTIC_ZONE,STRENGTHENING,HIGH,STRONG,HOLD,HOLD,True,6,0,0,6,71.079357,2.469533,11248.329711,2957.735221,GROWTH,2967.650162,77.462057
CASE_08595,FATIGUE_ZONE,STRENGTHENING,HIGH,STRONG,HOLD,HOLD,True,4,0,0,4,64.849639,3.018608,6796.128924,3226.618774,GROWTH,3237.435038,79.0
CASE_08597,FATIGUE_ZONE,STRENGTHENING,HIGH,STRONG,HOLD,HOLD,True,3,0,0,3,68.158985,5.093778,8849.204233,4504.752402,GROWTH,4461.45554,79.0
CASE_08607,RECOVERED_ZONE,STRENGTHENING,HIGH,STRONG,HOLD,HOLD,True,4,0,0,4,103.407767,5.193383,23675.018102,7798.14253,GROWTH,8113.785795,109.0
CASE_08632,RECOVERED_ZONE,STRENGTHENING,HIGH,STRONG,HOLD,HOLD,True,3,0,0,3,113.257143,6.971428,15926.225729,5831.350962,GROWTH,664.909384,116.0
CASE_08636,EXHAUSTED_ZONE,TERMINAL,HIGH,STRONG,FAIL,FAIL,True,5,4,1,0,15.61771,-1.240655,29808.023014,9146.992639,BREAKDOWN,620.49722,19.156483
CASE_08643,EXHAUSTED_ZONE,TERMINAL,MEDIUM,MODERATE,FAIL,FAIL,True,2,1,0,0,15.066489,-5.733511,6433.286249,4977.555839,BREAKDOWN,5225.325173,14.368949
CASE_08645,FATIGUE_ZONE,STRENGTHENING,MEDIUM,MODERATE,HOLD,HOLD,True,2,0,0,2,67.052434,6.56672,7717.525327,3994.516705,GROWTH,3855.275524,79.0
CASE_08647,FATIGUE_ZONE,STRENGTHENING,HIGH,STRONG,HOLD,HOLD,True,4,0,0,4,73.461538,5.90045,12793.574434,4229.228317,GROWTH,3712.707423,76.863759
CASE_08648,RECOVERED_ZONE,STRENGTHENING,HIGH,STRONG,HOLD,HOLD,True,4,0,0,4,101.470588,4.194785,26262.18877,7321.073974,GROWTH,7788.770281,109.0
CASE_08657,FATIGUE_ZONE,STRENGTHENING,HIGH,STRONG,HOLD,HOLD,True,3,0,0,3,74.384615,7.195221,8620.81554,3811.155461,GROWTH,3300.662571,78.134253
CASE_08658,RECOVERED_ZONE,STRENGTHENING,MEDIUM,MODERATE,HOLD,HOLD,True,2,0,0,2,110.873786,13.113007,11212.71823,5616.914628,GROWTH,4728.934566,116.0
CASE_08659,EXHAUSTED_ZONE,TERMINAL,HIGH,STRONG,FAIL,FAIL,True,5,3,2,0,18.20317,-0.128725,19264.363032,4184.838053,BREAKDOWN,1511.031429,17.970518
CASE_08670,FATIGUE_ZONE,STRENGTHENING,HIGH,STRONG,HOLD,HOLD,True,6,0,0,6,75.984159,4.339048,14731.361641,3209.428656,GROWTH,395.59234,79.0
CASE_08675,RECOVERED_ZONE,STRENGTHENING,HIGH,STRONG,HOLD,HOLD,True,3,0,0,3,103.485714,2.79323,22403.305369,8154.466399,GROWTH,8623.291495,116.0
CASE_08682,FATIGUE_ZONE,STRENGTHENING,HIGH,STRONG,HOLD,HOLD,True,6,0,0,6,68.929188,2.193202,10245.909457,2068.927679,GROWTH,2333.248537,76.171423
CASE_08687,RECOVERED_ZONE,STRENGTHENING,HIGH,STRONG,HOLD,HOLD,True,4,0,0,4,102.588011,4.949513,14828.298957,6378.334297,GROWTH,5691.448273,109.0
CASE_08709,EXHAUSTED_ZONE,TERMINAL,MEDIUM,MODERATE,FAIL,FAIL,True,2,1,1,0,18.610718,0.232518,30495.126292,15677.346799,BREAKDOWN,8712.996942,17.916598
CASE_08713,FATIGUE_ZONE,STRENGTHENING,HIGH,STRONG,HOLD,HOLD,True,3,0,0,3,74.615385,5.192308,14526.769018,5324.324499,GROWTH,4845.517366,76.227446
CASE_08714,FATIGUE_ZONE,STRENGTHENING,MEDIUM,MODERATE,HOLD,HOLD,True,2,0,0,2,75.970874,19.572816,8692.325031,4999.014042,GROWTH,1965.317248,79.0
CASE_08719,EXHAUSTED_ZONE,DEGRADING,MEDIUM,MODERATE,FAIL,FAIL,True,2,0,2,0,13.831136,-6.020745,15811.849972,9546.805666,BREAKDOWN,4841.85873,14.883693
CASE_08737,ELASTIC_ZONE,STRENGTHENING,HIGH,STRONG,HOLD,HOLD,True,3,0,0,3,74.722772,4.752475,9796.948588,3478.747812,GROWTH,3496.506162,79.0
CASE_08739,FATIGUE_ZONE,STRENGTHENING,HIGH,STRONG,HOLD,HOLD,True,5,0,0,5,72.909623,3.978041,26159.832208,7010.075425,GROWTH,1109.970957,79.0
CASE_08745,EXHAUSTED_ZONE,DEGRADING,HIGH,STRONG,FAIL,FAIL,True,3,0,3,0,16.087471,-2.046991,9695.636701,3452.963348,BREAKDOWN,3572.056781,19.321893
CASE_08749,EXHAUSTED_ZONE,TERMINAL,HIGH,STRONG,FAIL,FAIL,True,4,1,3,0,17.229799,-0.736042,12928.683405,3987.781282,BREAKDOWN,4569.548737,13.362188
CASE_08751,FATIGUE_ZONE,STRENGTHENING,HIGH,STRONG,HOLD,HOLD,True,3,0,0,3,64.046198,3.138484,8910.53114,4914.403364,GROWTH,5243.173853,77.011817
CASE_08752,EXHAUSTED_ZONE,TERMINAL,HIGH,STRONG,FAIL,FAIL,True,3,1,2,0,13.857361,-3.36776,14992.838442,7259.925413,BREAKDOWN,4200.865053,19.620792
CASE_08756,FATIGUE_ZONE,STRENGTHENING,HIGH,STRONG,HOLD,HOLD,True,3,0,0,3,77.429907,7.850467,10341.970485,3665.418116,GROWTH,1330.568687,79.0
CASE_08775,EXHAUSTED_ZONE,TERMINAL,MEDIUM,MODERATE,FAIL,FAIL,True,2,1,1,0,19.91622,-0.694884,7765.087379,6725.174243,BREAKDOWN,111.360244,19.339166
CASE_08800,FATIGUE_ZONE,STRENGTHENING,HIGH,STRONG,HOLD,HOLD,True,3,0,0,3,62.92233,2.679611,8199.302715,2805.56949,GROWTH,2686.706579,79.0
CASE_08833,ELASTIC_ZONE,STRENGTHENING,HIGH,STRONG,HOLD,HOLD,True,5,0,0,5,76.882353,3.394459,11009.900728,2651.224332,GROWTH,970.720679,79.0
CASE_08835,EXHAUSTED_ZONE,TERMINAL,HIGH,STRONG,FAIL,FAIL,True,4,1,2,0,17.737641,-0.701194,9985.499004,3033.748449,BREAKDOWN,2645.15098,15.399207
CASE_08841,EXHAUSTED_ZONE,TERMINAL,MEDIUM,MODERATE,FAIL,FAIL,True,2,2,0,0,15.98444,-1.440564,8687.932527,5446.483117,BREAKDOWN,2939.645557,14.456751
CASE_08842,EXHAUSTED_ZONE,TERMINAL,HIGH,STRONG,FAIL,FAIL,True,3,3,0,0,17.096569,0.404979,17905.97556,6149.579192,BREAKDOWN,825.472413,19.346947
CASE_08845,EXHAUSTED_ZONE,DEGRADING,MEDIUM,MODERATE,FAIL,HOLD,False,2,0,2,0,15.409665,-4.332098,7558.521546,3962.008575,RECLAIM,4016.246942,18.32027
CASE_08853,EXHAUSTED_ZONE,TERMINAL,HIGH,STRONG,FAIL,FAIL,True,3,2,1,0,16.179991,-1.483237,8768.73292,3099.449591,BREAKDOWN,3159.976026,13.602347
CASE_08863,EXHAUSTED_ZONE,TERMINAL,HIGH,STRONG,FAIL,FAIL,True,3,1,1,0,25.175797,0.081172,11169.469959,5050.562966,BREAKDOWN,2805.357107,30.67458
CASE_08864,FATIGUE_ZONE,STRENGTHENING,HIGH,STRONG,HOLD,HOLD,True,3,0,0,3,72.036156,4.800861,8368.534044,3729.163493,GROWTH,2116.662946,79.0
CASE_08866,RECOVERED_ZONE,STRENGTHENING,HIGH,STRONG,HOLD,HOLD,True,3,0,0,3,96.345455,4.254545,15403.803176,6737.373205,GROWTH,7161.432694,109.0
CASE_08867,FATIGUE_ZONE,STRENGTHENING,HIGH,STRONG,HOLD,HOLD,True,3,0,0,3,74.354839,7.195999,9940.369629,3964.805322,GROWTH,285.172983,79.0
CASE_08878,FATIGUE_ZONE,STRENGTHENING,MEDIUM,MODERATE,HOLD,HOLD,True,2,0,0,2,73.280458,4.066866,7537.421645,3956.500441,GROWTH,2072.926465,79.0
CASE_08879,EXHAUSTED_ZONE,TERMINAL,MEDIUM,MODERATE,FAIL,FAIL,True,2,1,1,0,14.942863,-3.596264,9383.463001,4911.787369,BREAKDOWN,4518.52241,13.021186
CASE_08882,EXHAUSTED_ZONE,TERMINAL,HIGH,STRONG,FAIL,FAIL,True,4,1,2,0,15.059668,-1.540041,11443.130679,3855.284664,BREAKDOWN,156.525647,15.67801
CASE_08883,EXHAUSTED_ZONE,TERMINAL,HIGH,STRONG,FAIL,FAIL,True,3,2,1,0,13.331591,-1.688469,14289.240925,5392.377118,BREAKDOWN,3053.122509,17.027803
CASE_08884,FATIGUE_ZONE,STRENGTHENING,HIGH,STRONG,HOLD,HOLD,True,5,0,0,5,75.081737,4.47526,13716.522432,3419.927859,GROWTH,838.352213,79.0
CASE_08893,FATIGUE_ZONE,STRENGTHENING,HIGH,STRONG,HOLD,HOLD,True,4,0,0,4,77.336634,5.607833,7975.268376,2906.576331,GROWTH,1098.95662,79.0
CASE_08895,EXHAUSTED_ZONE,DEGRADING,HIGH,STRONG,FAIL,FAIL,True,4,0,3,0,14.261375,-1.499355,20797.396801,5584.402426,BREAKDOWN,5036.36206,19.524736
CASE_08905,EXHAUSTED_ZONE,TERMINAL,HIGH,STRONG,FAIL,FAIL,True,3,1,1,1,26.774554,0.669686,9614.447728,4012.429579,BREAKDOWN,3478.410278,26.888866
CASE_08921,EXHAUSTED_ZONE,TERMINAL,HIGH,STRONG,FAIL,FAIL,True,3,1,2,0,15.770625,-2.644664,17151.586496,6228.118545,BREAKDOWN,3899.411429,11.156081
CASE_08923,RECOVERED_ZONE,STRENGTHENING,HIGH,STRONG,HOLD,HOLD,True,3,0,0,3,105.19802,8.270952,21221.39496,7594.051452,GROWTH,7617.444697,107.163938
CASE_08924,RECOVERED_ZONE,STRENGTHENING,MEDIUM,MODERATE,HOLD,HOLD,True,2,0,0,2,106.970297,10.217822,11833.077218,6659.254948,GROWTH,6593.688227,116.0
CASE_08926,FATIGUE_ZONE,STRENGTHENING,HIGH,STRONG,HOLD,HOLD,True,3,0,0,3,67.461538,4.961538,5865.880453,2462.660465,GROWTH,2681.890566,79.0
CASE_08928,RECOVERED_ZONE,STRENGTHENING,HIGH,STRONG,HOLD,HOLD,True,3,0,0,3,114.153846,8.423077,21510.205377,8130.003389,GROWTH,570.29584,116.0
CASE_08929,EXHAUSTED_ZONE,DEGRADING,HIGH,STRONG,FAIL,FAIL,True,3,0,2,0,17.390292,-1.577048,19443.948821,7075.848534,BREAKDOWN,3135.800241,15.497508
CASE_08932,EXHAUSTED_ZONE,DEGRADING,HIGH,STRONG,FAIL,FAIL,True,4,0,3,0,17.41771,-0.857059,15492.311333,4948.046062,BREAKDOWN,4528.24798,18.850897
CASE_08935,EXHAUSTED_ZONE,DEGRADING,MEDIUM,MODERATE,FAIL,FAIL,True,2,0,1,0,18.35583,1.15127,9002.441481,4552.741732,BREAKDOWN,2399.604185,19.310123
CASE_08938,ELASTIC_ZONE,STRENGTHENING,HIGH,STRONG,HOLD,HOLD,True,3,0,0,3,74.885714,8.533013,5844.291817,2458.796704,GROWTH,1179.31312,78.824307
CASE_08939,EXHAUSTED_ZONE,TERMINAL,HIGH,STRONG,FAIL,FAIL,True,3,1,2,0,15.859561,-2.229572,10329.226632,4449.90325,BREAKDOWN,2545.483473,14.21517
CASE_08952,EXHAUSTED_ZONE,TERMINAL,HIGH,STRONG,FAIL,FAIL,True,4,1,3,0,17.408785,-0.33488,12185.943916,3396.439555,BREAKDOWN,1953.324365,17.592257
CASE_08962,FATIGUE_ZONE,STRENGTHENING,MEDIUM,MODERATE,HOLD,HOLD,True,2,0,0,2,68.714286,6.670127,6828.653522,3534.009389,GROWTH,3393.079214,79.0
CASE_08964,EXHAUSTED_ZONE,DEGRADING,MEDIUM,MODERATE,FAIL,FAIL,True,2,0,2,0,18.154257,-2.112647,7578.70291,5315.524348,BREAKDOWN,5289.458502,16.937821
CASE_08979,FATIGUE_ZONE,STRENGTHENING,HIGH,STRONG,HOLD,HOLD,True,3,0,0,3,72.108911,7.009901,6580.17261,2644.902408,GROWTH,2258.927167,78.978048
CASE_08981,FATIGUE_ZONE,STRENGTHENING,HIGH,STRONG,HOLD,HOLD,True,4,0,0,4,77.811881,7.53375,11220.648833,3326.509108,GROWTH,1578.438579,79.0
CASE_08984,EXHAUSTED_ZONE,TERMINAL,HIGH,STRONG,FAIL,FAIL,True,3,3,0,0,14.807133,-2.782082,10941.040816,4143.976181,BREAKDOWN,1541.928213,18.429105
CASE_08985,EXHAUSTED_ZONE,TERMINAL,HIGH,STRONG,FAIL,FAIL,True,3,2,1,0,15.184088,-2.527425,14411.364325,5211.321927,BREAKDOWN,3786.027423,18.194106
CASE_08988,EXHAUSTED_ZONE,TERMINAL,HIGH,STRONG,FAIL,FAIL,True,3,2,1,0,12.933045,-1.155275,13208.267349,4816.780252,BREAKDOWN,2031.043174,19.705605
CASE_08991,RECOVERED_ZONE,STRENGTHENING,MEDIUM,MODERATE,HOLD,HOLD,True,2,0,0,2,106.647059,6.925379,12814.114804,7782.757229,GROWTH,4951.214115,109.0
CASE_08996,EXHAUSTED_ZONE,DEGRADING,MEDIUM,MODERATE,FAIL,FAIL,True,2,0,2,0,17.131157,-0.939051,7088.129924,3792.343627,BREAKDOWN,3970.979084,17.035751
CASE_08999,RECOVERED_ZONE,STRENGTHENING,HIGH,STRONG,HOLD,HOLD,True,3,0,0,3,92.128713,2.970297,13746.083739,5230.055948,GROWTH,5919.122211,109.0
CASE_09012,FATIGUE_ZONE,STRENGTHENING,HIGH,STRONG,HOLD,HOLD,True,5,0,0,5,69.968088,2.688664,9251.858528,2066.204433,GROWTH,101.714359,79.0
CASE_09022,FATIGUE_ZONE,STRENGTHENING,HIGH,STRONG,HOLD,HOLD,True,6,0,0,6,70.542857,2.559764,8476.210115,2014.235375,GROWTH,2010.956113,79.0
CASE_09023,ELASTIC_ZONE,STRENGTHENING,MEDIUM,MODERATE,HOLD,HOLD,True,2,0,0,2,67.885125,8.624134,7487.529203,4272.545064,GROWTH,4072.303163,79.0
CASE_09026,FATIGUE_ZONE,STRENGTHENING,HIGH,STRONG,HOLD,HOLD,True,5,0,0,5,76.861386,4.467327,42270.936429,12794.093603,GROWTH,2225.242228,79.0
CASE_09027,EXHAUSTED_ZONE,TERMINAL,HIGH,STRONG,FAIL,FAIL,True,6,4,2,0,18.623578,-0.420529,58324.47695,17159.878622,BREAKDOWN,2069.386646,18.465272
CASE_09028,EXHAUSTED_ZONE,TERMINAL,HIGH,STRONG,FAIL,FAIL,True,5,1,3,0,15.692151,-1.204579,20276.025715,5722.611673,BREAKDOWN,3753.707073,16.500124
CASE_09033,EXHAUSTED_ZONE,TERMINAL,HIGH,STRONG,FAIL,FAIL,True,3,1,2,0,11.625323,-4.293844,9043.488888,3555.255972,BREAKDOWN,3103.52656,15.793528
CASE_09065,EXHAUSTED_ZONE,DEGRADING,MEDIUM,MODERATE,FAIL,FAIL,True,2,0,2,0,17.733767,-2.035265,7785.742815,3989.61359,BREAKDOWN,5328.644651,15.357164
CASE_09068,EXHAUSTED_ZONE,TERMINAL,HIGH,STRONG,FAIL,FAIL,True,3,2,1,0,16.499245,-0.785483,9715.288306,3290.333834,BREAKDOWN,3548.312411,19.324563
CASE_09081,FATIGUE_ZONE,STRENGTHENING,HIGH,STRONG,HOLD,HOLD,True,5,0,0,5,74.140809,4.676691,13403.137513,3093.688346,GROWTH,1010.768713,79.0
CASE_09083,FATIGUE_ZONE,STRENGTHENING,HIGH,STRONG,HOLD,HOLD,True,5,0,0,5,71.0362,3.587637,24759.9009,5675.075636,GROWTH,1809.843516,79.0
CASE_09086,FATIGUE_ZONE,STRENGTHENING,HIGH,STRONG,HOLD,HOLD,True,4,0,0,4,77.336634,5.929423,9169.408321,2708.465822,GROWTH,1383.42136,79.0
CASE_09088,EXHAUSTED_ZONE,TERMINAL,HIGH,STRONG,FAIL,FAIL,True,5,3,2,0,16.751581,-1.211755,17024.777036,3979.407164,BREAKDOWN,4054.733239,12.600864
CASE_09089,EXHAUSTED_ZONE,TERMINAL,HIGH,STRONG,FAIL,FAIL,True,4,3,1,0,15.781269,-1.71722,14265.698315,3993.773451,BREAKDOWN,4069.371641,13.600618
CASE_09110,EXHAUSTED_ZONE,TERMINAL,HIGH,STRONG,FAIL,FAIL,True,6,4,2,0,14.062824,-1.006503,19233.876369,4870.893982,BREAKDOWN,5144.809152,11.943498
CASE_09125,EXHAUSTED_ZONE,DEGRADING,MEDIUM,MODERATE,FAIL,HOLD,False,2,0,2,0,23.086825,-0.946364,8277.461538,4214.912057,RECLAIM,3595.387545,30.024002
CASE_09127,RECOVERED_ZONE,STRENGTHENING,HIGH,STRONG,HOLD,HOLD,True,5,0,0,5,108.07767,2.120388,25168.711597,6587.474702,GROWTH,10398.65575,116.0
CASE_09128,RECOVERED_ZONE,STRENGTHENING,HIGH,STRONG,HOLD,HOLD,True,5,0,0,5,111.905791,4.49378,33781.585248,14309.389041,GROWTH,6587.106907,116.0
CASE_09131,FATIGUE_ZONE,STRENGTHENING,HIGH,STRONG,HOLD,HOLD,True,3,0,0,3,71.888889,6.444444,7631.853586,3118.159328,GROWTH,2359.569761,79.0
CASE_09161,EXHAUSTED_ZONE,TERMINAL,HIGH,STRONG,FAIL,FAIL,True,4,2,2,0,19.762631,-0.449449,10468.356552,3535.403373,BREAKDOWN,1734.135738,19.888726
CASE_09162,EXHAUSTED_ZONE,TERMINAL,MEDIUM,MODERATE,FAIL,FAIL,True,2,2,0,0,19.938461,-0.383798,7969.921398,5008.654098,BREAKDOWN,4295.246576,15.543018
CASE_09163,EXHAUSTED_ZONE,TERMINAL,MEDIUM,MODERATE,FAIL,FAIL,True,2,2,0,0,19.579907,-0.380306,8197.171931,5216.919753,BREAKDOWN,4578.345487,16.701906
CASE_09164,FATIGUE_ZONE,STRENGTHENING,MEDIUM,MODERATE,HOLD,HOLD,True,2,0,0,2,65.536585,2.341463,6107.837947,3857.216436,GROWTH,3385.076032,79.0
CASE_09170,EXHAUSTED_ZONE,TERMINAL,HIGH,STRONG,FAIL,FAIL,True,4,2,2,0,14.139996,-1.915914,12636.859215,4738.411373,BREAKDOWN,2169.064029,17.842173
CASE_09179,FATIGUE_ZONE,STRENGTHENING,HIGH,STRONG,HOLD,HOLD,True,4,0,0,4,76.230769,6.408191,11414.318209,3173.9432,GROWTH,214.520087,79.0
CASE_09184,EXHAUSTED_ZONE,TERMINAL,HIGH,STRONG,FAIL,FAIL,True,4,3,1,0,15.798287,-0.626433,10367.998501,4891.404604,BREAKDOWN,1091.170998,11.628754
CASE_09185,ELASTIC_ZONE,STRENGTHENING,HIGH,STRONG,HOLD,HOLD,True,4,0,0,4,76.148515,4.411137,8667.290077,3202.865346,GROWTH,1069.550739,79.0
CASE_09186,ELASTIC_ZONE,STRENGTHENING,MEDIUM,MODERATE,HOLD,HOLD,True,2,0,0,2,70.529412,3.610015,4276.526596,2836.693237,GROWTH,2651.45927,79.0
CASE_09191,EXHAUSTED_ZONE,TERMINAL,HIGH,STRONG,FAIL,FAIL,True,4,1,2,0,16.006857,-1.556505,21664.16581,8626.799229,BREAKDOWN,5632.74984,17.427966
CASE_09196,FATIGUE_ZONE,STRENGTHENING,HIGH,STRONG,HOLD,HOLD,True,3,0,0,3,74.294118,6.0,5752.883653,2446.71314,GROWTH,1407.825554,79.0
CASE_09198,ELASTIC_ZONE,STRENGTHENING,HIGH,STRONG,HOLD,HOLD,True,3,0,0,3,68.980583,6.174757,4004.908423,1716.444609,GROWTH,2264.844747,78.882156
CASE_09207,EXHAUSTED_ZONE,TERMINAL,HIGH,STRONG,FAIL,FAIL,True,4,3,1,0,15.839296,-1.583108,11864.59354,3353.252307,BREAKDOWN,1758.524381,18.522301
CASE_09208,EXHAUSTED_ZONE,TERMINAL,HIGH,STRONG,FAIL,FAIL,True,6,3,3,0,19.121303,-0.792135,16063.7921,3676.475251,BREAKDOWN,2578.929393,14.21371
CASE_09212,EXHAUSTED_ZONE,TERMINAL,HIGH,STRONG,FAIL,FAIL,True,5,3,1,0,13.854154,-1.511065,10434.605474,3029.44774,BREAKDOWN,2376.424736,17.333611
CASE_09227,RECOVERED_ZONE,STRENGTHENING,HIGH,STRONG,HOLD,HOLD,True,4,0,0,4,112.737864,4.798512,12410.150217,4138.804527,GROWTH,1232.216088,116.0
CASE_09228,EXHAUSTED_ZONE,TERMINAL,HIGH,STRONG,FAIL,FAIL,True,4,2,2,0,15.340767,-1.149691,9172.043899,2984.494517,BREAKDOWN,1078.549709,19.178336
CASE_09230,EXHAUSTED_ZONE,TERMINAL,HIGH,STRONG,FAIL,FAIL,True,4,1,3,0,14.65769,-1.576796,10400.120739,2932.645372,BREAKDOWN,3045.624262,15.750768
CASE_09232,EXHAUSTED_ZONE,DEGRADING,HIGH,STRONG,FAIL,FAIL,True,3,0,3,0,15.123259,-2.67152,8764.738194,3025.932113,BREAKDOWN,2558.099926,19.431297
CASE_09242,EXHAUSTED_ZONE,TERMINAL,HIGH,STRONG,FAIL,FAIL,True,3,1,2,0,16.233588,-1.774994,12329.278267,5142.456569,BREAKDOWN,5039.017773,4.920137
CASE_09248,EXHAUSTED_ZONE,TERMINAL,MEDIUM,MODERATE,FAIL,FAIL,True,2,1,1,0,12.482268,-5.899171,6225.738328,3142.748651,BREAKDOWN,3265.580447,10.913886
CASE_09250,RECOVERED_ZONE,STRENGTHENING,MEDIUM,MODERATE,HOLD,HOLD,True,2,0,0,2,113.669903,16.101666,6367.242356,3269.918871,GROWTH,3557.626917,116.0
CASE_09255,ELASTIC_ZONE,STRENGTHENING,HIGH,STRONG,HOLD,HOLD,True,4,0,0,4,77.654206,3.947664,8978.106446,3176.990741,GROWTH,1691.443024,78.460278
CASE_09264,EXHAUSTED_ZONE,TERMINAL,HIGH,STRONG,FAIL,FAIL,True,6,3,3,0,16.277536,-0.948599,16354.433681,3791.987796,BREAKDOWN,721.866776,18.590493
CASE_09265,ELASTIC_ZONE,STRENGTHENING,HIGH,STRONG,HOLD,HOLD,True,5,0,0,5,71.474576,3.763936,10216.957092,3394.921823,GROWTH,678.55571,79.0
CASE_09271,EXHAUSTED_ZONE,TERMINAL,HIGH,STRONG,FAIL,FAIL,True,7,3,4,0,20.248376,-0.169143,23143.110016,4502.751066,BREAKDOWN,3799.070268,6.174765
CASE_09275,ELASTIC_ZONE,STRENGTHENING,HIGH,STRONG,HOLD,HOLD,True,5,0,0,5,77.811881,4.871287,7776.751502,2166.110608,GROWTH,1813.259744,77.645904
CASE_09288,EXHAUSTED_ZONE,TERMINAL,MEDIUM,MODERATE,FAIL,FAIL,True,2,1,1,0,15.995263,-0.770259,5118.791017,3043.24182,BREAKDOWN,2723.349634,18.972219
CASE_09310,FATIGUE_ZONE,STRENGTHENING,HIGH,STRONG,HOLD,HOLD,True,3,0,0,3,73.339623,7.018868,7446.962714,2709.06247,GROWTH,2281.640944,79.0
CASE_09311,FATIGUE_ZONE,STRENGTHENING,HIGH,STRONG,HOLD,HOLD,True,3,0,0,3,67.695652,5.391304,7288.897594,3294.739684,GROWTH,2964.290289,79.0
CASE_09314,ELASTIC_ZONE,STRENGTHENING,HIGH,STRONG,HOLD,HOLD,True,3,0,0,3,72.635938,8.817969,9254.878899,5465.495985,GROWTH,5650.348164,77.234024
CASE_09316,FATIGUE_ZONE,STRENGTHENING,HIGH,STRONG,HOLD,HOLD,True,5,0,0,5,73.742857,3.674575,18748.69837,4699.651172,GROWTH,2611.058312,79.0
CASE_09319,FATIGUE_ZONE,STRENGTHENING,HIGH,STRONG,HOLD,HOLD,True,6,0,0,6,72.130197,3.311726,11381.746342,2460.122178,GROWTH,2497.206617,79.0
CASE_09324,RECOVERED_ZONE,STRENGTHENING,HIGH,STRONG,HOLD,HOLD,True,5,0,0,5,107.498448,3.740652,23996.791788,5953.447515,GROWTH,4929.510885,116.0
CASE_09336,FATIGUE_ZONE,STRENGTHENING,HIGH,STRONG,HOLD,HOLD,True,4,0,0,4,65.879026,2.251943,9810.31081,3777.315661,GROWTH,4091.58596,76.806306
CASE_09337,RECOVERED_ZONE,STRENGTHENING,HIGH,STRONG,HOLD,HOLD,True,4,0,0,4,94.43407,2.354973,16937.704201,6579.618359,GROWTH,7653.011965,109.0
CASE_09338,EXHAUSTED_ZONE,TERMINAL,HIGH,STRONG,FAIL,FAIL,True,4,1,3,0,18.086465,-0.925534,14922.5186,5446.834179,BREAKDOWN,155.682393,17.195705
CASE_09340,RECOVERED_ZONE,STRENGTHENING,MEDIUM,MODERATE,HOLD,HOLD,True,2,0,0,2,101.941176,7.272873,10127.673719,5565.689028,GROWTH,5237.669427,109.0
CASE_09343,ELASTIC_ZONE,STRENGTHENING,HIGH,STRONG,HOLD,HOLD,True,3,0,0,3,76.386139,7.60396,9827.945847,4001.309564,GROWTH,904.411309,79.0
CASE_09346,EXHAUSTED_ZONE,TERMINAL,HIGH,STRONG,FAIL,FAIL,True,4,2,2,0,18.895265,-0.941618,10681.485663,4247.391713,BREAKDOWN,1313.589754,17.805284
CASE_09347,FATIGUE_ZONE,STRENGTHENING,HIGH,STRONG,HOLD,HOLD,True,4,0,0,4,75.0,6.57675,7565.773265,2905.546041,GROWTH,1743.220441,79.0
CASE_09371,RECOVERED_ZONE,STRENGTHENING,HIGH,STRONG,HOLD,HOLD,True,4,0,0,4,102.475728,4.730097,13230.687503,5245.435675,GROWTH,4804.444002,106.636264
CASE_09378,FATIGUE_ZONE,STRENGTHENING,HIGH,STRONG,HOLD,HOLD,True,3,0,0,3,76.53271,9.196261,5975.660348,2462.723113,GROWTH,55.754279,79.0
CASE_09380,FATIGUE_ZONE,STRENGTHENING,HIGH,STRONG,HOLD,HOLD,True,3,0,0,3,76.308411,7.820525,8304.927723,3548.926588,GROWTH,757.305903,79.0
CASE_09385,EXHAUSTED_ZONE,TERMINAL,HIGH,STRONG,FAIL,FAIL,True,4,3,1,0,16.94462,-0.196107,16711.47399,5435.313247,BREAKDOWN,3721.439341,14.505113
CASE_09392,RECOVERED_ZONE,STRENGTHENING,HIGH,STRONG,HOLD,HOLD,True,3,0,0,3,105.19802,6.055105,17108.991146,5842.219566,GROWTH,5372.218164,109.0
CASE_09398,FATIGUE_ZONE,STRENGTHENING,HIGH,STRONG,HOLD,HOLD,True,3,0,0,3,69.56439,5.56582,8456.674492,2924.480419,GROWTH,2615.288585,79.0
CASE_09401,EXHAUSTED_ZONE,STABLE,HIGH,STRONG,HOLD,FAIL,False,3,0,2,1,25.434477,-0.181168,8140.924468,3477.810545,BREAKDOWN,4795.151947,28.816244
CASE_09413,RECOVERED_ZONE,STRENGTHENING,MEDIUM,MODERATE,HOLD,HOLD,True,2,0,0,2,100.697916,1.168504,9958.241975,5785.697937,GROWTH,5619.159394,116.0
CASE_09442,FATIGUE_ZONE,STRENGTHENING,HIGH,STRONG,HOLD,HOLD,True,6,0,0,6,71.833333,3.15727,17392.133705,5223.203139,GROWTH,506.156764,79.0
CASE_09443,EXHAUSTED_ZONE,TERMINAL,HIGH,STRONG,FAIL,FAIL,True,3,1,2,0,17.115978,-1.68405,20332.549204,12826.325803,BREAKDOWN,9978.727908,16.920286
CASE_09450,EXHAUSTED_ZONE,TERMINAL,HIGH,STRONG,FAIL,FAIL,True,8,2,5,0,18.654922,-0.316646,26917.982797,4722.646404,BREAKDOWN,2404.221776,16.038102
CASE_09451,EXHAUSTED_ZONE,TERMINAL,HIGH,STRONG,FAIL,FAIL,True,5,1,3,0,18.739197,-0.472689,16821.407497,4757.9101,BREAKDOWN,5665.988832,11.717726
CASE_09452,FATIGUE_ZONE,STRENGTHENING,HIGH,STRONG,HOLD,HOLD,True,5,0,0,5,76.902913,4.728628,29562.642567,7852.770938,GROWTH,597.085261,79.0
CASE_09457,FATIGUE_ZONE,STRENGTHENING,HIGH,STRONG,HOLD,HOLD,True,4,0,0,4,76.308411,6.571962,7072.57022,2103.146198,GROWTH,1125.34013,79.0
CASE_09459,FATIGUE_ZONE,STRENGTHENING,HIGH,STRONG,HOLD,HOLD,True,3,0,0,3,76.0,5.654868,9929.595517,3435.197252,GROWTH,91.677859,79.0
CASE_09461,EXHAUSTED_ZONE,TERMINAL,HIGH,STRONG,FAIL,FAIL,True,5,2,2,0,17.554669,-1.059012,11442.224419,3285.134912,BREAKDOWN,3989.666491,12.657258
CASE_09474,RECOVERED_ZONE,STRENGTHENING,MEDIUM,MODERATE,HOLD,HOLD,True,2,0,0,2,104.090034,2.166957,16252.393273,8587.893981,GROWTH,8156.671876,116.0
CASE_09477,RECOVERED_ZONE,STRENGTHENING,HIGH,STRONG,HOLD,HOLD,True,3,0,0,3,110.898576,3.152258,46205.887826,18836.083564,GROWTH,11321.26834,116.0
CASE_09479,EXHAUSTED_ZONE,DEGRADING,MEDIUM,MODERATE,FAIL,FAIL,True,2,0,2,0,16.158339,-3.256273,11043.039127,5693.143722,BREAKDOWN,7098.379981,10.468105
CASE_09492,EXHAUSTED_ZONE,TERMINAL,MEDIUM,MODERATE,FAIL,FAIL,True,2,1,1,0,13.397811,-6.539943,9738.812876,5614.011723,BREAKDOWN,5616.736643,10.455296
CASE_09499,EXHAUSTED_ZONE,TERMINAL,HIGH,STRONG,FAIL,FAIL,True,4,2,2,0,13.513797,-1.806296,19797.690702,5931.693305,BREAKDOWN,4285.561959,20.099308
CASE_09517,EXHAUSTED_ZONE,TERMINAL,HIGH,STRONG,FAIL,FAIL,True,4,1,2,0,14.846107,-1.422286,18085.006758,4844.477346,BREAKDOWN,4731.517748,13.758158
CASE_09518,EXHAUSTED_ZONE,DEGRADING,HIGH,STRONG,FAIL,FAIL,True,3,0,2,0,17.536803,-1.205327,13828.980708,6249.102537,BREAKDOWN,5862.747543,17.395013
CASE_09521,EXHAUSTED_ZONE,DEGRADING,MEDIUM,MODERATE,FAIL,FAIL,True,2,0,2,0,19.005806,-1.40768,9275.330967,7028.209069,BREAKDOWN,7981.030754,18.731634
CASE_09526,FATIGUE_ZONE,STRENGTHENING,MEDIUM,MODERATE,HOLD,HOLD,True,2,0,0,2,77.09901,6.920248,7204.690439,3940.62931,GROWTH,611.284384,79.0
CASE_09537,FATIGUE_ZONE,STRENGTHENING,MEDIUM,MODERATE,HOLD,HOLD,True,2,0,0,2,65.019417,9.087378,2980.736817,1834.944729,GROWTH,1831.470194,79.0
CASE_09538,FATIGUE_ZONE,STRENGTHENING,HIGH,STRONG,HOLD,HOLD,True,5,0,0,5,73.873786,3.254332,7906.787679,1799.046069,GROWTH,896.627157,79.0
CASE_09540,FATIGUE_ZONE,STRENGTHENING,HIGH,STRONG,HOLD,HOLD,True,5,0,0,5,71.633663,3.303632,11540.897001,2881.782945,GROWTH,2564.614205,78.391234
CASE_09541,RECOVERED_ZONE,STRENGTHENING,HIGH,STRONG,HOLD,HOLD,True,3,0,0,3,107.336634,6.059406,14538.216259,5245.778879,GROWTH,4516.705762,109.0
CASE_09560,FATIGUE_ZONE,STRENGTHENING,HIGH,STRONG,HOLD,HOLD,True,6,0,0,6,74.937752,2.274384,10406.24411,3789.212117,GROWTH,978.639462,79.0
CASE_09563,EXHAUSTED_ZONE,TERMINAL,HIGH,STRONG,FAIL,FAIL,True,5,1,3,0,13.314756,-1.345091,15598.262056,3893.484723,BREAKDOWN,2656.142234,15.753361
CASE_09569,FATIGUE_ZONE,STRENGTHENING,HIGH,STRONG,HOLD,HOLD,True,3,0,0,3,71.11263,6.131786,8286.946605,3685.364768,GROWTH,1829.498841,77.415094
CASE_09571,EXHAUSTED_ZONE,DEGRADING,MEDIUM,MODERATE,FAIL,HOLD,False,2,0,1,0,16.776086,0.853996,7392.640414,4902.227647,RECLAIM,4366.2376,20.185148
CASE_09573,RECOVERED_ZONE,STRENGTHENING,MEDIUM,MODERATE,HOLD,HOLD,True,2,0,0,2,97.666667,2.0,7089.353493,6514.200986,GROWTH,6593.312039,109.0
CASE_09584,EXHAUSTED_ZONE,TERMINAL,HIGH,STRONG,FAIL,FAIL,True,5,1,3,0,17.147062,-0.593584,20256.061418,4663.975208,BREAKDOWN,1536.625808,14.518006
CASE_09585,EXHAUSTED_ZONE,TERMINAL,HIGH,STRONG,FAIL,FAIL,True,4,2,2,0,18.506873,-0.593437,19239.117768,6196.555784,BREAKDOWN,939.544725,18.677831
CASE_09586,RECOVERED_ZONE,STRENGTHENING,HIGH,STRONG,HOLD,HOLD,True,4,0,0,4,112.910891,5.2315,25903.089819,8332.692318,GROWTH,1259.629055,116.0
CASE_09588,FATIGUE_ZONE,STRENGTHENING,HIGH,STRONG,HOLD,HOLD,True,5,0,0,5,71.005055,3.585922,19881.948459,5738.969001,GROWTH,2944.706708,79.0
CASE_09589,EXHAUSTED_ZONE,TERMINAL,HIGH,STRONG,FAIL,FAIL,True,5,2,2,0,14.229598,-1.770376,33213.980433,10843.932002,BREAKDOWN,6621.928294,15.957742
CASE_09596,EXHAUSTED_ZONE,TERMINAL,HIGH,STRONG,FAIL,FAIL,True,3,1,2,0,13.170642,-3.312898,10342.083261,3599.315814,BREAKDOWN,3698.323975,12.486853
CASE_09598,EXHAUSTED_ZONE,TERMINAL,HIGH,STRONG,FAIL,FAIL,True,4,1,2,0,14.394836,-2.035648,11885.651313,3321.366817,BREAKDOWN,3234.848271,13.412886
CASE_09599,EXHAUSTED_ZONE,DEGRADING,HIGH,STRONG,FAIL,FAIL,True,4,0,4,0,15.472106,-1.879691,10800.729681,3052.941214,BREAKDOWN,3260.569846,10.997937
CASE_09603,EXHAUSTED_ZONE,TERMINAL,HIGH,STRONG,FAIL,FAIL,True,3,1,2,0,15.163658,-2.4936,7972.091857,2812.256868,BREAKDOWN,2628.619433,15.25725
CASE_09605,EXHAUSTED_ZONE,TERMINAL,HIGH,STRONG,FAIL,FAIL,True,3,2,1,0,19.299355,0.346832,7254.822725,3018.202263,BREAKDOWN,2483.979609,11.014073
CASE_09620,FATIGUE_ZONE,STRENGTHENING,MEDIUM,MODERATE,HOLD,HOLD,True,2,0,0,2,68.885345,5.496995,5157.273676,2716.277982,GROWTH,2195.487677,74.38487
CASE_09628,EXHAUSTED_ZONE,TERMINAL,HIGH,STRONG,FAIL,FAIL,True,3,1,2,0,17.277704,-1.404139,12734.390335,4825.78866,BREAKDOWN,1880.504145,17.816318
CASE_09630,EXHAUSTED_ZONE,TERMINAL,MEDIUM,MODERATE,FAIL,FAIL,True,2,2,0,0,13.306265,-1.633506,6092.204751,3479.603814,BREAKDOWN,422.596855,17.82529
CASE_09639,EXHAUSTED_ZONE,DEGRADING,HIGH,STRONG,FAIL,FAIL,True,3,0,3,0,13.814488,-3.25903,10282.229799,3618.76431,BREAKDOWN,3939.570942,11.489861
CASE_09673,FATIGUE_ZONE,STRENGTHENING,MEDIUM,MODERATE,HOLD,HOLD,True,2,0,0,2,72.228998,4.165914,5733.487391,2970.771878,GROWTH,1872.001457,79.0
CASE_09679,FATIGUE_ZONE,STRENGTHENING,HIGH,STRONG,HOLD,HOLD,True,4,0,0,4,70.303231,3.55624,10137.032106,3360.612127,GROWTH,1607.219475,79.0
CASE_09683,RECOVERED_ZONE,STRENGTHENING,MEDIUM,MODERATE,HOLD,HOLD,True,2,0,0,2,106.945765,13.56115,9581.398298,5680.991522,GROWTH,6171.12194,116.0
CASE_09685,EXHAUSTED_ZONE,TERMINAL,HIGH,STRONG,FAIL,FAIL,True,4,2,1,0,16.925833,-1.083558,11946.570985,5898.948892,BREAKDOWN,3862.102235,11.912279
CASE_09687,FATIGUE_ZONE,STRENGTHENING,HIGH,STRONG,HOLD,HOLD,True,3,0,0,3,74.722772,8.316831,5759.495838,2120.80398,GROWTH,2054.76356,78.601044
CASE_09693,EXHAUSTED_ZONE,TERMINAL,HIGH,STRONG,FAIL,FAIL,True,5,3,1,0,16.647144,-1.024009,12928.05188,4493.314279,BREAKDOWN,2112.147639,16.323388
CASE_09700,EXHAUSTED_ZONE,TERMINAL,HIGH,STRONG,FAIL,FAIL,True,5,2,3,0,19.811358,-0.214468,11486.631203,3081.690471,BREAKDOWN,2318.886556,15.178158
CASE_09701,FATIGUE_ZONE,STRENGTHENING,HIGH,STRONG,HOLD,HOLD,True,5,0,0,5,73.640777,3.642576,7418.67704,1789.411954,GROWTH,1922.349223,79.0
CASE_09703,FATIGUE_ZONE,STRENGTHENING,HIGH,STRONG,HOLD,HOLD,True,4,0,0,4,69.888889,4.422222,4230.259933,1590.730414,GROWTH,1831.93867,79.0
CASE_09705,EXHAUSTED_ZONE,TERMINAL,HIGH,STRONG,FAIL,FAIL,True,4,1,2,1,24.275529,-0.565814,13177.133587,3536.680356,BREAKDOWN,998.829268,29.928647
CASE_09706,ELASTIC_ZONE,STRENGTHENING,HIGH,STRONG,HOLD,HOLD,True,4,0,0,4,70.870121,4.632955,11860.686188,3192.421734,GROWTH,1162.321936,79.0
CASE_09720,EXHAUSTED_ZONE,DEGRADING,HIGH,STRONG,FAIL,FAIL,True,4,0,3,0,16.877837,-1.082077,13827.010911,4881.832177,BREAKDOWN,2761.647227,18.918091
CASE_09722,ELASTIC_ZONE,STRENGTHENING,MEDIUM,MODERATE,HOLD,HOLD,True,2,0,0,2,64.395364,6.062031,4007.679292,2560.288588,GROWTH,2594.32351,79.0
CASE_09727,ELASTIC_ZONE,STRENGTHENING,MEDIUM,MODERATE,HOLD,HOLD,True,2,0,0,2,69.212744,9.97745,6629.696765,3352.713451,GROWTH,3324.372573,79.0
CASE_09750,EXHAUSTED_ZONE,DEGRADING,HIGH,STRONG,FAIL,FAIL,True,4,0,4,0,18.742702,-0.604096,11249.89696,3543.146732,BREAKDOWN,3673.225952,14.717529
CASE_09772,RECOVERED_ZONE,STRENGTHENING,HIGH,STRONG,HOLD,HOLD,True,6,0,0,6,114.336634,3.969806,15524.438058,3767.29524,GROWTH,675.712115,116.0
CASE_09788,RECOVERED_ZONE,STRENGTHENING,HIGH,STRONG,HOLD,HOLD,True,4,0,0,4,106.148515,6.392079,12601.53452,4994.300307,GROWTH,4347.944393,108.715953
CASE_09789,FATIGUE_ZONE,STRENGTHENING,HIGH,STRONG,HOLD,HOLD,True,3,0,0,3,74.805825,2.538166,5072.407002,2820.413578,GROWTH,2634.785483,76.854451
CASE_09807,FATIGUE_ZONE,STRENGTHENING,HIGH,STRONG,HOLD,HOLD,True,5,0,0,5,76.861386,4.330848,9431.736196,2217.396229,GROWTH,741.388595,79.0
CASE_09808,EXHAUSTED_ZONE,TERMINAL,HIGH,STRONG,FAIL,FAIL,True,6,2,4,0,19.872418,-0.394787,22036.642387,4823.465192,BREAKDOWN,364.381148,19.299028
CASE_09822,RECOVERED_ZONE,STRENGTHENING,HIGH,STRONG,HOLD,HOLD,True,4,0,0,4,110.020888,3.833498,16902.404669,4679.322576,GROWTH,2410.074181,116.0
CASE_09823,RECOVERED_ZONE,STRENGTHENING,HIGH,STRONG,HOLD,HOLD,True,4,0,0,4,108.922053,4.334689,16955.12527,4693.917972,GROWTH,2417.591505,116.0
CASE_09825,EXHAUSTED_ZONE,TERMINAL,HIGH,STRONG,FAIL,FAIL,True,5,4,1,0,17.447872,-0.168258,10853.239129,4618.604524,BREAKDOWN,1856.255512,17.916336
CASE_09828,EXHAUSTED_ZONE,DEGRADING,HIGH,STRONG,FAIL,FAIL,True,6,0,4,0,12.412466,-1.324486,15078.075261,3522.147392,BREAKDOWN,3958.717521,11.702127
CASE_09830,EXHAUSTED_ZONE,TERMINAL,HIGH,STRONG,FAIL,FAIL,True,6,3,2,0,16.64605,-0.706902,14228.438957,2636.169731,BREAKDOWN,1454.125111,15.486914
CASE_09831,RECOVERED_ZONE,STRENGTHENING,HIGH,STRONG,HOLD,HOLD,True,4,0,0,4,102.770811,4.515709,12905.285303,3337.132187,GROWTH,1694.261176,109.0
CASE_09835,EXHAUSTED_ZONE,TERMINAL,HIGH,STRONG,FAIL,FAIL,True,6,2,2,0,13.091543,-1.385811,6570.180963,1423.308016,BREAKDOWN,1607.920171,10.959002
CASE_09836,EXHAUSTED_ZONE,TERMINAL,HIGH,STRONG,FAIL,FAIL,True,5,1,2,0,13.348869,-1.442346,6171.658954,1292.618312,BREAKDOWN,1223.382106,18.831366
CASE_09837,EXHAUSTED_ZONE,DEGRADING,HIGH,STRONG,FAIL,FAIL,True,5,0,5,0,15.615263,-1.109348,6080.044272,1265.882192,BREAKDOWN,1238.258068,17.06424
CASE_09838,EXHAUSTED_ZONE,TERMINAL,HIGH,STRONG,FAIL,FAIL,True,5,2,3,0,18.614859,-0.757722,5350.480743,1300.109764,BREAKDOWN,1033.897255,9.330503
CASE_09839,EXHAUSTED_ZONE,TERMINAL,HIGH,STRONG,FAIL,FAIL,True,5,1,4,0,18.737619,-0.755805,5744.089874,1303.7687,BREAKDOWN,1036.806988,17.456542
CASE_09846,RECOVERED_ZONE,STRENGTHENING,HIGH,STRONG,HOLD,HOLD,True,3,0,0,3,106.436143,6.286032,3208.454281,1222.771053,GROWTH,1346.647944,116.0
CASE_09855,RECOVERED_ZONE,STRENGTHENING,HIGH,STRONG,HOLD,HOLD,True,4,0,0,4,104.485149,4.879236,4720.611745,1665.833301,GROWTH,2073.712844,108.103133
CASE_09856,RECOVERED_ZONE,STRENGTHENING,HIGH,STRONG,HOLD,HOLD,True,6,0,0,6,106.225991,3.852453,8067.810179,2024.072465,GROWTH,1744.831921,109.0
CASE_09858,FATIGUE_ZONE,STRENGTHENING,HIGH,STRONG,HOLD,HOLD,True,5,0,0,5,72.841294,4.518754,3916.399645,1023.120501,GROWTH,977.107642,79.0
CASE_09871,EXHAUSTED_ZONE,TERMINAL,HIGH,STRONG,FAIL,FAIL,True,4,2,1,0,18.746331,-0.623598,2966.308561,1421.861387,BREAKDOWN,1707.39642,18.766948
CASE_09882,RECOVERED_ZONE,STRENGTHENING,MEDIUM,MODERATE,HOLD,HOLD,True,2,0,0,2,102.584158,11.471786,5599.030674,2818.315949,GROWTH,3312.565615,107.514621
CASE_09884,EXHAUSTED_ZONE,TERMINAL,HIGH,STRONG,FAIL,FAIL,True,3,2,1,0,16.662987,-1.222207,5765.402077,2404.285469,BREAKDOWN,1002.001835,17.875482
CASE_09900,EXHAUSTED_ZONE,TERMINAL,HIGH,STRONG,FAIL,FAIL,True,4,2,1,0,12.994303,-2.928341,5156.360207,1794.548685,BREAKDOWN,1487.070039,18.586286
CASE_09914,RECOVERED_ZONE,STRENGTHENING,HIGH,STRONG,HOLD,HOLD,True,5,0,0,5,112.411215,3.538744,12669.533684,3214.797986,GROWTH,347.755328,116.0
CASE_09915,RECOVERED_ZONE,STRENGTHENING,HIGH,STRONG,HOLD,HOLD,True,4,0,0,4,111.339806,4.773756,8535.304413,2944.379537,GROWTH,641.993433,116.0
CASE_09916,EXHAUSTED_ZONE,TERMINAL,HIGH,STRONG,FAIL,FAIL,True,5,3,2,0,18.107293,-0.472775,7027.330527,2292.157593,BREAKDOWN,331.858691,18.21298
CASE_09921,RECOVERED_ZONE,STRENGTHENING,HIGH,STRONG,HOLD,HOLD,True,3,0,0,3,105.846154,6.230769,4739.94982,2106.126333,GROWTH,3007.645555,116.0
CASE_09924,RECOVERED_ZONE,STRENGTHENING,HIGH,STRONG,HOLD,HOLD,True,5,0,0,5,106.902913,5.03301,16656.752784,4775.206104,GROWTH,4533.965202,109.0
CASE_09925,EXHAUSTED_ZONE,TERMINAL,HIGH,STRONG,FAIL,FAIL,True,5,1,3,0,15.578674,-0.987166,12041.458103,2692.810864,BREAKDOWN,3210.774845,7.679267
CASE_09926,RECOVERED_ZONE,STRENGTHENING,HIGH,STRONG,HOLD,HOLD,True,5,0,0,5,104.247525,4.205941,14155.546982,3505.080268,GROWTH,3776.703208,107.704587
CASE_09932,FATIGUE_ZONE,STRENGTHENING,MEDIUM,MODERATE,HOLD,HOLD,True,2,0,0,2,66.060053,9.895004,1761.325466,1274.829849,GROWTH,1252.931595,79.0
CASE_09935,EXHAUSTED_ZONE,TERMINAL,MEDIUM,MODERATE,FAIL,FAIL,True,2,1,1,0,17.146977,-4.025592,2327.815637,2107.673425,BREAKDOWN,764.034073,18.065798
CASE_09942,EXHAUSTED_ZONE,TERMINAL,HIGH,STRONG,FAIL,FAIL,True,3,2,1,0,19.147327,0.031382,5718.0292,2196.716348,BREAKDOWN,1900.691389,12.132263
CASE_09947,FATIGUE_ZONE,STRENGTHENING,HIGH,STRONG,HOLD,HOLD,True,3,0,0,3,62.582728,3.702739,3692.996722,1426.45688,GROWTH,1444.672705,74.867972
CASE_09963,RECOVERED_ZONE,STRENGTHENING,HIGH,STRONG,HOLD,HOLD,True,7,0,0,7,113.0,3.18197,20271.825477,3852.192138,GROWTH,1308.382892,116.0
CASE_09966,RECOVERED_ZONE,STRENGTHENING,HIGH,STRONG,HOLD,HOLD,True,6,0,0,6,110.640777,3.449472,11346.451378,2417.054329,GROWTH,2592.673382,116.0
CASE_09967,FATIGUE_ZONE,STRENGTHENING,HIGH,STRONG,HOLD,HOLD,True,5,0,0,5,72.046729,2.86013,3169.979034,822.253385,GROWTH,864.674718,79.0
CASE_09981,EXHAUSTED_ZONE,TERMINAL,HIGH,STRONG,FAIL,FAIL,True,4,2,1,0,16.453957,-0.705629,8045.009335,2406.644446,BREAKDOWN,78.734369,19.272224
CASE_10002,FATIGUE_ZONE,STRENGTHENING,HIGH,STRONG,HOLD,HOLD,True,3,0,0,3,74.924528,9.509434,6969.834212,3234.509945,GROWTH,579.946714,79.0
CASE_10006,FATIGUE_ZONE,STRENGTHENING,MEDIUM,MODERATE,HOLD,HOLD,True,2,0,0,2,72.333333,12.145526,4704.258846,2732.134676,GROWTH,2230.566054,79.0
CASE_10007,EXHAUSTED_ZONE,DEGRADING,MEDIUM,MODERATE,FAIL,FAIL,True,2,0,2,0,18.097395,-1.495302,8531.781251,5225.047729,BREAKDOWN,7214.984995,18.380129
CASE_10012,EXHAUSTED_ZONE,DEGRADING,HIGH,STRONG,FAIL,FAIL,True,4,0,3,0,13.572949,-1.926598,12455.103762,3615.503879,BREAKDOWN,1410.74671,18.103033
CASE_10017,EXHAUSTED_ZONE,DEGRADING,HIGH,STRONG,FAIL,FAIL,True,4,0,3,0,15.740906,-1.276677,7539.631364,2402.932332,BREAKDOWN,1523.26205,15.459441
CASE_10025,FATIGUE_ZONE,STRENGTHENING,HIGH,STRONG,HOLD,HOLD,True,5,0,0,5,77.09901,4.257881,5837.872558,1473.155528,GROWTH,1009.26431,73.176135
CASE_10026,EXHAUSTED_ZONE,TERMINAL,HIGH,STRONG,FAIL,FAIL,True,5,1,4,0,14.746104,-1.803137,11445.377709,2813.345171,BREAKDOWN,2499.538007,13.038684
CASE_10027,FATIGUE_ZONE,STRENGTHENING,HIGH,STRONG,HOLD,HOLD,True,4,0,0,4,73.117647,4.772737,8475.265966,2245.983328,GROWTH,1839.817239,79.0
CASE_10030,FATIGUE_ZONE,STRENGTHENING,HIGH,STRONG,HOLD,HOLD,True,6,0,0,6,77.117647,3.419611,5224.854457,1227.041922,GROWTH,633.654061,79.0
CASE_10034,EXHAUSTED_ZONE,TERMINAL,HIGH,STRONG,FAIL,FAIL,True,7,4,3,0,19.258249,-0.275471,9844.640569,1867.467262,BREAKDOWN,1079.633706,18.301593
CASE_10035,RECOVERED_ZONE,STRENGTHENING,HIGH,STRONG,HOLD,HOLD,True,5,0,0,5,104.339806,3.471845,8673.948178,2472.9966,GROWTH,1805.603842,109.0
CASE_10037,EXHAUSTED_ZONE,TERMINAL,HIGH,STRONG,FAIL,FAIL,True,5,2,2,0,17.60155,-0.737209,5966.697809,1740.947349,BREAKDOWN,2136.107334,11.739281
CASE_10038,RECOVERED_ZONE,STRENGTHENING,HIGH,STRONG,HOLD,HOLD,True,5,0,0,5,109.882353,4.588235,7109.820187,2076.439408,GROWTH,2957.588304,116.0
CASE_10044,EXHAUSTED_ZONE,TERMINAL,MEDIUM,MODERATE,FAIL,FAIL,True,2,1,1,0,19.107082,-0.558645,4678.890722,2385.466126,BREAKDOWN,2571.189905,13.876774
CASE_10045,FATIGUE_ZONE,STRENGTHENING,HIGH,STRONG,HOLD,HOLD,True,3,0,0,3,70.61165,4.194174,4618.033939,1829.277525,GROWTH,1900.20171,79.0
CASE_10053,RECOVERED_ZONE,STRENGTHENING,HIGH,STRONG,HOLD,HOLD,True,3,0,0,3,112.673267,2.019802,8252.531361,3632.370394,GROWTH,2263.014677,116.0
CASE_10054,RECOVERED_ZONE,STRENGTHENING,HIGH,STRONG,HOLD,HOLD,True,3,0,0,3,112.0,2.0,8270.06373,3640.087302,GROWTH,2267.822365,116.0
CASE_10056,ELASTIC_ZONE,STRENGTHENING,HIGH,STRONG,HOLD,HOLD,True,4,0,0,4,75.673267,4.64228,7216.956298,2186.137048,GROWTH,1414.592866,79.0
CASE_10058,FATIGUE_ZONE,STRENGTHENING,HIGH,STRONG,HOLD,HOLD,True,4,0,0,4,73.762857,6.302658,7398.224982,2396.990997,GROWTH,1986.736014,79.0
CASE_10059,RECOVERED_ZONE,STRENGTHENING,HIGH,STRONG,HOLD,HOLD,True,6,0,0,6,108.130506,2.368813,22467.278789,4866.674663,GROWTH,2827.216291,116.0
CASE_10060,EXHAUSTED_ZONE,STABLE,HIGH,STRONG,HOLD,FAIL,False,3,0,2,0,20.083412,-0.341765,4208.859463,2226.592867,BREAKDOWN,5033.362913,18.696259
CASE_10061,FATIGUE_ZONE,STRENGTHENING,MEDIUM,MODERATE,HOLD,HOLD,True,2,0,0,2,74.247525,12.63237,4944.684972,2513.932413,GROWTH,709.57053,79.0
CASE_10068,FATIGUE_ZONE,STRENGTHENING,MEDIUM,MODERATE,HOLD,HOLD,True,2,0,0,2,73.566038,8.185239,3413.268222,1918.229056,GROWTH,393.239753,79.0
CASE_10072,EXHAUSTED_ZONE,TERMINAL,HIGH,STRONG,FAIL,FAIL,True,4,2,1,0,14.759798,-2.522,5846.889318,1756.867492,BREAKDOWN,979.922238,10.448548
CASE_10074,FATIGUE_ZONE,STRENGTHENING,HIGH,STRONG,HOLD,HOLD,True,3,0,0,3,76.798165,4.954128,4207.735901,1769.557556,GROWTH,713.086662,79.0
CASE_10077,FATIGUE_ZONE,STRENGTHENING,HIGH,STRONG,HOLD,HOLD,True,5,0,0,5,75.108108,3.913513,5150.192556,1567.884505,GROWTH,260.820949,79.0
CASE_10084,EXHAUSTED_ZONE,DEGRADING,HIGH,STRONG,FAIL,FAIL,True,3,0,3,0,16.157658,-1.822895,5260.494705,2079.912114,BREAKDOWN,2013.807988,19.196503
CASE_10087,EXHAUSTED_ZONE,TERMINAL,HIGH,STRONG,FAIL,FAIL,True,4,2,2,0,16.491707,-1.092386,8659.829457,2301.388714,BREAKDOWN,1740.568117,16.859725
CASE_10091,FATIGUE_ZONE,STRENGTHENING,HIGH,STRONG,HOLD,HOLD,True,6,0,0,6,72.821782,3.119114,6055.706651,1297.971958,GROWTH,1308.6254,79.0
CASE_10111,FATIGUE_ZONE,STRENGTHENING,HIGH,STRONG,HOLD,HOLD,True,5,0,0,5,75.23273,3.558647,6173.492212,1336.833834,GROWTH,334.522625,79.0
CASE_10112,FATIGUE_ZONE,STRENGTHENING,HIGH,STRONG,HOLD,HOLD,True,4,0,0,4,73.925057,4.951666,7230.871415,1912.909418,GROWTH,531.925458,79.0
CASE_10113,RECOVERED_ZONE,STRENGTHENING,HIGH,STRONG,HOLD,HOLD,True,5,0,0,5,113.028571,3.914868,10851.243612,2618.322437,GROWTH,412.845034,116.0
CASE_10115,EXHAUSTED_ZONE,DEGRADING,HIGH,STRONG,FAIL,FAIL,True,6,0,4,0,17.200673,-0.786947,10968.262888,2855.350084,BREAKDOWN,243.580135,18.368245
CASE_10116,EXHAUSTED_ZONE,DEGRADING,HIGH,STRONG,FAIL,FAIL,True,4,0,4,0,15.159314,-1.635704,9506.400212,3575.651804,BREAKDOWN,2055.487789,14.167162
CASE_10118,EXHAUSTED_ZONE,DEGRADING,MEDIUM,MODERATE,FAIL,FAIL,True,2,0,2,0,16.785256,-3.557185,4290.295519,3482.914383,BREAKDOWN,2379.181703,18.624945
CASE_10122,EXHAUSTED_ZONE,TERMINAL,HIGH,STRONG,FAIL,FAIL,True,3,1,1,0,16.870651,-0.267323,7670.355818,2943.165996,BREAKDOWN,1961.682614,16.679518
CASE_10123,EXHAUSTED_ZONE,TERMINAL,HIGH,STRONG,FAIL,FAIL,True,3,1,2,0,14.983169,-2.070057,8999.964001,3204.266613,BREAKDOWN,2825.687446,16.99131
CASE_10124,RECOVERED_ZONE,STRENGTHENING,HIGH,STRONG,HOLD,HOLD,True,3,0,0,3,98.076096,5.304403,13520.016321,5270.940508,GROWTH,5911.423002,109.0
CASE_10137,FATIGUE_ZONE,STRENGTHENING,MEDIUM,MODERATE,HOLD,HOLD,True,2,0,0,2,71.727353,16.52246,2401.401075,1262.30475,GROWTH,1241.252285,79.0
CASE_10141,EXHAUSTED_ZONE,DEGRADING,MEDIUM,MODERATE,FAIL,HOLD,False,2,0,2,0,17.539644,-0.664278,6627.724859,4154.404327,ABSORPTION,3933.583638,19.73597
CASE_10142,FATIGUE_ZONE,STRENGTHENING,MEDIUM,MODERATE,HOLD,HOLD,True,2,0,0,2,71.457249,10.344041,5241.639305,3070.494053,GROWTH,1708.022131,79.0
CASE_10152,FATIGUE_ZONE,STRENGTHENING,HIGH,STRONG,HOLD,HOLD,True,4,0,0,4,70.755524,3.28709,6962.544903,1910.734634,GROWTH,2055.816325,79.0
CASE_10168,EXHAUSTED_ZONE,TERMINAL,HIGH,STRONG,FAIL,FAIL,True,4,3,1,0,17.153583,-0.526542,11777.41516,3669.243857,BREAKDOWN,190.449978,19.72273
CASE_10169,FATIGUE_ZONE,STRENGTHENING,HIGH,STRONG,HOLD,HOLD,True,4,0,0,4,75.342857,5.935752,5510.503588,1439.682846,GROWTH,418.206088,79.0
CASE_10171,FATIGUE_ZONE,STRENGTHENING,MEDIUM,MODERATE,HOLD,HOLD,True,2,0,0,2,76.625714,17.571428,5257.904053,2855.739434,GROWTH,3.153745,79.84
CASE_10176,FATIGUE_ZONE,STRENGTHENING,HIGH,STRONG,HOLD,HOLD,True,3,0,0,3,76.485714,9.828571,10404.498694,7041.160216,GROWTH,255.337727,79.0
CASE_10177,EXHAUSTED_ZONE,TERMINAL,HIGH,STRONG,FAIL,FAIL,True,3,1,1,0,17.272053,-1.751122,14909.37721,11121.261569,BREAKDOWN,2011.664637,18.674235
CASE_10182,FATIGUE_ZONE,STRENGTHENING,HIGH,STRONG,HOLD,HOLD,True,5,0,0,5,72.538462,3.47256,9769.404427,2252.052353,GROWTH,713.611176,79.0
CASE_10188,EXHAUSTED_ZONE,TERMINAL,HIGH,STRONG,FAIL,FAIL,True,5,1,4,0,14.025443,-1.55494,13913.365616,3321.30766,BREAKDOWN,3824.696566,14.572741
CASE_10190,EXHAUSTED_ZONE,TERMINAL,HIGH,STRONG,FAIL,FAIL,True,5,1,3,0,18.408917,-0.324705,11976.826671,3215.209235,BREAKDOWN,1597.472091,14.311696
CASE_10192,RECOVERED_ZONE,STRENGTHENING,HIGH,STRONG,HOLD,HOLD,True,4,0,0,4,109.009709,5.475728,9436.249909,3234.353262,GROWTH,1472.280628,116.0
CASE_10210,ELASTIC_ZONE,STRENGTHENING,HIGH,STRONG,HOLD,HOLD,True,4,0,0,4,73.408813,5.752077,6357.66626,2124.180842,GROWTH,2352.745624,77.521871
CASE_10211,EXHAUSTED_ZONE,TERMINAL,HIGH,STRONG,FAIL,FAIL,True,4,2,2,0,16.593983,-0.966598,11128.715919,2976.668136,BREAKDOWN,3317.523753,13.140067
CASE_10215,RECOVERED_ZONE,STRENGTHENING,HIGH,STRONG,HOLD,HOLD,True,4,0,0,4,111.962617,5.876635,10763.035773,3972.902995,GROWTH,2178.234638,116.0
CASE_10216,RECOVERED_ZONE,STRENGTHENING,HIGH,STRONG,HOLD,HOLD,True,4,0,0,4,106.902913,5.121741,13758.406305,3812.682378,GROWTH,850.073307,109.0
CASE_10218,FATIGUE_ZONE,STRENGTHENING,HIGH,STRONG,HOLD,HOLD,True,4,0,0,4,74.247525,5.493339,3117.474462,1003.565015,GROWTH,477.752437,76.541985
CASE_10219,EXHAUSTED_ZONE,DEGRADING,HIGH,STRONG,FAIL,FAIL,True,4,0,3,0,18.098854,-0.98192,5688.468981,1835.215133,BREAKDOWN,1047.157728,18.002827
CASE_10252,FATIGUE_ZONE,STRENGTHENING,MEDIUM,MODERATE,HOLD,HOLD,True,2,0,0,2,72.411765,5.176471,4766.645102,2430.720903,GROWTH,1799.606626,76.334077
CASE_10257,EXHAUSTED_ZONE,TERMINAL,HIGH,STRONG,FAIL,FAIL,True,3,1,2,0,13.857422,-2.48592,15993.926193,5856.09893,BREAKDOWN,4723.876281,17.398786
CASE_10260,ELASTIC_ZONE,STRENGTHENING,HIGH,STRONG,HOLD,HOLD,True,3,0,0,3,67.162771,4.061583,11156.268263,4207.447892,GROWTH,4126.848788,79.0
CASE_10273,RECOVERED_ZONE,STRENGTHENING,HIGH,STRONG,HOLD,HOLD,True,3,0,0,3,109.171765,9.411765,14730.404233,6040.754183,GROWTH,4320.738277,111.76
CASE_10282,ELASTIC_ZONE,STRENGTHENING,HIGH,STRONG,HOLD,HOLD,True,4,0,0,4,81.05901,3.493069,10481.790156,3005.448286,GROWTH,2670.938283,82.96
CASE_10284,FATIGUE_ZONE,STRENGTHENING,HIGH,STRONG,HOLD,HOLD,True,4,0,0,4,76.769901,3.374257,9776.863482,2967.731518,GROWTH,2719.854008,81.76
CASE_10286,ELASTIC_ZONE,STRENGTHENING,HIGH,STRONG,HOLD,HOLD,True,4,0,0,4,83.226139,6.249505,7026.913063,2336.600377,GROWTH,2047.596691,85.84
CASE_10292,FATIGUE_ZONE,STRENGTHENING,HIGH,STRONG,HOLD,HOLD,True,3,0,0,3,71.518584,3.39823,8997.668229,3606.065042,GROWTH,3660.808007,83.2
CASE_10293,EXHAUSTED_ZONE,TERMINAL,MEDIUM,MODERATE,FAIL,FAIL,True,2,1,0,0,15.63101,-6.14899,9480.084327,7667.696689,BREAKDOWN,7312.005404,13.05855
CASE_10295,EXHAUSTED_ZONE,TERMINAL,HIGH,STRONG,FAIL,FAIL,True,3,2,1,0,17.439345,0.241883,13966.040112,5419.46835,BREAKDOWN,993.658591,19.483224
CASE_10298,EXHAUSTED_ZONE,TERMINAL,HIGH,STRONG,FAIL,FAIL,True,5,3,2,0,17.53386,-0.605733,14739.975708,4162.424904,BREAKDOWN,3744.049417,13.520983
CASE_10312,RECOVERED_ZONE,STRENGTHENING,MEDIUM,MODERATE,HOLD,HOLD,True,2,0,0,2,115.256699,4.427184,15958.45445,9220.76093,GROWTH,9720.416819,122.48
CASE_10315,FATIGUE_ZONE,STRENGTHENING,HIGH,STRONG,HOLD,HOLD,True,5,0,0,5,75.971343,3.277612,21732.469822,7189.68819,GROWTH,259.794223,82.24
CASE_10319,FATIGUE_ZONE,STRENGTHENING,HIGH,STRONG,HOLD,HOLD,True,4,0,0,4,72.115267,4.487773,17007.585776,5172.987366,GROWTH,4213.616851,79.0
CASE_10323,EXHAUSTED_ZONE,TERMINAL,HIGH,STRONG,FAIL,FAIL,True,4,2,2,0,13.892758,-2.350619,23912.885628,7132.352496,BREAKDOWN,2679.637412,15.640304
CASE_10324,FATIGUE_ZONE,STRENGTHENING,HIGH,STRONG,HOLD,HOLD,True,4,0,0,4,78.234019,6.145795,12864.745769,3931.725364,GROWTH,1615.86367,82.72
CASE_10325,FATIGUE_ZONE,STRENGTHENING,HIGH,STRONG,HOLD,HOLD,True,4,0,0,4,70.954366,5.326253,19932.195561,7181.031861,GROWTH,6899.889018,79.0
CASE_10328,FATIGUE_ZONE,STRENGTHENING,HIGH,STRONG,HOLD,HOLD,True,5,0,0,5,75.970874,4.8,13302.156329,6006.002603,GROWTH,677.434096,79.0
CASE_10342,EXHAUSTED_ZONE,TERMINAL,HIGH,STRONG,FAIL,FAIL,True,3,2,1,0,17.7382,-1.326473,18902.506553,8129.176835,BREAKDOWN,8354.528918,11.852155
CASE_10347,RECOVERED_ZONE,STRENGTHENING,HIGH,STRONG,HOLD,HOLD,True,4,0,0,4,98.473684,2.926316,25240.397355,7577.35121,GROWTH,8414.110929,109.0
CASE_10350,FATIGUE_ZONE,STRENGTHENING,HIGH,STRONG,HOLD,HOLD,True,4,0,0,4,75.60177,5.755752,15485.021397,5353.642365,GROWTH,611.289488,79.0
CASE_10351,FATIGUE_ZONE,STRENGTHENING,HIGH,STRONG,HOLD,HOLD,True,4,0,0,4,72.685172,4.909435,12901.459334,6087.813443,GROWTH,2676.479549,79.0
CASE_10358,FATIGUE_ZONE,STRENGTHENING,MEDIUM,MODERATE,HOLD,HOLD,True,2,0,0,2,65.75619,2.710763,6971.289679,3623.004562,GROWTH,4111.976511,79.0
CASE_10360,EXHAUSTED_ZONE,TERMINAL,HIGH,STRONG,FAIL,FAIL,True,3,1,2,0,17.216316,-1.149076,17653.289389,7217.975518,BREAKDOWN,5982.689918,13.518808
CASE_10371,FATIGUE_ZONE,STRENGTHENING,HIGH,STRONG,HOLD,HOLD,True,4,0,0,4,76.622073,3.918262,6529.425308,1771.429574,GROWTH,1682.134914,77.628089
CASE_10372,EXHAUSTED_ZONE,TERMINAL,HIGH,STRONG,FAIL,FAIL,True,6,1,5,0,19.307385,-0.577842,18375.272859,3638.398013,BREAKDOWN,3558.403845,16.571542
CASE_10373,RECOVERED_ZONE,STRENGTHENING,HIGH,STRONG,HOLD,HOLD,True,5,0,0,5,106.307692,3.280223,32318.06182,7989.966462,GROWTH,7464.702083,116.0
CASE_10374,FATIGUE_ZONE,STRENGTHENING,HIGH,STRONG,HOLD,HOLD,True,4,0,0,4,67.560748,3.085485,10780.7823,3100.084732,GROWTH,2944.591814,79.0
CASE_10377,RECOVERED_ZONE,STRENGTHENING,HIGH,STRONG,HOLD,HOLD,True,5,0,0,5,104.53628,2.837781,18116.813064,4409.576781,GROWTH,4312.655237,107.213902
CASE_10382,EXHAUSTED_ZONE,TERMINAL,HIGH,STRONG,FAIL,FAIL,True,4,2,2,0,17.786233,-1.093574,10850.836743,3766.891018,BREAKDOWN,2215.154017,14.0084
CASE_10392,RECOVERED_ZONE,STRENGTHENING,HIGH,STRONG,HOLD,HOLD,True,4,0,0,4,110.112941,4.516612,16140.984851,4905.827249,GROWTH,1253.110243,116.0
CASE_10393,RECOVERED_ZONE,STRENGTHENING,HIGH,STRONG,HOLD,HOLD,True,5,0,0,5,105.970874,4.303313,19003.092242,4966.637292,GROWTH,4927.628791,109.0
CASE_10402,EXHAUSTED_ZONE,TERMINAL,MEDIUM,MODERATE,FAIL,FAIL,True,2,1,0,0,15.409021,-5.390979,3955.6848,2817.881308,BREAKDOWN,2700.495369,15.050249
CASE_10403,FATIGUE_ZONE,STRENGTHENING,HIGH,STRONG,HOLD,HOLD,True,3,0,0,3,76.509434,5.725707,6564.081984,2240.420544,GROWTH,2457.471801,77.850671
CASE_10406,FATIGUE_ZONE,STRENGTHENING,HIGH,STRONG,HOLD,HOLD,True,3,0,0,3,70.230769,5.371786,6459.101892,2200.188738,GROWTH,2333.891759,79.0
CASE_10433,EXHAUSTED_ZONE,DEGRADING,HIGH,STRONG,FAIL,HOLD,False,3,0,2,0,14.573276,-0.582428,16498.288669,5773.200628,RECLAIM,5715.016174,15.226576
CASE_10437,FATIGUE_ZONE,STRENGTHENING,HIGH,STRONG,HOLD,HOLD,True,5,0,0,5,69.392966,2.323877,18173.560867,3703.017344,GROWTH,2330.523861,79.0
CASE_10438,EXHAUSTED_ZONE,DEGRADING,HIGH,STRONG,FAIL,FAIL,True,5,0,3,0,15.300251,-1.212769,25924.674906,7044.578045,BREAKDOWN,8135.71557,14.037942
CASE_10441,EXHAUSTED_ZONE,TERMINAL,MEDIUM,MODERATE,FAIL,FAIL,True,2,1,1,0,18.44064,-2.061476,8708.957785,6316.959898,BREAKDOWN,1763.131464,18.812257
CASE_10453,RECOVERED_ZONE,STRENGTHENING,MEDIUM,MODERATE,HOLD,HOLD,True,2,0,0,2,104.384615,2.538461,10243.496099,6017.263013,GROWTH,972.575525,109.0
CASE_10454,FATIGUE_ZONE,STRENGTHENING,MEDIUM,MODERATE,HOLD,HOLD,True,2,0,0,2,72.828571,2.514285,6386.808416,3555.367722,GROWTH,959.970717,79.0
CASE_10457,EXHAUSTED_ZONE,DEGRADING,MEDIUM,MODERATE,FAIL,FAIL,True,2,0,2,0,13.025049,-3.158865,7698.354808,3853.978411,BREAKDOWN,4440.452484,11.390254
CASE_10458,EXHAUSTED_ZONE,DEGRADING,HIGH,STRONG,FAIL,FAIL,True,3,0,3,0,13.486575,-2.478931,11213.130356,3867.891093,BREAKDOWN,4456.482032,6.080468
CASE_10483,EXHAUSTED_ZONE,TERMINAL,HIGH,STRONG,FAIL,FAIL,True,4,1,3,0,14.623473,-2.170282,15216.522071,4597.547547,BREAKDOWN,2497.24035,19.818875
CASE_10484,FATIGUE_ZONE,STRENGTHENING,HIGH,STRONG,HOLD,HOLD,True,3,0,0,3,71.813547,7.591239,7775.40907,2885.937316,GROWTH,2803.219021,79.0
CASE_10485,EXHAUSTED_ZONE,TERMINAL,HIGH,STRONG,FAIL,FAIL,True,3,1,1,0,15.201319,-2.766734,12340.793663,5134.275055,BREAKDOWN,5231.061545,16.091152
CASE_10487,EXHAUSTED_ZONE,TERMINAL,HIGH,STRONG,FAIL,FAIL,True,3,2,1,0,14.944619,-2.238783,10769.699695,4183.531537,BREAKDOWN,4245.611022,10.453759
CASE_10497,FATIGUE_ZONE,STRENGTHENING,HIGH,STRONG,HOLD,HOLD,True,4,0,0,4,73.009316,2.929608,7239.194263,1966.786318,GROWTH,1213.258557,79.0
CASE_10512,RECOVERED_ZONE,STRENGTHENING,HIGH,STRONG,HOLD,HOLD,True,5,0,0,5,104.846154,3.761538,13130.081865,3194.309554,GROWTH,3371.27788,106.695333
CASE_10514,ELASTIC_ZONE,STRENGTHENING,HIGH,STRONG,HOLD,HOLD,True,5,0,0,5,72.832957,4.534908,9133.337561,2152.424534,GROWTH,2097.461038,76.195994
CASE_10515,EXHAUSTED_ZONE,TERMINAL,HIGH,STRONG,FAIL,FAIL,True,4,2,2,0,16.185286,-1.532868,8411.334365,2471.943177,BREAKDOWN,2528.377998,15.162521
CASE_10521,FATIGUE_ZONE,STRENGTHENING,MEDIUM,MODERATE,HOLD,HOLD,True,2,0,0,2,69.911471,12.945995,5053.532453,2649.379354,GROWTH,2907.878025,79.0
CASE_10525,EXHAUSTED_ZONE,DEGRADING,HIGH,STRONG,FAIL,FAIL,True,3,0,2,0,14.852936,-2.973532,8320.992267,2965.703725,BREAKDOWN,2809.778517,17.260573
CASE_10534,FATIGUE_ZONE,STRENGTHENING,HIGH,STRONG,HOLD,HOLD,True,4,0,0,4,72.108911,5.278753,10459.499264,3478.397306,GROWTH,2563.104101,79.0
CASE_10557,EXHAUSTED_ZONE,TERMINAL,HIGH,STRONG,FAIL,FAIL,True,4,3,1,0,14.34636,-1.99081,25377.834578,9755.190869,BREAKDOWN,6246.404855,10.880175
CASE_10559,RECOVERED_ZONE,STRENGTHENING,HIGH,STRONG,HOLD,HOLD,True,4,0,0,4,105.235294,6.02353,30876.874279,13761.205375,GROWTH,8634.675934,109.0
CASE_10564,EXHAUSTED_ZONE,DEGRADING,HIGH,STRONG,FAIL,FAIL,True,3,0,3,0,14.942172,-2.742255,17923.959594,6868.272917,BREAKDOWN,6327.125667,17.640074
CASE_10585,FATIGUE_ZONE,STRENGTHENING,MEDIUM,MODERATE,HOLD,HOLD,True,2,0,0,2,63.621359,8.388349,4225.717652,2569.484799,GROWTH,2816.428078,79.0
CASE_10597,EXHAUSTED_ZONE,TERMINAL,HIGH,STRONG,FAIL,FAIL,True,5,3,1,0,16.673455,-1.064465,15544.973724,4967.588555,BREAKDOWN,4884.919579,18.542585
CASE_10604,EXHAUSTED_ZONE,TERMINAL,MEDIUM,MODERATE,FAIL,FAIL,True,2,1,1,0,14.567314,-1.653027,10600.09193,6840.397935,BREAKDOWN,4782.56132,15.593365
CASE_10605,FATIGUE_ZONE,STRENGTHENING,HIGH,STRONG,HOLD,HOLD,True,4,0,0,4,77.588235,2.424613,9225.571456,3333.008901,GROWTH,2167.906022,79.0
CASE_10607,FATIGUE_ZONE,STRENGTHENING,HIGH,STRONG,HOLD,HOLD,True,4,0,0,4,75.117021,2.419611,9578.358793,2846.930545,GROWTH,2873.170393,78.094288
CASE_10608,FATIGUE_ZONE,STRENGTHENING,HIGH,STRONG,HOLD,HOLD,True,5,0,0,5,72.787062,2.358549,12005.419682,2846.260503,GROWTH,3039.63481,79.0
CASE_10621,EXHAUSTED_ZONE,TERMINAL,HIGH,STRONG,FAIL,FAIL,True,6,2,2,0,14.858813,-1.093112,17130.42996,3856.648646,BREAKDOWN,3222.577714,18.867718
CASE_10626,RECOVERED_ZONE,STRENGTHENING,HIGH,STRONG,HOLD,HOLD,True,3,0,0,3,103.692308,4.384615,8541.506968,3765.403953,GROWTH,3450.271078,104.608897
CASE_10639,EXHAUSTED_ZONE,DEGRADING,HIGH,STRONG,FAIL,HOLD,False,3,0,3,0,25.58572,-0.716536,8363.514307,3572.0051,RECLAIM,1246.669962,28.043055
CASE_10648,EXHAUSTED_ZONE,DEGRADING,MEDIUM,MODERATE,FAIL,FAIL,True,2,0,1,0,15.618427,-5.181573,3964.042608,3964.042608,BREAKDOWN,4256.746962,17.508228
CASE_10649,FATIGUE_ZONE,STRENGTHENING,HIGH,STRONG,HOLD,HOLD,True,3,0,0,3,72.821782,4.990099,6399.558199,2255.583367,GROWTH,2126.89617,79.0
CASE_10652,FATIGUE_ZONE,STRENGTHENING,HIGH,STRONG,HOLD,HOLD,True,3,0,0,3,73.701396,5.786341,6659.461529,2280.246664,GROWTH,1717.952961,79.0
CASE_10655,EXHAUSTED_ZONE,TERMINAL,MEDIUM,MODERATE,FAIL,FAIL,True,2,1,1,0,16.373595,-1.60404,7688.24205,3907.272337,BREAKDOWN,4211.848161,18.232379
CASE_10666,EXHAUSTED_ZONE,TERMINAL,HIGH,STRONG,FAIL,FAIL,True,4,3,1,0,18.853702,-0.485925,17644.844994,6477.756808,BREAKDOWN,3227.37754,18.545523
CASE_10759,EXHAUSTED_ZONE,STABLE,HIGH,STRONG,HOLD,HOLD,True,3,0,2,1,26.203386,0.24696,12146.93076,4797.348987,RECLAIM,2944.90464,30.609254
CASE_10760,EXHAUSTED_ZONE,STABLE,MEDIUM,MODERATE,HOLD,HOLD,True,2,0,2,0,26.928601,0.471875,8178.043416,5089.287996,RECLAIM,4525.248885,30.67458
CASE_10773,FATIGUE_ZONE,STRENGTHENING,HIGH,STRONG,HOLD,HOLD,True,4,0,0,4,75.470588,3.835294,9301.00462,3154.817422,GROWTH,3590.322503,73.42948
CASE_10774,RECOVERED_ZONE,STRENGTHENING,HIGH,STRONG,HOLD,HOLD,True,4,0,0,4,104.960396,3.887944,28780.638398,8897.479474,GROWTH,11070.316997,107.401441
CASE_10779,FATIGUE_ZONE,STRENGTHENING,HIGH,STRONG,HOLD,HOLD,True,4,0,0,4,77.588235,7.286659,11645.392311,4059.659796,GROWTH,632.179655,79.0
CASE_10781,EXHAUSTED_ZONE,TERMINAL,HIGH,STRONG,FAIL,FAIL,True,4,2,2,0,17.780292,-0.649559,10115.443413,3960.80403,BREAKDOWN,1547.938891,18.459733
CASE_10790,FATIGUE_ZONE,STRENGTHENING,HIGH,STRONG,HOLD,HOLD,True,5,0,0,5,77.0627,5.057787,6118.24439,1570.179407,GROWTH,30.175486,79.0
CASE_10792,RECOVERED_ZONE,STRENGTHENING,HIGH,STRONG,HOLD,HOLD,True,4,0,0,4,110.534653,5.663059,12638.442278,3705.408649,GROWTH,1775.69233,113.861386
CASE_10801,EXHAUSTED_ZONE,DEGRADING,HIGH,STRONG,FAIL,HOLD,False,3,0,3,0,16.540228,-2.212715,9242.26689,3607.04832,RECLAIM,3703.401135,18.611849
CASE_10806,EXHAUSTED_ZONE,DEGRADING,HIGH,STRONG,FAIL,FAIL,True,3,0,2,0,16.903277,-1.227342,9213.068095,3683.357169,BREAKDOWN,2698.257064,16.543308
CASE_10817,EXHAUSTED_ZONE,TERMINAL,MEDIUM,MODERATE,FAIL,FAIL,True,2,2,0,0,17.491954,-0.209203,5078.879683,3070.220995,BREAKDOWN,1959.427617,15.717011
CASE_10818,EXHAUSTED_ZONE,TERMINAL,MEDIUM,MODERATE,FAIL,FAIL,True,2,2,0,0,17.812933,-0.277926,5096.73042,3081.011933,BREAKDOWN,2221.403447,13.723635
CASE_10819,EXHAUSTED_ZONE,TERMINAL,HIGH,STRONG,FAIL,FAIL,True,4,1,3,0,17.549496,-1.118536,7394.598191,2548.694996,BREAKDOWN,2721.222788,11.376323
CASE_10829,FATIGUE_ZONE,STRENGTHENING,HIGH,STRONG,HOLD,HOLD,True,5,0,0,5,76.084112,4.534769,10956.050012,2577.135022,GROWTH,627.745739,79.0
CASE_10839,EXHAUSTED_ZONE,DEGRADING,HIGH,STRONG,FAIL,FAIL,True,4,0,3,0,17.86741,-0.93366,12661.782121,3396.628711,BREAKDOWN,4122.044922,11.776572
CASE_10841,RECOVERED_ZONE,STRENGTHENING,HIGH,STRONG,HOLD,HOLD,True,4,0,0,4,103.184466,2.200774,12208.045398,4060.120052,GROWTH,3814.790204,116.0
CASE_10891,EXHAUSTED_ZONE,STABLE,MEDIUM,MODERATE,HOLD,FAIL,False,2,0,1,0,20.316107,-0.457215,4024.118432,2642.444728,BREAKDOWN,7908.482212,18.861442
CASE_10907,EXHAUSTED_ZONE,TERMINAL,HIGH,STRONG,FAIL,FAIL,True,5,1,3,0,14.784468,-1.210235,14821.001075,4007.287225,BREAKDOWN,2643.268433,18.892266
CASE_10915,EXHAUSTED_ZONE,TERMINAL,MEDIUM,MODERATE,FAIL,FAIL,True,2,1,1,0,16.883736,-2.544044,9692.386076,5014.563735,BREAKDOWN,4633.90292,16.967529
CASE_10917,FATIGUE_ZONE,STRENGTHENING,MEDIUM,MODERATE,HOLD,HOLD,True,2,0,0,2,72.975534,10.951456,8297.321735,4292.797315,GROWTH,4241.981981,84.16
CASE_10934,EXHAUSTED_ZONE,DEGRADING,HIGH,STRONG,FAIL,FAIL,True,3,0,3,0,16.314015,-2.295652,12024.071704,4794.588124,BREAKDOWN,5686.983435,14.300054
CASE_10940,FATIGUE_ZONE,STRENGTHENING,MEDIUM,MODERATE,HOLD,HOLD,True,2,0,0,2,75.361739,5.631832,4448.057618,2304.45481,GROWTH,475.820769,79.0
CASE_10942,ELASTIC_ZONE,STRENGTHENING,MEDIUM,MODERATE,HOLD,HOLD,True,2,0,0,2,68.502497,2.46497,6854.979526,3473.539319,GROWTH,3534.505707,79.0
CASE_10960,FATIGUE_ZONE,STRENGTHENING,HIGH,STRONG,HOLD,HOLD,True,3,0,0,3,73.347395,5.059412,10146.820713,3520.225182,GROWTH,3384.5899,79.0
CASE_10963,EXHAUSTED_ZONE,TERMINAL,HIGH,STRONG,FAIL,FAIL,True,5,1,4,0,17.258681,-0.767158,18822.565523,4864.388442,BREAKDOWN,1195.209367,19.626941
CASE_10967,EXHAUSTED_ZONE,TERMINAL,HIGH,STRONG,FAIL,FAIL,True,4,1,3,0,16.242722,-1.94957,12053.287478,3738.910347,BREAKDOWN,3489.276693,14.193587
CASE_10970,RECOVERED_ZONE,STRENGTHENING,HIGH,STRONG,HOLD,HOLD,True,4,0,0,4,107.574257,5.108911,16207.95785,4539.315557,GROWTH,3070.07719,109.0
CASE_10973,FATIGUE_ZONE,STRENGTHENING,HIGH,STRONG,HOLD,HOLD,True,5,0,0,5,73.291486,3.992055,5197.276442,1275.610116,GROWTH,1241.247899,78.350033
CASE_10974,FATIGUE_ZONE,STRENGTHENING,HIGH,STRONG,HOLD,HOLD,True,5,0,0,5,69.438171,2.685522,4596.850583,1262.537906,GROWTH,1249.298005,79.0
CASE_10975,ELASTIC_ZONE,STRENGTHENING,HIGH,STRONG,HOLD,HOLD,True,5,0,0,5,67.970327,2.651324,5127.619372,1370.557241,GROWTH,1414.576458,79.0
CASE_10992,EXHAUSTED_ZONE,TERMINAL,HIGH,STRONG,FAIL,FAIL,True,3,1,2,0,16.179329,-1.348137,8028.568292,2765.39605,BREAKDOWN,833.752402,17.705555
CASE_11010,EXHAUSTED_ZONE,DEGRADING,MEDIUM,MODERATE,FAIL,FAIL,True,2,0,2,0,15.669759,-4.492628,8267.988181,4954.464703,BREAKDOWN,3458.757135,17.560561
CASE_11016,FATIGUE_ZONE,STRENGTHENING,HIGH,STRONG,HOLD,HOLD,True,5,0,0,5,71.158416,3.764428,7349.351787,1889.035471,GROWTH,1743.722114,79.0
CASE_11017,EXHAUSTED_ZONE,DEGRADING,HIGH,STRONG,FAIL,FAIL,True,5,0,5,0,16.419971,-0.958404,18210.570347,4569.665539,BREAKDOWN,4279.495801,13.607561
CASE_11019,FATIGUE_ZONE,STRENGTHENING,MEDIUM,MODERATE,HOLD,HOLD,True,2,0,0,2,69.721773,9.667703,5114.209372,2810.276134,GROWTH,1571.506948,79.0
CASE_11020,EXHAUSTED_ZONE,DEGRADING,MEDIUM,MODERATE,FAIL,FAIL,True,2,0,2,0,16.465157,-3.433983,12085.582399,6818.335877,BREAKDOWN,5271.862109,18.771275
CASE_11022,EXHAUSTED_ZONE,TERMINAL,HIGH,STRONG,FAIL,FAIL,True,4,1,3,0,17.255284,-0.949655,23913.586619,7766.02134,BREAKDOWN,1950.870465,17.275211
CASE_11044,EXHAUSTED_ZONE,DEGRADING,MEDIUM,MODERATE,FAIL,FAIL,True,2,0,2,0,15.752133,-4.545352,11834.914401,6530.458733,BREAKDOWN,7293.788337,18.16177
CASE_11053,FATIGUE_ZONE,STRENGTHENING,HIGH,STRONG,HOLD,HOLD,True,3,0,0,3,72.37931,3.813687,7817.348162,4147.826402,GROWTH,737.633897,79.0
CASE_11059,FATIGUE_ZONE,STRENGTHENING,MEDIUM,MODERATE,HOLD,HOLD,True,2,0,0,2,73.047665,6.869281,7085.861907,4186.939444,GROWTH,2554.729315,79.0
CASE_11067,EXHAUSTED_ZONE,TERMINAL,MEDIUM,MODERATE,FAIL,FAIL,True,2,1,1,0,14.867271,-5.131481,13316.351522,6833.634553,BREAKDOWN,7555.350666,12.387064
CASE_11068,ELASTIC_ZONE,STRENGTHENING,HIGH,STRONG,HOLD,HOLD,True,3,0,0,3,73.352941,4.443851,6456.796586,3098.282745,GROWTH,3537.71202,78.851433
CASE_11071,FATIGUE_ZONE,STRENGTHENING,HIGH,STRONG,HOLD,HOLD,True,3,0,0,3,68.523301,4.034378,6583.477847,3586.510139,GROWTH,3108.151445,79.0
CASE_11072,EXHAUSTED_ZONE,TERMINAL,MEDIUM,MODERATE,FAIL,FAIL,True,2,1,1,0,17.344029,-3.315842,7947.775784,6787.842569,BREAKDOWN,7253.570725,18.424745
CASE_11084,RECOVERED_ZONE,STRENGTHENING,HIGH,STRONG,HOLD,HOLD,True,4,0,0,4,104.485149,5.726733,13019.425313,4387.992442,GROWTH,4691.762651,109.0
CASE_11089,EXHAUSTED_ZONE,TERMINAL,HIGH,STRONG,FAIL,FAIL,True,4,1,3,0,18.47909,-0.810267,13491.534135,5063.888756,BREAKDOWN,4516.21761,19.008381
CASE_11096,EXHAUSTED_ZONE,DEGRADING,HIGH,STRONG,FAIL,FAIL,True,3,0,2,0,13.318088,-3.248364,6142.510632,2724.984582,BREAKDOWN,3300.169264,12.32953
CASE_11098,RECOVERED_ZONE,STRENGTHENING,HIGH,STRONG,HOLD,HOLD,True,4,0,0,4,111.960396,5.522397,11544.839301,3880.365809,GROWTH,4224.336904,116.0
CASE_11101,FATIGUE_ZONE,STRENGTHENING,HIGH,STRONG,HOLD,HOLD,True,5,0,0,5,76.882459,5.899569,10286.745057,3340.369065,GROWTH,1447.125995,79.0
CASE_11106,FATIGUE_ZONE,STRENGTHENING,HIGH,STRONG,HOLD,HOLD,True,4,0,0,4,76.647059,4.146322,6295.272412,1981.951591,GROWTH,386.253921,79.0
CASE_11110,FATIGUE_ZONE,STRENGTHENING,HIGH,STRONG,HOLD,HOLD,True,6,0,0,6,74.962617,3.275804,9388.624386,2692.656224,GROWTH,1162.219113,79.0
CASE_11122,EXHAUSTED_ZONE,TERMINAL,HIGH,STRONG,FAIL,FAIL,True,5,2,2,0,13.334434,-1.799973,14901.849918,3737.833988,BREAKDOWN,3138.917024,19.300967
CASE_11124,EXHAUSTED_ZONE,TERMINAL,HIGH,STRONG,FAIL,FAIL,True,4,3,1,0,14.618626,-1.156948,10752.275469,3622.025198,BREAKDOWN,1165.772177,16.919646
CASE_11159,RECOVERED_ZONE,STRENGTHENING,MEDIUM,MODERATE,HOLD,HOLD,True,2,0,0,2,108.881984,15.693865,7194.49341,4935.546473,GROWTH,3312.140224,116.0
CASE_11170,FATIGUE_ZONE,STRENGTHENING,HIGH,STRONG,HOLD,HOLD,True,3,0,0,3,76.333333,6.936526,8527.962446,3194.109151,GROWTH,227.391913,79.0
CASE_11179,FATIGUE_ZONE,STRENGTHENING,HIGH,STRONG,HOLD,HOLD,True,3,0,0,3,60.522124,2.195537,9671.422758,3880.197261,GROWTH,3656.118342,79.0
CASE_11191,FATIGUE_ZONE,STRENGTHENING,HIGH,STRONG,HOLD,HOLD,True,6,0,0,6,74.615385,3.011408,10024.177612,2139.78831,GROWTH,1810.775326,79.0
CASE_11205,EXHAUSTED_ZONE,TERMINAL,HIGH,STRONG,FAIL,FAIL,True,4,3,1,0,17.944301,-0.76392,10363.990366,4010.230408,BREAKDOWN,2438.842168,16.15417
CASE_11206,EXHAUSTED_ZONE,DEGRADING,HIGH,STRONG,FAIL,FAIL,True,4,0,3,0,14.869934,-1.228774,9413.795333,3216.902537,BREAKDOWN,3292.902605,13.039266
CASE_11207,RECOVERED_ZONE,STRENGTHENING,MEDIUM,MODERATE,HOLD,HOLD,True,2,0,0,2,100.529412,13.087474,7543.703831,3871.403521,GROWTH,4426.345821,108.567993
CASE_11208,RECOVERED_ZONE,STRENGTHENING,MEDIUM,MODERATE,HOLD,HOLD,True,2,0,0,2,107.09901,9.504951,7044.507681,3850.202406,GROWTH,1137.674277,109.0
CASE_11224,EXHAUSTED_ZONE,TERMINAL,HIGH,STRONG,FAIL,FAIL,True,6,3,2,0,18.313437,-0.133066,17459.764925,3983.780913,BREAKDOWN,4220.748851,12.691032
CASE_11226,FATIGUE_ZONE,STRENGTHENING,HIGH,STRONG,HOLD,HOLD,True,5,0,0,5,69.823529,3.382347,10253.74364,2953.421722,GROWTH,3389.731378,76.529453
CASE_11262,FATIGUE_ZONE,STRENGTHENING,HIGH,STRONG,HOLD,HOLD,True,3,0,0,3,71.149533,5.809628,8594.645516,3196.006691,GROWTH,1660.09627,79.0
CASE_11263,FATIGUE_ZONE,STRENGTHENING,MEDIUM,MODERATE,HOLD,HOLD,True,2,0,0,2,65.221757,8.10411,3916.516912,3288.109457,GROWTH,3638.254754,79.0
CASE_11274,FATIGUE_ZONE,STRENGTHENING,HIGH,STRONG,HOLD,HOLD,True,4,0,0,4,68.745455,3.870602,9562.572837,3296.203858,GROWTH,3712.86567,77.181507
CASE_11279,EXHAUSTED_ZONE,TERMINAL,HIGH,STRONG,FAIL,FAIL,True,3,1,2,0,18.176445,-0.70104,15836.762475,5738.78443,BREAKDOWN,2605.347573,18.536914
CASE_11281,EXHAUSTED_ZONE,DEGRADING,HIGH,STRONG,FAIL,FAIL,True,3,0,3,0,16.763634,-1.753685,16545.148772,6038.367806,BREAKDOWN,4723.640088,18.450727
CASE_11283,FATIGUE_ZONE,STRENGTHENING,HIGH,STRONG,HOLD,HOLD,True,4,0,0,4,75.504854,6.566439,10893.079526,3099.1564,GROWTH,828.975777,79.0
CASE_11284,EXHAUSTED_ZONE,TERMINAL,HIGH,STRONG,FAIL,FAIL,True,6,1,5,0,17.45415,-0.669552,26159.556579,5557.650414,BREAKDOWN,1967.367302,13.798254
CASE_11295,FATIGUE_ZONE,STRENGTHENING,HIGH,STRONG,HOLD,HOLD,True,3,0,0,3,74.841578,7.567848,5589.124438,2436.55441,GROWTH,1561.27013,79.0
CASE_11296,EXHAUSTED_ZONE,TERMINAL,HIGH,STRONG,FAIL,FAIL,True,5,1,4,0,13.955155,-1.208728,13674.916094,3205.172192,BREAKDOWN,2980.886375,15.438765
CASE_11298,FATIGUE_ZONE,STRENGTHENING,MEDIUM,MODERATE,HOLD,HOLD,True,2,0,0,2,70.378641,3.912213,2094.761233,1316.788973,GROWTH,1665.332102,77.834951
CASE_11310,ELASTIC_ZONE,STRENGTHENING,MEDIUM,MODERATE,HOLD,HOLD,True,2,0,0,2,67.0,6.249168,4712.937627,2405.815169,GROWTH,2564.818993,79.0
CASE_11319,RECOVERED_ZONE,STRENGTHENING,HIGH,STRONG,HOLD,HOLD,True,3,0,0,3,112.673267,8.316831,11947.415547,4526.305981,GROWTH,3126.841262,116.0
CASE_11322,FATIGUE_ZONE,STRENGTHENING,HIGH,STRONG,HOLD,HOLD,True,4,0,0,4,72.672727,5.465381,8396.295599,2466.279001,GROWTH,1772.46859,79.0
CASE_11325,RECOVERED_ZONE,STRENGTHENING,HIGH,STRONG,HOLD,HOLD,True,4,0,0,4,99.076923,3.092308,12713.354637,5243.456751,GROWTH,6169.605539,109.0
CASE_11326,FATIGUE_ZONE,STRENGTHENING,HIGH,STRONG,HOLD,HOLD,True,4,0,0,4,67.218182,2.923636,7102.050532,2962.021587,GROWTH,3737.315861,75.837313
CASE_11328,FATIGUE_ZONE,STRENGTHENING,HIGH,STRONG,HOLD,HOLD,True,5,0,0,5,68.68462,3.216924,11395.435873,5496.144338,GROWTH,5007.427686,79.0
CASE_11332,FATIGUE_ZONE,STRENGTHENING,HIGH,STRONG,HOLD,HOLD,True,4,0,0,4,71.07767,4.167412,15840.879877,6207.658369,GROWTH,3464.2441,79.0
CASE_11334,FATIGUE_ZONE,STRENGTHENING,HIGH,STRONG,HOLD,HOLD,True,4,0,0,4,73.588235,4.488729,12844.427977,3576.350829,GROWTH,1777.644483,79.0
CASE_11335,FATIGUE_ZONE,STRENGTHENING,HIGH,STRONG,HOLD,HOLD,True,4,0,0,4,72.33117,4.34394,13045.66395,3905.723853,GROWTH,3308.227865,79.0
CASE_11347,ELASTIC_ZONE,STRENGTHENING,MEDIUM,MODERATE,HOLD,HOLD,True,2,0,0,2,62.453977,5.724247,6790.262869,4900.230427,GROWTH,4808.11567,79.0
CASE_11350,ELASTIC_ZONE,STRENGTHENING,MEDIUM,MODERATE,HOLD,HOLD,True,2,0,0,2,65.075968,6.520412,8523.724604,4640.366194,GROWTH,4139.107026,79.0
CASE_11352,FATIGUE_ZONE,STRENGTHENING,HIGH,STRONG,HOLD,HOLD,True,3,0,0,3,66.916655,2.98803,14192.290428,5519.655016,GROWTH,5001.2863,79.0
CASE_11354,FATIGUE_ZONE,STRENGTHENING,HIGH,STRONG,HOLD,HOLD,True,5,0,0,5,77.811881,6.022521,9365.589714,4007.861642,GROWTH,28.303688,79.0
CASE_11356,FATIGUE_ZONE,STRENGTHENING,HIGH,STRONG,HOLD,HOLD,True,6,0,0,6,73.447761,3.77906,14153.684385,4343.059255,GROWTH,450.368944,79.0
CASE_11357,FATIGUE_ZONE,STRENGTHENING,HIGH,STRONG,HOLD,HOLD,True,4,0,0,4,73.534653,5.795656,11279.147252,3530.369948,GROWTH,2266.408126,79.0
CASE_11372,FATIGUE_ZONE,STRENGTHENING,HIGH,STRONG,HOLD,HOLD,True,3,0,0,3,75.235294,9.058823,10409.471848,5322.130963,GROWTH,1271.797328,79.0
CASE_11373,FATIGUE_ZONE,STRENGTHENING,MEDIUM,MODERATE,HOLD,HOLD,True,2,0,0,2,73.534653,3.089108,9416.711388,6787.546214,GROWTH,1654.284203,79.0
CASE_11412,EXHAUSTED_ZONE,TERMINAL,HIGH,STRONG,FAIL,FAIL,True,4,3,1,0,17.049076,-0.611311,9069.973019,3489.326166,BREAKDOWN,466.641896,18.962594
CASE_11415,EXHAUSTED_ZONE,TERMINAL,HIGH,STRONG,FAIL,FAIL,True,5,1,3,0,15.917129,-0.933872,11721.475357,2681.22077,BREAKDOWN,518.263566,20.018093
CASE_11436,FATIGUE_ZONE,STRENGTHENING,HIGH,STRONG,HOLD,HOLD,True,3,0,0,3,76.485714,6.628571,9852.825423,3346.16565,GROWTH,460.330016,79.0
CASE_11437,FATIGUE_ZONE,STRENGTHENING,HIGH,STRONG,HOLD,HOLD,True,3,0,0,3,74.885714,6.628571,8876.750288,3099.644944,GROWTH,1146.788052,79.0
CASE_11439,FATIGUE_ZONE,STRENGTHENING,HIGH,STRONG,HOLD,HOLD,True,3,0,0,3,72.346535,6.891089,8002.038819,3201.789764,GROWTH,1726.568414,79.0
CASE_11441,EXHAUSTED_ZONE,TERMINAL,HIGH,STRONG,FAIL,FAIL,True,3,1,2,0,16.252245,-1.353221,13499.459712,5143.568021,BREAKDOWN,1267.027291,17.966309
CASE_11442,FATIGUE_ZONE,STRENGTHENING,HIGH,STRONG,HOLD,HOLD,True,4,0,0,4,76.263158,5.305263,11951.753173,3933.977697,GROWTH,259.327782,79.0
CASE_11444,RECOVERED_ZONE,STRENGTHENING,HIGH,STRONG,HOLD,HOLD,True,5,0,0,5,113.148515,4.695066,38278.75252,13743.793482,GROWTH,2419.819886,116.0
CASE_11448,FATIGUE_ZONE,STRENGTHENING,HIGH,STRONG,HOLD,HOLD,True,3,0,0,3,61.823529,2.470588,2955.62086,1183.384179,GROWTH,3066.187883,75.942159
CASE_11483,RECOVERED_ZONE,STRENGTHENING,HIGH,STRONG,HOLD,HOLD,True,4,0,0,4,113.623762,4.085696,12572.362322,4413.372579,GROWTH,2159.75065,116.0
CASE_11484,RECOVERED_ZONE,STRENGTHENING,HIGH,STRONG,HOLD,HOLD,True,6,0,0,6,105.241313,4.213717,16645.352477,4094.149229,GROWTH,4838.356699,109.0
CASE_11485,FATIGUE_ZONE,STRENGTHENING,HIGH,STRONG,HOLD,HOLD,True,5,0,0,5,74.722772,4.760264,5318.502936,1500.251821,GROWTH,1670.933541,79.0
CASE_11496,EXHAUSTED_ZONE,DEGRADING,MEDIUM,MODERATE,FAIL,FAIL,True,2,0,2,0,17.537141,-1.974843,8643.933644,4540.290067,BREAKDOWN,3991.6283,18.956466
CASE_11497,EXHAUSTED_ZONE,TERMINAL,HIGH,STRONG,FAIL,FAIL,True,3,1,2,0,19.232736,-0.446157,9963.876888,4142.441336,BREAKDOWN,5338.051411,12.968387
CASE_11498,FATIGUE_ZONE,STRENGTHENING,HIGH,STRONG,HOLD,HOLD,True,4,0,0,4,64.6,2.817391,5887.043869,2398.035718,GROWTH,4094.497154,79.0
CASE_11506,FATIGUE_ZONE,STRENGTHENING,HIGH,STRONG,HOLD,HOLD,True,4,0,0,4,72.20354,3.812921,10359.545953,3252.172955,GROWTH,2905.958562,74.752212
CASE_11515,RECOVERED_ZONE,STRENGTHENING,HIGH,STRONG,HOLD,HOLD,True,4,0,0,4,112.538462,6.027539,26227.007293,8413.974396,GROWTH,2049.490836,116.0
CASE_11516,FATIGUE_ZONE,STRENGTHENING,HIGH,STRONG,HOLD,HOLD,True,4,0,0,4,71.59097,5.219091,13169.36565,4654.593264,GROWTH,2601.366056,79.0
CASE_11517,FATIGUE_ZONE,STRENGTHENING,MEDIUM,MODERATE,HOLD,HOLD,True,2,0,0,2,69.642417,8.465468,8936.976908,5053.6182,GROWTH,4841.550395,79.0
CASE_11521,EXHAUSTED_ZONE,TERMINAL,HIGH,STRONG,FAIL,FAIL,True,3,2,1,0,16.870823,-0.943083,16181.166277,7548.489659,BREAKDOWN,4082.377456,14.20831
CASE_11526,FATIGUE_ZONE,STRENGTHENING,MEDIUM,MODERATE,HOLD,HOLD,True,2,0,0,2,70.085714,2.22043,4665.797529,2771.896662,GROWTH,3029.952478,79.0
CASE_11538,EXHAUSTED_ZONE,TERMINAL,HIGH,STRONG,FAIL,FAIL,True,4,1,2,0,13.653777,-1.249719,15392.45545,5232.113859,BREAKDOWN,5392.282935,12.773681
CASE_11553,FATIGUE_ZONE,STRENGTHENING,HIGH,STRONG,HOLD,HOLD,True,6,0,0,6,73.855337,2.940137,15029.600058,3797.695825,GROWTH,4038.501633,77.116239
CASE_11554,EXHAUSTED_ZONE,DEGRADING,HIGH,STRONG,FAIL,FAIL,True,6,0,5,0,14.656561,-1.170757,20181.064457,5160.781838,BREAKDOWN,5701.870351,13.711563
CASE_11574,EXHAUSTED_ZONE,TERMINAL,MEDIUM,MODERATE,FAIL,FAIL,True,2,2,0,0,17.223683,2.768819,11849.481244,7019.624502,BREAKDOWN,3177.263082,16.820155
CASE_11594,FATIGUE_ZONE,STRENGTHENING,HIGH,STRONG,HOLD,HOLD,True,5,0,0,5,74.636778,3.950657,13796.307148,4018.817604,GROWTH,2657.703714,79.0
CASE_11611,FATIGUE_ZONE,STRENGTHENING,MEDIUM,MODERATE,HOLD,HOLD,True,2,0,0,2,74.777411,5.700488,6432.791875,3235.257786,GROWTH,703.417753,79.0
CASE_11613,ELASTIC_ZONE,STRENGTHENING,HIGH,STRONG,HOLD,HOLD,True,3,0,0,3,74.058824,6.117647,10432.921453,4631.574586,GROWTH,3679.127757,79.0
CASE_11615,FATIGUE_ZONE,STRENGTHENING,HIGH,STRONG,HOLD,HOLD,True,3,0,0,3,70.777778,5.777778,9195.054717,4082.037896,GROWTH,3242.599137,79.0
CASE_11616,EXHAUSTED_ZONE,TERMINAL,HIGH,STRONG,FAIL,FAIL,True,4,2,2,0,16.824931,-1.419738,18953.735242,6544.899464,BREAKDOWN,3681.900996,18.496844
CASE_11618,FATIGUE_ZONE,STRENGTHENING,HIGH,STRONG,HOLD,HOLD,True,4,0,0,4,67.957335,3.92792,14858.579147,5447.716288,GROWTH,5093.39442,79.0
CASE_11655,RECOVERED_ZONE,STRENGTHENING,HIGH,STRONG,HOLD,HOLD,True,3,0,0,3,106.628571,6.772455,16909.031142,6239.017643,GROWTH,1817.786961,116.0
CASE_11662,FATIGUE_ZONE,STRENGTHENING,MEDIUM,MODERATE,HOLD,HOLD,True,2,0,0,2,66.883495,8.74964,5747.232332,2892.712061,GROWTH,2996.759151,79.0
CASE_11673,EXHAUSTED_ZONE,TERMINAL,HIGH,STRONG,FAIL,FAIL,True,3,2,1,0,16.321962,-1.992841,14964.729202,5377.765534,BREAKDOWN,1256.108848,19.239734
CASE_11676,EXHAUSTED_ZONE,TERMINAL,HIGH,STRONG,FAIL,FAIL,True,4,1,3,0,18.422494,-1.022005,15659.621643,6385.544433,BREAKDOWN,5988.836255,12.07389
CASE_11746,EXHAUSTED_ZONE,TERMINAL,MEDIUM,MODERATE,FAIL,FAIL,True,2,2,0,0,20.123607,4.444024,8468.451371,5097.556844,BREAKDOWN,1242.033755,19.634989
CASE_11747,EXHAUSTED_ZONE,TERMINAL,HIGH,STRONG,FAIL,FAIL,True,3,2,1,0,16.704757,-0.876013,17322.803993,6472.814635,BREAKDOWN,2615.570018,19.032348
CASE_11750,RECOVERED_ZONE,STRENGTHENING,MEDIUM,MODERATE,HOLD,HOLD,True,2,0,0,2,107.169811,12.347265,10619.659343,5762.47531,GROWTH,5616.249944,116.0
CASE_11752,FATIGUE_ZONE,STRENGTHENING,HIGH,STRONG,HOLD,HOLD,True,3,0,0,3,64.342282,4.348993,5332.21018,2909.943966,GROWTH,2672.784148,79.0
CASE_11754,EXHAUSTED_ZONE,TERMINAL,MEDIUM,MODERATE,FAIL,FAIL,True,2,1,1,0,17.368924,-2.928842,12955.809983,9825.937674,BREAKDOWN,6413.405788,19.507026
CASE_11759,RECOVERED_ZONE,STRENGTHENING,MEDIUM,MODERATE,HOLD,HOLD,True,2,0,0,2,97.623444,2.091931,20186.501268,10301.956478,GROWTH,7943.698997,109.0
CASE_11761,EXHAUSTED_ZONE,TERMINAL,HIGH,STRONG,FAIL,FAIL,True,3,1,2,0,16.798898,-2.063078,15981.734434,6916.78129,BREAKDOWN,2277.56404,16.986065
CASE_11764,FATIGUE_ZONE,STRENGTHENING,HIGH,STRONG,HOLD,HOLD,True,4,0,0,4,75.546346,5.414703,7773.934464,2136.140488,GROWTH,1959.389538,78.589035
CASE_11766,EXHAUSTED_ZONE,DEGRADING,HIGH,STRONG,FAIL,FAIL,True,6,0,4,0,14.236165,-0.919507,21006.589967,3714.746087,BREAKDOWN,4276.283314,14.467163
CASE_11779,FATIGUE_ZONE,STRENGTHENING,HIGH,STRONG,HOLD,HOLD,True,3,0,0,3,76.735849,10.867925,4964.855789,1908.777281,GROWTH,1417.710695,77.51429
CASE_11781,ELASTIC_ZONE,STRENGTHENING,HIGH,STRONG,HOLD,HOLD,True,3,0,0,3,74.764706,9.882353,8027.684797,3024.095328,GROWTH,3357.357318,75.618482
CASE_11785,EXHAUSTED_ZONE,TERMINAL,HIGH,STRONG,FAIL,FAIL,True,6,3,2,0,16.022193,-1.186552,13110.348709,2979.46322,BREAKDOWN,2949.272951,16.924133
CASE_11794,FATIGUE_ZONE,STRENGTHENING,HIGH,STRONG,HOLD,HOLD,True,5,0,0,5,70.076159,3.427969,9081.903349,2252.603141,GROWTH,1961.885251,78.749513
CASE_11795,EXHAUSTED_ZONE,TERMINAL,HIGH,STRONG,FAIL,FAIL,True,4,3,1,0,13.18454,-1.971334,11168.553887,3185.872652,BREAKDOWN,1616.158386,18.852673
CASE_11807,FATIGUE_ZONE,STRENGTHENING,MEDIUM,MODERATE,HOLD,HOLD,True,2,0,0,2,65.504598,1.04306,6847.057518,3427.640873,GROWTH,3473.902668,79.0
CASE_11809,EXHAUSTED_ZONE,DEGRADING,MEDIUM,MODERATE,FAIL,FAIL,True,2,0,2,0,18.988477,-1.32471,6151.669629,4045.005054,BREAKDOWN,5146.28705,18.584048
CASE_11818,EXHAUSTED_ZONE,TERMINAL,MEDIUM,MODERATE,FAIL,FAIL,True,2,1,1,0,14.254495,-6.290315,5750.090616,3690.28246,BREAKDOWN,3860.141992,19.212662
CASE_11822,FATIGUE_ZONE,STRENGTHENING,MEDIUM,MODERATE,HOLD,HOLD,True,2,0,0,2,75.142857,15.428571,4862.379767,2451.139101,GROWTH,729.779208,79.0
CASE_11835,EXHAUSTED_ZONE,TERMINAL,HIGH,STRONG,FAIL,FAIL,True,4,1,2,0,13.775832,-1.113956,11316.67114,3214.130069,BREAKDOWN,542.086871,19.978855
CASE_11836,EXHAUSTED_ZONE,TERMINAL,HIGH,STRONG,FAIL,FAIL,True,3,1,2,0,15.897337,-2.528545,9710.696563,3749.857748,BREAKDOWN,3712.917385,14.524655
CASE_11837,FATIGUE_ZONE,STRENGTHENING,MEDIUM,MODERATE,HOLD,HOLD,True,2,0,0,2,71.513761,1.541284,3384.650646,2676.536936,GROWTH,2495.10297,79.0
CASE_11844,FATIGUE_ZONE,STRENGTHENING,HIGH,STRONG,HOLD,HOLD,True,4,0,0,4,74.294118,5.016933,8365.337281,2839.326742,GROWTH,2396.098105,79.0
CASE_11845,RECOVERED_ZONE,STRENGTHENING,HIGH,STRONG,HOLD,HOLD,True,3,0,0,3,106.219327,5.465237,16118.736201,6253.249554,GROWTH,4990.759312,116.0
CASE_11851,EXHAUSTED_ZONE,TERMINAL,HIGH,STRONG,FAIL,FAIL,True,4,2,2,0,14.190011,-2.000768,24521.868997,8701.773864,BREAKDOWN,4649.607314,18.700285
CASE_11855,EXHAUSTED_ZONE,TERMINAL,HIGH,STRONG,FAIL,FAIL,True,4,4,0,0,17.404314,0.413217,35220.982414,14016.416758,BREAKDOWN,6837.012136,18.635205
CASE_11858,EXHAUSTED_ZONE,TERMINAL,HIGH,STRONG,FAIL,FAIL,True,3,1,2,0,17.047455,-0.849792,14472.584709,5196.910198,BREAKDOWN,3513.246793,16.985827
CASE_11865,EXHAUSTED_ZONE,TERMINAL,MEDIUM,MODERATE,FAIL,FAIL,True,2,1,1,0,16.783457,-2.537772,8781.797114,4851.5225,BREAKDOWN,3548.801565,18.477709
CASE_11868,EXHAUSTED_ZONE,TERMINAL,MEDIUM,MODERATE,FAIL,FAIL,True,2,2,0,0,16.685442,0.143205,10155.23358,5419.842584,BREAKDOWN,2649.887991,19.542948
CASE_11871,EXHAUSTED_ZONE,TERMINAL,HIGH,STRONG,FAIL,FAIL,True,5,2,2,0,16.756901,-0.84692,24014.185403,5401.199461,BREAKDOWN,1312.374585,15.86477
CASE_11872,EXHAUSTED_ZONE,TERMINAL,HIGH,STRONG,FAIL,FAIL,True,3,2,1,0,14.108006,-2.696312,13697.771279,5533.043825,BREAKDOWN,5234.632909,17.886496
CASE_11876,ELASTIC_ZONE,STRENGTHENING,HIGH,STRONG,HOLD,HOLD,True,6,0,0,6,71.839388,3.518443,14313.973806,3515.545429,GROWTH,1642.107047,79.0
CASE_11877,RECOVERED_ZONE,STRENGTHENING,HIGH,STRONG,HOLD,HOLD,True,3,0,0,3,99.561089,3.057276,13448.043883,4598.824786,GROWTH,4032.300268,109.0
CASE_11879,FATIGUE_ZONE,STRENGTHENING,HIGH,STRONG,HOLD,HOLD,True,4,0,0,4,76.669903,5.219417,7746.051097,2798.15169,GROWTH,442.55244,79.0
CASE_11882,EXHAUSTED_ZONE,TERMINAL,HIGH,STRONG,FAIL,FAIL,True,4,1,3,0,16.114272,-1.139183,16806.035796,4953.127621,BREAKDOWN,4444.404585,19.982499
CASE_11887,EXHAUSTED_ZONE,DEGRADING,HIGH,STRONG,FAIL,FAIL,True,3,0,3,0,16.18813,-2.023865,19143.648038,7041.72131,BREAKDOWN,4856.643942,13.601065
CASE_11889,RECOVERED_ZONE,STRENGTHENING,HIGH,STRONG,HOLD,HOLD,True,4,0,0,4,112.941176,4.846317,22278.028359,6640.887814,GROWTH,1215.984184,116.0
CASE_11892,EXHAUSTED_ZONE,TERMINAL,HIGH,STRONG,FAIL,FAIL,True,5,3,2,0,19.221325,-0.557341,17030.970405,4343.312248,BREAKDOWN,1602.239296,17.613115
CASE_11896,FATIGUE_ZONE,STRENGTHENING,HIGH,STRONG,HOLD,HOLD,True,5,0,0,5,76.086152,4.259382,11635.030101,2739.564436,GROWTH,1528.684749,79.0
CASE_11920,EXHAUSTED_ZONE,TERMINAL,MEDIUM,MODERATE,FAIL,FAIL,True,2,2,0,0,16.749691,-2.527653,12549.206713,6847.959801,BREAKDOWN,8591.0476,20.024845
CASE_11922,FATIGUE_ZONE,STRENGTHENING,HIGH,STRONG,HOLD,HOLD,True,5,0,0,5,75.0,4.352941,15883.096649,5764.933326,GROWTH,3149.376432,79.0
CASE_11924,RECOVERED_ZONE,STRENGTHENING,HIGH,STRONG,HOLD,HOLD,True,5,0,0,5,105.673267,5.251485,31904.209489,10712.386345,GROWTH,11863.619959,108.046617
CASE_11932,EXHAUSTED_ZONE,TERMINAL,MEDIUM,MODERATE,FAIL,FAIL,True,2,1,1,0,17.661679,-1.654348,7942.801359,5219.149446,BREAKDOWN,2521.559957,16.238122
CASE_11933,EXHAUSTED_ZONE,TERMINAL,HIGH,STRONG,FAIL,FAIL,True,6,1,4,0,18.074726,-0.602737,19282.624546,5276.240836,BREAKDOWN,3914.578963,16.934894
CASE_11940,FATIGUE_ZONE,STRENGTHENING,HIGH,STRONG,HOLD,HOLD,True,5,0,0,5,75.941176,4.875269,9765.091335,2446.849912,GROWTH,2210.161314,77.565836
CASE_11942,FATIGUE_ZONE,STRENGTHENING,HIGH,STRONG,HOLD,HOLD,True,4,0,0,4,70.692308,4.862509,8427.407709,3101.370685,GROWTH,2800.575204,79.0
CASE_11972,FATIGUE_ZONE,STRENGTHENING,MEDIUM,MODERATE,HOLD,HOLD,True,2,0,0,2,73.746566,10.998381,3396.74239,1727.93233,GROWTH,1643.939957,79.0
CASE_11985,FATIGUE_ZONE,STRENGTHENING,MEDIUM,MODERATE,HOLD,HOLD,True,2,0,0,2,62.929961,4.674982,5193.911444,2636.990976,GROWTH,2854.548563,77.702705
CASE_11993,RECOVERED_ZONE,STRENGTHENING,HIGH,STRONG,HOLD,HOLD,True,4,0,0,4,105.142942,5.221644,17365.653337,4639.999029,GROWTH,4806.783471,104.392095
CASE_11997,ELASTIC_ZONE,STRENGTHENING,HIGH,STRONG,HOLD,HOLD,True,5,0,0,5,66.450581,2.155201,9376.484793,1906.838381,GROWTH,2148.314677,77.833436
CASE_12000,RECOVERED_ZONE,STRENGTHENING,HIGH,STRONG,HOLD,HOLD,True,3,0,0,3,100.632024,7.593841,15380.157873,6174.821983,GROWTH,4641.740232,109.0
CASE_12010,RECOVERED_ZONE,STRENGTHENING,HIGH,STRONG,HOLD,HOLD,True,6,0,0,6,105.470588,3.636975,14290.650656,2965.561203,GROWTH,2452.487607,105.782425
CASE_12014,EXHAUSTED_ZONE,TERMINAL,HIGH,STRONG,FAIL,FAIL,True,6,4,1,0,15.246319,-1.250599,10738.703675,2291.819222,BREAKDOWN,2459.000884,19.707116
CASE_12023,EXHAUSTED_ZONE,TERMINAL,HIGH,STRONG,FAIL,FAIL,True,3,1,2,0,26.155344,0.15108,5833.366177,2213.08959,BREAKDOWN,2103.201173,30.592404
CASE_12024,EXHAUSTED_ZONE,STABLE,HIGH,STRONG,HOLD,FAIL,False,3,0,3,0,26.170325,0.259598,5919.435898,2320.798951,BREAKDOWN,2180.198741,29.773807
CASE_12028,RECOVERED_ZONE,STRENGTHENING,HIGH,STRONG,HOLD,HOLD,True,5,0,0,5,105.970874,5.341205,18107.884345,5871.533785,GROWTH,5557.008861,107.73369
CASE_12029,FATIGUE_ZONE,STRENGTHENING,HIGH,STRONG,HOLD,HOLD,True,4,0,0,4,74.247525,5.689696,4831.510516,1567.017904,GROWTH,2048.197461,74.742096
CASE_12042,EXHAUSTED_ZONE,DEGRADING,MEDIUM,MODERATE,FAIL,FAIL,True,2,0,2,0,14.971221,-4.509904,6677.615299,3378.802168,BREAKDOWN,3054.972359,18.720927
CASE_12045,EXHAUSTED_ZONE,TERMINAL,HIGH,STRONG,FAIL,FAIL,True,3,1,1,0,12.321698,-4.239151,9780.437193,3749.416728,BREAKDOWN,3110.859375,11.876235
CASE_12047,FATIGUE_ZONE,STRENGTHENING,MEDIUM,MODERATE,HOLD,HOLD,True,2,0,0,2,72.362683,13.085455,4431.525441,2363.434726,GROWTH,2101.53313,79.0
CASE_12049,RECOVERED_ZONE,STRENGTHENING,MEDIUM,MODERATE,HOLD,HOLD,True,2,0,0,2,106.669903,7.082125,8645.175706,4672.796183,GROWTH,3742.147359,108.605694
CASE_12071,FATIGUE_ZONE,STRENGTHENING,HIGH,STRONG,HOLD,HOLD,True,3,0,0,3,71.153846,5.423077,10265.270002,3517.630199,GROWTH,3327.011418,79.0
CASE_12079,EXHAUSTED_ZONE,DEGRADING,HIGH,STRONG,FAIL,FAIL,True,3,0,2,0,15.946093,-1.081469,9922.641106,3629.540472,BREAKDOWN,2273.790905,16.409899
CASE_12080,EXHAUSTED_ZONE,DEGRADING,HIGH,STRONG,FAIL,FAIL,True,3,0,2,0,16.180016,-0.745156,9938.037097,3635.171997,BREAKDOWN,3289.818271,11.575058
CASE_12081,FATIGUE_ZONE,STRENGTHENING,HIGH,STRONG,HOLD,HOLD,True,4,0,0,4,72.924516,4.982395,7112.957325,2492.325572,GROWTH,1556.117708,79.0
CASE_12084,EXHAUSTED_ZONE,TERMINAL,HIGH,STRONG,FAIL,FAIL,True,3,2,1,0,17.535319,-0.20657,23114.428608,8401.688183,BREAKDOWN,3558.281164,18.862443
CASE_12091,FATIGUE_ZONE,STRENGTHENING,HIGH,STRONG,HOLD,HOLD,True,4,0,0,4,68.811055,3.246199,10786.791675,2830.599926,GROWTH,2768.706858,79.0
CASE_12092,EXHAUSTED_ZONE,DEGRADING,HIGH,STRONG,FAIL,HOLD,False,4,0,2,0,14.351343,-2.386224,14716.747468,4489.281585,RECLAIM,5184.062921,15.206596
CASE_12093,FATIGUE_ZONE,STRENGTHENING,HIGH,STRONG,HOLD,HOLD,True,3,0,0,3,71.941176,8.030117,6685.223225,2347.044702,GROWTH,2628.997808,77.556185
CASE_12114,EXHAUSTED_ZONE,TERMINAL,MEDIUM,MODERATE,FAIL,FAIL,True,2,1,1,0,13.284484,-5.0355,16723.77327,9033.471474,BREAKDOWN,8482.390131,12.506918
CASE_12139,EXHAUSTED_ZONE,TERMINAL,HIGH,STRONG,FAIL,FAIL,True,3,1,1,0,14.959235,-2.466585,11058.290785,4798.745473,BREAKDOWN,2909.064076,18.534838
CASE_12142,RECOVERED_ZONE,STRENGTHENING,HIGH,STRONG,HOLD,HOLD,True,4,0,0,4,105.470588,5.893802,11825.576605,6171.160789,GROWTH,8141.673346,106.893494
CASE_12157,EXHAUSTED_ZONE,TERMINAL,MEDIUM,MODERATE,FAIL,FAIL,True,2,1,1,0,16.166247,-2.36065,9471.504855,4867.318595,BREAKDOWN,4032.739879,17.462075
CASE_12159,EXHAUSTED_ZONE,TERMINAL,HIGH,STRONG,FAIL,FAIL,True,3,1,2,0,19.050112,-1.012738,10936.133415,5109.498669,BREAKDOWN,4781.365708,11.547329
CASE_12175,FATIGUE_ZONE,STRENGTHENING,MEDIUM,MODERATE,HOLD,HOLD,True,2,0,0,2,60.672587,4.420413,3358.136268,2615.17365,GROWTH,2665.492701,79.0
CASE_12182,EXHAUSTED_ZONE,DEGRADING,HIGH,STRONG,FAIL,FAIL,True,3,0,2,0,15.598832,-1.258876,12499.209252,4497.416608,BREAKDOWN,4038.267521,18.601109
CASE_12187,ELASTIC_ZONE,STRENGTHENING,MEDIUM,MODERATE,HOLD,HOLD,True,2,0,0,2,75.910891,2.851485,4582.541822,2386.763896,GROWTH,1122.992819,79.0
CASE_12190,EXHAUSTED_ZONE,DEGRADING,MEDIUM,MODERATE,FAIL,FAIL,True,2,0,2,0,14.900892,-1.889548,5924.883037,3128.047486,BREAKDOWN,3089.89566,17.493978
CASE_12193,RECOVERED_ZONE,STRENGTHENING,HIGH,STRONG,HOLD,HOLD,True,3,0,0,3,105.477064,8.425173,11084.990174,4246.677072,GROWTH,1517.981708,109.0
CASE_12196,EXHAUSTED_ZONE,TERMINAL,MEDIUM,MODERATE,FAIL,FAIL,True,2,1,1,0,18.385688,0.079635,6194.281258,3391.703027,BREAKDOWN,2094.891359,17.794454
CASE_12199,FATIGUE_ZONE,STRENGTHENING,MEDIUM,MODERATE,HOLD,HOLD,True,2,0,0,2,75.459016,18.885246,4411.715642,2297.902017,GROWTH,625.493361,79.0
CASE_12201,EXHAUSTED_ZONE,DEGRADING,HIGH,STRONG,FAIL,FAIL,True,3,0,3,0,15.698335,-2.72854,7256.139334,2578.090634,BREAKDOWN,3529.152809,12.098945
CASE_12202,RECOVERED_ZONE,STRENGTHENING,HIGH,STRONG,HOLD,HOLD,True,3,0,0,3,94.655602,1.735257,9904.054858,3462.454443,GROWTH,5066.865862,109.0
CASE_12203,FATIGUE_ZONE,STRENGTHENING,HIGH,STRONG,HOLD,HOLD,True,3,0,0,3,74.068826,8.566471,4172.690492,1664.499933,GROWTH,1051.195645,79.0
CASE_12204,EXHAUSTED_ZONE,TERMINAL,HIGH,STRONG,FAIL,FAIL,True,4,2,2,0,16.329045,-1.239896,9540.05324,3475.591483,BREAKDOWN,2938.15417,16.927233
CASE_12222,RECOVERED_ZONE,STRENGTHENING,HIGH,STRONG,HOLD,HOLD,True,4,0,0,4,104.615385,5.192681,22868.588298,7143.805107,GROWTH,7217.098597,109.0
CASE_12223,RECOVERED_ZONE,STRENGTHENING,HIGH,STRONG,HOLD,HOLD,True,4,0,0,4,104.058824,5.317647,22795.706171,7945.129629,GROWTH,9730.327235,109.0
CASE_12242,EXHAUSTED_ZONE,TERMINAL,MEDIUM,MODERATE,FAIL,FAIL,True,2,2,0,0,16.115607,-0.350964,14024.315673,7155.870347,BREAKDOWN,6150.300678,11.545289
CASE_12244,EXHAUSTED_ZONE,DEGRADING,HIGH,STRONG,FAIL,FAIL,True,5,0,5,0,13.156723,-1.725619,24374.694057,5499.755117,BREAKDOWN,4219.546057,18.912627
CASE_12255,RECOVERED_ZONE,STRENGTHENING,MEDIUM,MODERATE,HOLD,HOLD,True,2,0,0,2,97.582524,5.906882,14395.457416,7528.995861,GROWTH,8165.487418,109.0
CASE_12269,FATIGUE_ZONE,STRENGTHENING,MEDIUM,MODERATE,HOLD,HOLD,True,2,0,0,2,74.91613,11.709866,4940.871491,2530.989996,GROWTH,1482.192611,79.0
CASE_12282,EXHAUSTED_ZONE,TERMINAL,HIGH,STRONG,FAIL,FAIL,True,3,1,2,0,16.753247,-1.004505,14107.012505,5032.87399,BREAKDOWN,3616.950089,17.004211
CASE_12284,FATIGUE_ZONE,STRENGTHENING,HIGH,STRONG,HOLD,HOLD,True,3,0,0,3,63.856032,3.002273,6737.49281,2409.437615,GROWTH,2279.449039,78.839253
CASE_12287,EXHAUSTED_ZONE,DEGRADING,MEDIUM,MODERATE,FAIL,FAIL,True,2,0,2,0,15.819718,-3.018117,7968.443117,4089.236291,BREAKDOWN,4239.350053,14.022286
CASE_12289,FATIGUE_ZONE,STRENGTHENING,MEDIUM,MODERATE,HOLD,HOLD,True,2,0,0,2,68.606299,11.234449,6378.444337,3311.706327,GROWTH,2671.633862,79.0
CASE_12300,EXHAUSTED_ZONE,TERMINAL,HIGH,STRONG,FAIL,FAIL,True,3,1,2,0,19.456638,-0.453456,10531.559511,4969.130564,BREAKDOWN,4802.142343,17.420176
CASE_12305,RECOVERED_ZONE,STRENGTHENING,HIGH,STRONG,HOLD,HOLD,True,3,0,0,3,101.470588,6.705882,14960.081126,7149.215295,GROWTH,7679.700001,109.0
CASE_12317,FATIGUE_ZONE,STRENGTHENING,HIGH,STRONG,HOLD,HOLD,True,4,0,0,4,72.307692,4.60495,11061.39489,2996.791026,GROWTH,2851.041786,79.0
CASE_12340,FATIGUE_ZONE,STRENGTHENING,MEDIUM,MODERATE,HOLD,HOLD,True,2,0,0,2,72.001785,11.536438,3646.769777,1920.620224,GROWTH,2021.51159,78.294042
CASE_12342,EXHAUSTED_ZONE,TERMINAL,HIGH,STRONG,FAIL,FAIL,True,3,2,1,0,16.269146,-2.028855,8096.457801,2822.959951,BREAKDOWN,595.123177,18.253655
CASE_12343,RECOVERED_ZONE,STRENGTHENING,HIGH,STRONG,HOLD,HOLD,True,4,0,0,4,112.910891,4.633663,12236.552362,3240.585509,GROWTH,525.785589,116.0
CASE_12364,EXHAUSTED_ZONE,TERMINAL,HIGH,STRONG,FAIL,FAIL,True,4,1,3,0,13.820679,-2.010252,32859.705881,10679.31497,BREAKDOWN,11249.812059,13.584469
CASE_12372,RECOVERED_ZONE,STRENGTHENING,HIGH,STRONG,HOLD,HOLD,True,4,0,0,4,109.475728,4.986408,15703.694816,4921.062987,GROWTH,3495.240649,116.0
CASE_12378,FATIGUE_ZONE,STRENGTHENING,MEDIUM,MODERATE,HOLD,HOLD,True,2,0,0,2,64.419975,6.419975,6228.521692,4163.532734,GROWTH,3855.435879,79.0
CASE_12397,EXHAUSTED_ZONE,TERMINAL,MEDIUM,MODERATE,FAIL,FAIL,True,2,1,1,0,16.657065,-1.849777,7833.558104,3923.080614,BREAKDOWN,3987.928135,17.412487
CASE_12420,RECOVERED_ZONE,STRENGTHENING,HIGH,STRONG,HOLD,HOLD,True,4,0,0,4,107.384615,6.138461,7891.946965,3975.128285,GROWTH,1363.568147,109.0
CASE_12421,EXHAUSTED_ZONE,TERMINAL,HIGH,STRONG,FAIL,FAIL,True,5,3,2,0,17.006117,-1.171995,9894.389308,3498.229354,BREAKDOWN,2421.480785,9.953311
CASE_12422,FATIGUE_ZONE,STRENGTHENING,HIGH,STRONG,HOLD,HOLD,True,4,0,0,4,74.384615,4.76606,6514.942554,2540.616616,GROWTH,1758.6195,77.881553
CASE_12430,EXHAUSTED_ZONE,TERMINAL,HIGH,STRONG,FAIL,FAIL,True,5,3,2,0,17.77635,-0.53374,15091.056361,4318.290816,BREAKDOWN,819.561588,19.114299
CASE_12446,EXHAUSTED_ZONE,DEGRADING,MEDIUM,MODERATE,FAIL,FAIL,True,2,0,2,0,18.36253,-1.776238,3787.84893,2509.731387,BREAKDOWN,2691.617987,11.949402
CASE_12449,EXHAUSTED_ZONE,TERMINAL,MEDIUM,MODERATE,FAIL,FAIL,True,2,2,0,0,15.237333,-1.464784,5388.439485,2796.894286,BREAKDOWN,2316.231148,19.274561
CASE_12460,EXHAUSTED_ZONE,TERMINAL,HIGH,STRONG,FAIL,FAIL,True,3,2,1,0,18.396498,-0.790788,12578.96431,5658.835823,BREAKDOWN,1313.644913,19.222203
CASE_12461,EXHAUSTED_ZONE,DEGRADING,HIGH,STRONG,FAIL,FAIL,True,3,0,3,0,14.319596,-2.852195,6605.489733,2289.037654,BREAKDOWN,2241.360929,15.519131
CASE_12463,RECOVERED_ZONE,STRENGTHENING,HIGH,STRONG,HOLD,HOLD,True,6,0,0,6,107.352941,4.033613,21017.082692,4976.679508,GROWTH,1346.439332,109.0
CASE_12481,EXHAUSTED_ZONE,DEGRADING,HIGH,STRONG,FAIL,FAIL,True,4,0,4,0,11.511892,-2.402446,9710.039236,2769.940748,BREAKDOWN,1616.572847,13.489676
CASE_12485,FATIGUE_ZONE,STRENGTHENING,HIGH,STRONG,HOLD,HOLD,True,7,0,0,7,76.056604,3.729736,9454.021566,1900.681026,GROWTH,109.676312,79.0
CASE_12522,EXHAUSTED_ZONE,DEGRADING,HIGH,STRONG,FAIL,FAIL,True,3,0,3,0,13.079571,-3.263372,16473.1796,6703.566399,BREAKDOWN,5608.075856,14.262873
CASE_12523,FATIGUE_ZONE,STRENGTHENING,HIGH,STRONG,HOLD,HOLD,True,3,0,0,3,72.917613,5.553942,6880.667575,2438.622115,GROWTH,2278.499631,79.0
CASE_12529,FATIGUE_ZONE,STRENGTHENING,HIGH,STRONG,HOLD,HOLD,True,5,0,0,5,72.232434,3.956043,13973.180672,3989.891179,GROWTH,1994.540264,78.882446
CASE_12538,EXHAUSTED_ZONE,TERMINAL,MEDIUM,MODERATE,FAIL,FAIL,True,2,1,1,0,19.047048,-0.712553,9465.18096,5046.877431,BREAKDOWN,4915.232513,18.085111
CASE_12539,EXHAUSTED_ZONE,DEGRADING,MEDIUM,MODERATE,FAIL,FAIL,True,2,0,2,0,19.466803,-1.042165,8380.484476,5321.243441,BREAKDOWN,5104.678087,17.968367
CASE_12556,ELASTIC_ZONE,STRENGTHENING,HIGH,STRONG,HOLD,HOLD,True,5,0,0,5,74.960396,2.861802,19751.320109,5001.840024,GROWTH,5590.440949,77.078475
CASE_12557,FATIGUE_ZONE,STRENGTHENING,HIGH,STRONG,HOLD,HOLD,True,4,0,0,4,74.058824,3.885815,13748.498877,4148.487886,GROWTH,4774.369426,76.919864
CASE_12567,FATIGUE_ZONE,STRENGTHENING,HIGH,STRONG,HOLD,HOLD,True,4,0,0,4,74.960396,5.851131,15888.067946,6281.480055,GROWTH,1433.074232,79.0
CASE_12573,RECOVERED_ZONE,STRENGTHENING,HIGH,STRONG,HOLD,HOLD,True,5,0,0,5,104.294118,4.470588,36099.054973,9663.805649,GROWTH,5125.507991,109.0
CASE_12581,RECOVERED_ZONE,STRENGTHENING,HIGH,STRONG,HOLD,HOLD,True,3,0,0,3,105.435644,6.059406,21405.027988,11323.260924,GROWTH,4536.558016,109.0
CASE_12585,FATIGUE_ZONE,STRENGTHENING,HIGH,STRONG,HOLD,HOLD,True,4,0,0,4,77.153846,4.5,8734.431963,2889.04693,GROWTH,259.263984,79.0
CASE_12595,EXHAUSTED_ZONE,TERMINAL,HIGH,STRONG,FAIL,FAIL,True,3,2,1,0,16.17246,-1.086677,25575.555192,10264.491496,BREAKDOWN,10724.703498,13.788903
CASE_12596,FATIGUE_ZONE,STRENGTHENING,HIGH,STRONG,HOLD,HOLD,True,4,0,0,4,75.22004,5.797336,15390.686425,4331.457561,GROWTH,2540.779875,79.0
CASE_12605,EXHAUSTED_ZONE,TERMINAL,HIGH,STRONG,FAIL,FAIL,True,3,3,0,0,15.867303,-0.020296,17911.848715,7503.874787,BREAKDOWN,6113.719878,19.316903
CASE_12624,FATIGUE_ZONE,STRENGTHENING,HIGH,STRONG,HOLD,HOLD,True,4,0,0,4,76.230769,4.214023,8911.253764,3084.199426,GROWTH,504.80206,79.0
CASE_12625,EXHAUSTED_ZONE,TERMINAL,HIGH,STRONG,FAIL,FAIL,True,4,2,1,0,16.821172,-1.163502,13736.434006,4585.767697,BREAKDOWN,1793.515448,19.514019
CASE_12640,FATIGUE_ZONE,STRENGTHENING,HIGH,STRONG,HOLD,HOLD,True,3,0,0,3,75.727273,2.727273,10342.442082,4381.813033,GROWTH,459.047899,79.0
CASE_12641,FATIGUE_ZONE,STRENGTHENING,HIGH,STRONG,HOLD,HOLD,True,5,0,0,5,76.148515,4.30099,17083.929266,4951.651061,GROWTH,2771.313276,79.0
CASE_12645,FATIGUE_ZONE,STRENGTHENING,HIGH,STRONG,HOLD,HOLD,True,4,0,0,4,71.158416,4.605149,8657.656428,2837.477063,GROWTH,2917.930168,79.0
CASE_12648,FATIGUE_ZONE,STRENGTHENING,HIGH,STRONG,HOLD,HOLD,True,4,0,0,4,67.679245,3.622642,9298.026505,2834.17232,GROWTH,2914.531752,79.0
CASE_12651,RECOVERED_ZONE,STRENGTHENING,MEDIUM,MODERATE,HOLD,HOLD,True,2,0,0,2,106.104099,17.064495,12997.979786,7880.313376,GROWTH,5345.726978,109.0
CASE_12652,EXHAUSTED_ZONE,TERMINAL,HIGH,STRONG,FAIL,FAIL,True,5,3,1,0,16.239506,-0.632026,12622.928038,4161.464905,BREAKDOWN,5025.9672,12.639667
CASE_12676,FATIGUE_ZONE,STRENGTHENING,HIGH,STRONG,HOLD,HOLD,True,3,0,0,3,71.216216,3.386285,7968.890726,3106.165819,GROWTH,1720.732216,79.0
CASE_12678,FATIGUE_ZONE,STRENGTHENING,HIGH,STRONG,HOLD,HOLD,True,3,0,0,3,66.303984,2.175356,9451.334309,3882.882271,GROWTH,3843.625867,79.0
CASE_12680,EXHAUSTED_ZONE,DEGRADING,HIGH,STRONG,FAIL,FAIL,True,3,0,3,0,18.807023,-0.866177,8579.056635,3622.56641,BREAKDOWN,5728.927742,16.770274
CASE_12681,EXHAUSTED_ZONE,STABLE,MEDIUM,MODERATE,HOLD,FAIL,False,2,0,2,0,20.214359,-0.352479,3812.747089,1954.611405,BREAKDOWN,6140.247469,10.624637
CASE_12705,EXHAUSTED_ZONE,TERMINAL,MEDIUM,MODERATE,FAIL,FAIL,True,2,1,1,0,14.800506,-4.382863,5989.53077,3045.381517,BREAKDOWN,841.314667,18.9311
CASE_12716,RECOVERED_ZONE,STRENGTHENING,HIGH,STRONG,HOLD,HOLD,True,4,0,0,4,112.830189,2.516656,16382.548643,5314.77753,GROWTH,3736.083338,116.0
CASE_12726,RECOVERED_ZONE,STRENGTHENING,HIGH,STRONG,HOLD,HOLD,True,6,0,0,6,104.960396,3.475061,39757.010935,8174.990753,GROWTH,4166.612241,109.0
CASE_12727,RECOVERED_ZONE,STRENGTHENING,HIGH,STRONG,HOLD,HOLD,True,6,0,0,6,104.247525,3.477948,39940.961288,8212.81533,GROWTH,4197.408447,109.0
CASE_12728,RECOVERED_ZONE,STRENGTHENING,HIGH,STRONG,HOLD,HOLD,True,6,0,0,6,102.307692,2.607133,38596.469208,8041.784637,GROWTH,2385.018468,109.0
CASE_12731,FATIGUE_ZONE,STRENGTHENING,HIGH,STRONG,HOLD,HOLD,True,5,0,0,5,67.597426,2.837172,18667.30349,4084.565435,GROWTH,2494.746314,79.0
CASE_12734,EXHAUSTED_ZONE,TERMINAL,HIGH,STRONG,FAIL,FAIL,True,4,3,1,0,17.162953,-0.844226,14059.036032,4381.659275,BREAKDOWN,941.100575,17.210591
CASE_12737,FATIGUE_ZONE,STRENGTHENING,HIGH,STRONG,HOLD,HOLD,True,3,0,0,3,72.200763,5.942811,9271.210277,3141.737268,GROWTH,3195.045379,79.0
CASE_12742,EXHAUSTED_ZONE,TERMINAL,HIGH,STRONG,FAIL,FAIL,True,4,2,2,0,17.034647,-0.314306,14038.223059,4448.37211,BREAKDOWN,1035.878106,17.708845
CASE_12743,RECOVERED_ZONE,STRENGTHENING,HIGH,STRONG,HOLD,HOLD,True,5,0,0,5,112.970874,4.561631,27188.278467,6768.299501,GROWTH,2356.032792,116.0
CASE_12744,FATIGUE_ZONE,STRENGTHENING,HIGH,STRONG,HOLD,HOLD,True,4,0,0,4,76.176471,3.927353,7303.096634,2309.161537,GROWTH,863.818801,79.0
CASE_12746,EXHAUSTED_ZONE,TERMINAL,HIGH,STRONG,FAIL,FAIL,True,4,1,3,0,16.508202,-1.412096,16005.3405,5150.924663,BREAKDOWN,4880.959776,10.152669
CASE_12750,RECOVERED_ZONE,STRENGTHENING,MEDIUM,MODERATE,HOLD,HOLD,True,2,0,0,2,94.786408,6.757282,6463.07248,4508.652816,GROWTH,4806.111126,109.0
CASE_12753,EXHAUSTED_ZONE,TERMINAL,HIGH,STRONG,FAIL,FAIL,True,3,1,2,0,13.007549,-3.709583,10413.649607,3996.574734,BREAKDOWN,821.663762,17.457249
CASE_12768,FATIGUE_ZONE,STRENGTHENING,HIGH,STRONG,HOLD,HOLD,True,3,0,0,3,65.076336,4.854962,7882.072922,2996.959097,GROWTH,2402.092572,79.0
CASE_12794,EXHAUSTED_ZONE,DEGRADING,MEDIUM,MODERATE,FAIL,FAIL,True,2,0,2,0,14.064255,-1.982602,11246.633612,5676.687854,BREAKDOWN,5504.043231,14.791269
CASE_12800,RECOVERED_ZONE,STRENGTHENING,HIGH,STRONG,HOLD,HOLD,True,3,0,0,3,95.092019,1.569374,17180.171317,7308.406071,GROWTH,6925.06399,109.0
CASE_12801,EXHAUSTED_ZONE,DEGRADING,MEDIUM,MODERATE,FAIL,FAIL,True,2,0,2,0,18.778701,-1.088809,9577.844736,5474.364601,BREAKDOWN,5463.34809,18.397444
CASE_12809,EXHAUSTED_ZONE,TERMINAL,HIGH,STRONG,FAIL,FAIL,True,3,1,2,0,16.612421,-1.883476,12934.115749,5417.002638,BREAKDOWN,3462.845881,15.293677
CASE_12814,EXHAUSTED_ZONE,TERMINAL,HIGH,STRONG,FAIL,FAIL,True,4,1,3,0,17.088,-1.121961,14480.391033,3731.952758,BREAKDOWN,4345.319779,15.488921
CASE_12834,RECOVERED_ZONE,STRENGTHENING,HIGH,STRONG,HOLD,HOLD,True,4,0,0,4,101.458781,4.310277,17961.22648,5455.399209,GROWTH,2820.034609,109.0
CASE_12836,EXHAUSTED_ZONE,TERMINAL,HIGH,STRONG,FAIL,FAIL,True,3,1,2,0,17.256728,-1.731801,8757.35669,3255.444417,BREAKDOWN,3600.405775,13.976163
CASE_12837,EXHAUSTED_ZONE,TERMINAL,HIGH,STRONG,FAIL,FAIL,True,4,2,1,0,16.316038,-1.571276,10234.5223,3758.042671,BREAKDOWN,2064.762241,20.25789
CASE_12844,RIGID_ZONE,STABLE,MEDIUM,MODERATE,HOLD,HOLD,True,2,0,2,0,76.697108,-0.126498,10589.006659,6033.23862,ABSORPTION,414.79939,76.644366
CASE_12851,FATIGUE_ZONE,STRENGTHENING,HIGH,STRONG,HOLD,HOLD,True,3,0,0,3,69.257426,6.29703,3900.772497,2237.873219,GROWTH,2220.334378,76.822339
CASE_12853,EXHAUSTED_ZONE,DEGRADING,MEDIUM,MODERATE,FAIL,HOLD,False,2,0,1,0,27.108516,0.710326,5432.683853,3931.451498,RECLAIM,4112.870631,30.284105
CASE_12857,EXHAUSTED_ZONE,TERMINAL,MEDIUM,MODERATE,FAIL,FAIL,True,2,1,1,0,16.940956,0.191715,11013.471115,5959.536488,BREAKDOWN,2594.129859,17.905292
CASE_12877,ELASTIC_ZONE,STRENGTHENING,MEDIUM,MODERATE,HOLD,HOLD,True,2,0,0,2,69.891947,2.110678,5002.900734,2782.741122,GROWTH,2600.137316,76.016857
CASE_12879,FATIGUE_ZONE,STRENGTHENING,MEDIUM,MODERATE,HOLD,HOLD,True,2,0,0,2,66.481148,2.067812,6276.620809,3378.853036,GROWTH,3390.675615,79.0
CASE_12880,FATIGUE_ZONE,STRENGTHENING,HIGH,STRONG,HOLD,HOLD,True,3,0,0,3,76.084112,7.401869,9032.272381,3184.478428,GROWTH,333.413465,79.0
CASE_12885,EXHAUSTED_ZONE,TERMINAL,HIGH,STRONG,FAIL,FAIL,True,4,3,1,0,13.805707,-1.986075,17188.828722,5922.030586,BREAKDOWN,4620.706869,13.40875
CASE_12888,FATIGUE_ZONE,STRENGTHENING,HIGH,STRONG,HOLD,HOLD,True,7,0,0,7,76.664851,2.49378,14566.479829,2865.797517,GROWTH,1002.524589,79.0
CASE_12891,EXHAUSTED_ZONE,TERMINAL,HIGH,STRONG,FAIL,FAIL,True,4,3,1,0,11.744207,-3.196824,18586.817232,6656.043537,BREAKDOWN,3494.132678,14.808055
CASE_12911,EXHAUSTED_ZONE,TERMINAL,MEDIUM,MODERATE,FAIL,FAIL,True,2,2,0,0,16.075777,0.651139,6863.233259,4040.032518,BREAKDOWN,876.863088,19.056699
CASE_12915,ELASTIC_ZONE,STRENGTHENING,HIGH,STRONG,HOLD,HOLD,True,4,0,0,4,110.594059,3.853117,16146.228134,5761.061778,GROWTH,5879.143208,122.0
CASE_12926,FATIGUE_ZONE,STRENGTHENING,HIGH,STRONG,HOLD,HOLD,True,5,0,0,5,72.009709,4.053874,6765.566321,2003.308251,GROWTH,1858.102841,79.0
CASE_12936,FATIGUE_ZONE,STRENGTHENING,HIGH,STRONG,HOLD,HOLD,True,4,0,0,4,70.413476,1.624043,7228.686594,2668.410345,GROWTH,1773.789619,79.0
CASE_12942,EXHAUSTED_ZONE,TERMINAL,MEDIUM,MODERATE,FAIL,FAIL,True,2,1,1,0,19.912668,0.301709,9956.796556,5584.267838,BREAKDOWN,3607.653116,19.525183
CASE_12946,EXHAUSTED_ZONE,TERMINAL,MEDIUM,MODERATE,FAIL,FAIL,True,2,1,1,0,16.921242,-3.330455,12333.526222,6893.086375,BREAKDOWN,6471.519789,19.471714
CASE_12971,FATIGUE_ZONE,STRENGTHENING,MEDIUM,MODERATE,HOLD,HOLD,True,2,0,0,2,73.823529,7.257595,6345.000094,3198.839735,GROWTH,2091.140557,79.0
CASE_12977,RECOVERED_ZONE,STRENGTHENING,HIGH,STRONG,HOLD,HOLD,True,3,0,0,3,100.61165,5.686686,11798.265976,4782.038186,GROWTH,5753.49589,108.228639
CASE_12979,FATIGUE_ZONE,STRENGTHENING,HIGH,STRONG,HOLD,HOLD,True,3,0,0,3,69.257426,5.63494,4029.432729,1724.245621,GROWTH,1843.775605,79.0
CASE_12980,FATIGUE_ZONE,STRENGTHENING,HIGH,STRONG,HOLD,HOLD,True,3,0,0,3,68.514563,5.606685,6504.249167,2712.485652,GROWTH,2981.154848,79.0
CASE_12981,FATIGUE_ZONE,STRENGTHENING,HIGH,STRONG,HOLD,HOLD,True,3,0,0,3,67.831683,5.65475,5864.290138,2433.468422,GROWTH,2807.184062,79.0
CASE_12982,EXHAUSTED_ZONE,TERMINAL,HIGH,STRONG,FAIL,FAIL,True,4,1,2,0,18.150674,-0.706427,10988.303442,4146.157012,BREAKDOWN,4782.895668,15.581851
CASE_12983,FATIGUE_ZONE,STRENGTHENING,HIGH,STRONG,HOLD,HOLD,True,3,0,0,3,65.415094,3.056603,4194.997945,2512.048173,GROWTH,2949.230085,77.893937
CASE_12993,EXHAUSTED_ZONE,TERMINAL,MEDIUM,MODERATE,FAIL,FAIL,True,2,1,1,0,13.713498,-6.313129,6179.013416,3103.04087,BREAKDOWN,3367.746299,11.204532
CASE_12997,EXHAUSTED_ZONE,TERMINAL,MEDIUM,MODERATE,FAIL,FAIL,True,2,1,1,0,16.386084,-2.630737,6507.692191,3268.727363,BREAKDOWN,3337.91323,12.291381
CASE_12999,EXHAUSTED_ZONE,DEGRADING,HIGH,STRONG,FAIL,FAIL,True,3,0,3,0,16.909675,-1.575635,9129.247964,3252.12231,BREAKDOWN,3467.734264,14.920888
CASE_13000,EXHAUSTED_ZONE,DEGRADING,HIGH,STRONG,FAIL,FAIL,True,3,0,3,0,17.239305,-1.64312,9214.425585,3282.465259,BREAKDOWN,3500.088919,15.72367
CASE_13010,RECOVERED_ZONE,STRENGTHENING,HIGH,STRONG,HOLD,HOLD,True,3,0,0,3,104.846154,5.884615,8830.178525,3600.565025,GROWTH,3945.093731,109.0
CASE_13014,FATIGUE_ZONE,STRENGTHENING,HIGH,STRONG,HOLD,HOLD,True,3,0,0,3,70.474847,7.624216,3543.528692,1419.461544,GROWTH,1649.021062,79.0
CASE_13035,EXHAUSTED_ZONE,TERMINAL,MEDIUM,MODERATE,FAIL,FAIL,True,2,1,1,0,15.212054,-0.451481,5764.462875,3051.819352,BREAKDOWN,3350.31185,11.557516
CASE_13037,EXHAUSTED_ZONE,TERMINAL,HIGH,STRONG,FAIL,FAIL,True,4,1,3,0,18.260778,-0.843671,13236.222437,4434.778018,BREAKDOWN,1624.684488,17.813373
CASE_13038,EXHAUSTED_ZONE,DEGRADING,HIGH,STRONG,FAIL,FAIL,True,3,0,3,0,18.660332,-0.561293,8171.831014,3251.667341,BREAKDOWN,2597.900964,17.726535
CASE_13042,EXHAUSTED_ZONE,TERMINAL,HIGH,STRONG,FAIL,FAIL,True,3,2,1,0,13.082493,-3.799699,6078.771564,2491.706299,BREAKDOWN,1790.623477,14.38828
CASE_13069,EXHAUSTED_ZONE,TERMINAL,HIGH,STRONG,FAIL,FAIL,True,3,1,2,0,13.717202,-2.207564,8967.701073,3126.211268,BREAKDOWN,3226.853199,17.551362
CASE_13072,EXHAUSTED_ZONE,TERMINAL,HIGH,STRONG,FAIL,FAIL,True,3,2,1,0,15.567129,-1.394284,11848.661997,4032.988186,BREAKDOWN,3698.185594,12.989579
CASE_13084,RECOVERED_ZONE,STRENGTHENING,MEDIUM,MODERATE,HOLD,HOLD,True,2,0,0,2,98.18718,4.106099,14879.554157,8678.105453,GROWTH,8654.988247,109.0
CASE_13085,EXHAUSTED_ZONE,TERMINAL,HIGH,STRONG,FAIL,FAIL,True,3,2,1,0,17.310956,-1.159862,17424.16604,6476.460097,BREAKDOWN,283.175861,17.976903
CASE_13090,FATIGUE_ZONE,STRENGTHENING,MEDIUM,MODERATE,HOLD,HOLD,True,2,0,0,2,73.29703,12.356436,6849.785617,3537.143743,GROWTH,2097.443474,79.0
CASE_13107,EXHAUSTED_ZONE,TERMINAL,MEDIUM,MODERATE,FAIL,FAIL,True,2,1,1,0,17.37783,1.5511,9113.779349,5454.160426,BREAKDOWN,6144.581792,12.144656
CASE_13113,EXHAUSTED_ZONE,DEGRADING,MEDIUM,MODERATE,FAIL,FAIL,True,2,0,2,0,17.32482,-2.495239,11186.512157,6123.336441,BREAKDOWN,6395.589618,15.892476
CASE_13115,RECOVERED_ZONE,STRENGTHENING,MEDIUM,MODERATE,HOLD,HOLD,True,2,0,0,2,105.19802,14.257426,13137.224938,8591.587265,GROWTH,3030.186823,109.0
CASE_13118,EXHAUSTED_ZONE,TERMINAL,MEDIUM,MODERATE,FAIL,FAIL,True,2,1,1,0,16.140604,-4.555991,9948.760194,8242.891397,BREAKDOWN,8450.346547,18.362842
CASE_13119,EXHAUSTED_ZONE,DEGRADING,MEDIUM,MODERATE,FAIL,FAIL,True,2,0,2,0,19.741993,-0.510472,4638.05445,3007.807924,BREAKDOWN,7287.920275,18.106863
CASE_13120,EXHAUSTED_ZONE,STABLE,MEDIUM,MODERATE,HOLD,FAIL,False,2,0,1,0,20.461164,-0.251665,3099.209395,2156.323048,BREAKDOWN,6482.674604,14.773049
CASE_13121,EXHAUSTED_ZONE,TERMINAL,MEDIUM,MODERATE,FAIL,FAIL,True,2,1,0,0,14.571452,-6.195553,7214.370556,6522.910477,BREAKDOWN,3002.487341,16.622968
CASE_13122,RECOVERED_ZONE,STRENGTHENING,HIGH,STRONG,HOLD,HOLD,True,3,0,0,3,101.941176,4.636712,18727.858084,6838.369766,GROWTH,5870.849377,109.0
CASE_13136,FATIGUE_ZONE,STRENGTHENING,MEDIUM,MODERATE,HOLD,HOLD,True,2,0,0,2,75.970874,3.029126,2819.794719,2030.526683,GROWTH,1216.223644,75.72286
CASE_13137,FATIGUE_ZONE,STRENGTHENING,HIGH,STRONG,HOLD,HOLD,True,3,0,0,3,74.151559,8.443704,4037.803631,2106.438085,GROWTH,1726.862856,73.355241
CASE_13139,EXHAUSTED_ZONE,TERMINAL,MEDIUM,MODERATE,FAIL,FAIL,True,2,2,0,0,16.258496,-0.583091,4339.624737,2845.974139,BREAKDOWN,2858.781779,19.141718
CASE_13168,EXHAUSTED_ZONE,TERMINAL,MEDIUM,MODERATE,FAIL,FAIL,True,2,1,1,0,11.446022,-5.250522,7697.217838,3923.055833,BREAKDOWN,3720.184078,9.285477
CASE_13193,EXHAUSTED_ZONE,TERMINAL,HIGH,STRONG,FAIL,FAIL,True,3,1,1,0,17.235353,-0.255953,16437.918357,9014.762269,BREAKDOWN,5548.645675,17.681475
CASE_13216,EXHAUSTED_ZONE,TERMINAL,HIGH,STRONG,FAIL,FAIL,True,4,2,2,0,19.064502,-0.229344,11294.658557,3296.402365,BREAKDOWN,3065.058088,12.414646
CASE_13220,EXHAUSTED_ZONE,TERMINAL,HIGH,STRONG,FAIL,FAIL,True,3,1,1,0,16.330503,-2.484749,6118.693063,3335.688238,BREAKDOWN,777.125109,18.092861
CASE_13224,FATIGUE_ZONE,STRENGTHENING,MEDIUM,MODERATE,HOLD,HOLD,True,2,0,0,2,69.685107,7.081147,4412.433473,2253.224978,GROWTH,1386.161595,78.524752
CASE_13226,EXHAUSTED_ZONE,TERMINAL,HIGH,STRONG,FAIL,FAIL,True,3,2,1,0,13.975771,-2.614509,11078.163216,4084.917508,BREAKDOWN,1403.956741,16.966084
CASE_13253,EXHAUSTED_ZONE,TERMINAL,HIGH,STRONG,FAIL,FAIL,True,3,2,1,0,15.139619,-2.059052,9144.059535,3158.760212,BREAKDOWN,3127.866072,10.66072
CASE_13256,EXHAUSTED_ZONE,TERMINAL,HIGH,STRONG,FAIL,FAIL,True,3,1,2,0,14.696407,-2.534399,10172.416957,3763.818341,BREAKDOWN,208.201891,16.679614
CASE_13264,EXHAUSTED_ZONE,DEGRADING,HIGH,STRONG,FAIL,FAIL,True,3,0,3,0,16.322828,-0.874777,10982.349656,3944.913877,BREAKDOWN,3039.159779,12.90969
CASE_13280,FATIGUE_ZONE,STRENGTHENING,MEDIUM,MODERATE,HOLD,HOLD,True,2,0,0,2,70.108882,15.108882,2232.496411,1732.324701,GROWTH,1747.792896,79.0
CASE_13281,EXHAUSTED_ZONE,TERMINAL,HIGH,STRONG,FAIL,FAIL,True,3,1,2,0,17.263435,-1.686195,8654.871074,3368.870977,BREAKDOWN,3503.795966,16.014794
CASE_13282,FATIGUE_ZONE,STRENGTHENING,HIGH,STRONG,HOLD,HOLD,True,5,0,0,5,76.308411,5.116617,5839.958543,1819.311833,GROWTH,497.457006,78.56858
CASE_13285,EXHAUSTED_ZONE,DEGRADING,HIGH,STRONG,FAIL,FAIL,True,4,0,3,0,16.400851,-1.159607,14173.44089,4223.428008,BREAKDOWN,3199.987871,12.790701
CASE_13304,EXHAUSTED_ZONE,DEGRADING,MEDIUM,MODERATE,FAIL,FAIL,True,2,0,2,0,18.239644,-2.387326,7774.9699,5931.57689,BREAKDOWN,1149.711577,18.333243
CASE_13309,ELASTIC_ZONE,STRENGTHENING,HIGH,STRONG,HOLD,HOLD,True,3,0,0,3,73.71006,4.694836,8571.587517,3848.478305,GROWTH,2519.786169,79.0
CASE_13312,EXHAUSTED_ZONE,DEGRADING,HIGH,STRONG,FAIL,FAIL,True,3,0,3,0,18.061742,-1.209815,11954.633231,5249.232153,BREAKDOWN,7464.12334,14.918397
CASE_13322,FATIGUE_ZONE,STRENGTHENING,HIGH,STRONG,HOLD,HOLD,True,3,0,0,3,66.561029,4.742053,6849.557936,3285.075131,GROWTH,4334.091737,79.0
CASE_13332,FATIGUE_ZONE,STRENGTHENING,HIGH,STRONG,HOLD,HOLD,True,3,0,0,3,69.216561,5.88535,10073.832166,4160.321215,GROWTH,448.08386,79.0
CASE_13334,EXHAUSTED_ZONE,DEGRADING,HIGH,STRONG,FAIL,FAIL,True,3,0,3,0,14.836864,-3.127415,10816.685168,5085.861222,BREAKDOWN,5160.787776,15.225389
CASE_13342,EXHAUSTED_ZONE,TERMINAL,HIGH,STRONG,FAIL,FAIL,True,3,1,2,0,17.889115,-0.305748,13171.789764,4790.551719,BREAKDOWN,4304.945215,14.461233
CASE_13348,EXHAUSTED_ZONE,DEGRADING,HIGH,STRONG,FAIL,FAIL,True,3,0,2,0,19.615228,-0.815558,6109.168025,2703.420929,BREAKDOWN,3053.626119,19.8975
CASE_13376,EXHAUSTED_ZONE,DEGRADING,MEDIUM,MODERATE,FAIL,FAIL,True,2,0,2,0,13.676242,-6.430041,6871.707761,3881.982152,BREAKDOWN,4087.03852,18.10447
CASE_13395,FATIGUE_ZONE,STRENGTHENING,HIGH,STRONG,HOLD,HOLD,True,3,0,0,3,78.460762,5.183322,8266.746661,3180.983056,GROWTH,1633.309722,80.8
CASE_13398,FATIGUE_ZONE,STRENGTHENING,MEDIUM,MODERATE,HOLD,HOLD,True,2,0,0,2,67.214204,6.413793,5542.627383,3514.505625,GROWTH,3307.75293,80.248687
CASE_13416,FATIGUE_ZONE,STRENGTHENING,MEDIUM,MODERATE,HOLD,HOLD,True,2,0,0,2,70.503529,4.235294,5789.278183,2956.552125,GROWTH,3073.037155,83.68
CASE_13442,RECOVERED_ZONE,STRENGTHENING,HIGH,STRONG,HOLD,HOLD,True,5,0,0,5,120.470588,3.505882,43522.726522,10538.58143,GROWTH,3958.224878,124.0
CASE_13444,EXHAUSTED_ZONE,TERMINAL,HIGH,STRONG,FAIL,FAIL,True,5,1,3,0,14.591636,-1.426587,16357.078891,5896.707049,BREAKDOWN,6270.867157,19.250847
CASE_13445,ELASTIC_ZONE,STRENGTHENING,HIGH,STRONG,HOLD,HOLD,True,4,0,0,4,76.420531,3.546903,13199.045278,5657.306717,GROWTH,5468.818814,87.04
CASE_13447,ELASTIC_ZONE,STRENGTHENING,MEDIUM,MODERATE,HOLD,HOLD,True,2,0,0,2,107.777778,5.777778,8793.329902,6740.209368,GROWTH,6164.281854,124.0
CASE_13450,FATIGUE_ZONE,STRENGTHENING,HIGH,STRONG,HOLD,HOLD,True,4,0,0,4,82.038961,4.776699,7468.595353,2355.175523,GROWTH,934.910719,83.903039
CASE_13456,RECOVERED_ZONE,STRENGTHENING,HIGH,STRONG,HOLD,HOLD,True,4,0,0,4,118.534653,5.631683,25924.26687,8001.958059,GROWTH,6582.858377,124.0
CASE_13465,RIGID_ZONE,STABLE,MEDIUM,MODERATE,HOLD,HOLD,True,2,0,2,0,76.468585,-0.283477,7146.378108,4074.224463,ABSORPTION,1179.361083,76.601399
CASE_13473,EXHAUSTED_ZONE,DEGRADING,HIGH,STRONG,FAIL,FAIL,True,5,0,4,0,17.088631,-0.927023,28300.781673,8242.888729,BREAKDOWN,7341.036372,18.676564
CASE_13479,EXHAUSTED_ZONE,DEGRADING,HIGH,STRONG,FAIL,FAIL,True,4,0,3,0,17.65772,-1.28204,29777.009009,8663.416171,BREAKDOWN,5987.664134,19.33063
CASE_13490,RECOVERED_ZONE,STRENGTHENING,MEDIUM,MODERATE,HOLD,HOLD,True,2,0,0,2,107.652673,11.643564,10807.338793,5829.947321,GROWTH,6066.521441,116.92
CASE_13509,EXHAUSTED_ZONE,TERMINAL,HIGH,STRONG,FAIL,FAIL,True,3,2,1,0,22.468486,-0.611157,8361.40568,3504.488187,BREAKDOWN,3081.812728,20.401783
CASE_13525,RECOVERED_ZONE,STRENGTHENING,HIGH,STRONG,HOLD,HOLD,True,3,0,0,3,116.150898,3.37864,17803.829543,6547.963517,GROWTH,7224.894998,120.345073
CASE_13528,EXHAUSTED_ZONE,DEGRADING,HIGH,STRONG,FAIL,FAIL,True,4,0,3,0,16.906918,-0.851392,6346.885281,2416.162547,BREAKDOWN,2539.263827,12.920572
CASE_13534,EXHAUSTED_ZONE,TERMINAL,HIGH,STRONG,FAIL,FAIL,True,4,1,3,0,18.628839,-0.724445,9517.93893,2918.106563,BREAKDOWN,2172.015631,12.978637
CASE_13535,EXHAUSTED_ZONE,TERMINAL,HIGH,STRONG,FAIL,FAIL,True,4,1,3,0,18.713329,-0.726819,9125.334767,2928.818825,BREAKDOWN,2179.989086,9.382743
CASE_13542,RECOVERED_ZONE,STRENGTHENING,HIGH,STRONG,HOLD,HOLD,True,5,0,0,5,121.861386,2.495049,17942.085158,5221.647515,GROWTH,2484.088554,124.0
CASE_13558,EXHAUSTED_ZONE,TERMINAL,HIGH,STRONG,FAIL,FAIL,True,3,1,2,0,14.341481,-2.621089,12908.388346,4701.459819,BREAKDOWN,1582.657882,18.065636
CASE_13571,EXHAUSTED_ZONE,TERMINAL,HIGH,STRONG,FAIL,FAIL,True,3,2,1,0,16.365084,-0.78952,11730.082842,4605.219285,BREAKDOWN,323.591312,15.578406
CASE_13572,FATIGUE_ZONE,STRENGTHENING,HIGH,STRONG,HOLD,HOLD,True,3,0,0,3,73.566038,7.48101,8752.093465,3474.238889,GROWTH,1873.38463,79.0
CASE_13573,FATIGUE_ZONE,STRENGTHENING,HIGH,STRONG,HOLD,HOLD,True,3,0,0,3,72.242718,7.45631,7313.999047,3105.915988,GROWTH,3138.150299,74.627895
CASE_13574,FATIGUE_ZONE,STRENGTHENING,HIGH,STRONG,HOLD,HOLD,True,3,0,0,3,70.683168,4.871287,4809.988738,1889.989388,GROWTH,1969.956022,76.720416
CASE_13588,EXHAUSTED_ZONE,TERMINAL,MEDIUM,MODERATE,FAIL,FAIL,True,2,1,1,0,11.694626,-8.259449,3915.708083,2056.665106,BREAKDOWN,1624.963017,11.164068
CASE_13594,FATIGUE_ZONE,STRENGTHENING,HIGH,STRONG,HOLD,HOLD,True,3,0,0,3,69.814185,3.407092,4145.514095,1418.450815,GROWTH,1425.446311,79.0
CASE_13607,EXHAUSTED_ZONE,TERMINAL,HIGH,STRONG,FAIL,FAIL,True,4,1,2,0,19.356246,-0.50261,6797.302291,2944.05567,BREAKDOWN,3932.060102,16.867455
CASE_13620,EXHAUSTED_ZONE,DEGRADING,MEDIUM,MODERATE,FAIL,FAIL,True,2,0,2,0,17.847771,-1.345604,6425.213962,3341.204175,BREAKDOWN,3226.993523,11.505021
CASE_13625,FATIGUE_ZONE,STRENGTHENING,HIGH,STRONG,HOLD,HOLD,True,4,0,0,4,78.076923,7.367713,6370.998042,1953.554099,GROWTH,489.283934,79.0
CASE_13626,EXHAUSTED_ZONE,TERMINAL,HIGH,STRONG,FAIL,FAIL,True,4,3,0,0,16.984983,-1.274345,9715.925747,3265.773335,BREAKDOWN,872.459378,18.412405
CASE_13645,FATIGUE_ZONE,STRENGTHENING,MEDIUM,MODERATE,HOLD,HOLD,True,2,0,0,2,74.657143,9.320308,6533.142796,3361.265567,GROWTH,2594.641628,79.0
CASE_13664,EXHAUSTED_ZONE,TERMINAL,HIGH,STRONG,FAIL,FAIL,True,3,1,2,0,17.315938,-1.643337,8734.291013,4192.517518,BREAKDOWN,2929.998414,13.396408
CASE_13668,EXHAUSTED_ZONE,TERMINAL,HIGH,STRONG,FAIL,FAIL,True,3,2,1,0,20.361275,-0.342073,11361.037012,4524.370623,BREAKDOWN,3816.924963,12.414714
CASE_13680,FATIGUE_ZONE,STRENGTHENING,MEDIUM,MODERATE,HOLD,HOLD,True,2,0,0,2,67.349515,4.660195,4107.390744,2080.077057,GROWTH,2479.505569,79.0
CASE_13693,EXHAUSTED_ZONE,TERMINAL,MEDIUM,MODERATE,FAIL,FAIL,True,2,1,1,0,18.08534,-1.400688,6204.918452,3304.311199,BREAKDOWN,3238.773602,17.978571
CASE_13720,FATIGUE_ZONE,STRENGTHENING,MEDIUM,MODERATE,HOLD,HOLD,True,2,0,0,2,66.52227,11.077826,4770.82384,2462.557878,GROWTH,2431.650294,78.283762
CASE_13729,FATIGUE_ZONE,STRENGTHENING,HIGH,STRONG,HOLD,HOLD,True,5,0,0,5,76.283019,5.239481,9938.773818,2493.321712,GROWTH,701.481561,79.0
CASE_13766,RECOVERED_ZONE,STRENGTHENING,MEDIUM,MODERATE,HOLD,HOLD,True,2,0,0,2,102.641509,8.466886,9048.543241,4552.703589,GROWTH,5237.214743,116.0
CASE_13778,EXHAUSTED_ZONE,DEGRADING,MEDIUM,MODERATE,FAIL,FAIL,True,2,0,1,0,19.109359,1.187487,5427.579324,3415.467335,BREAKDOWN,3813.199779,15.272731
CASE_13792,EXHAUSTED_ZONE,TERMINAL,HIGH,STRONG,FAIL,FAIL,True,4,3,1,0,13.838286,-2.12776,13681.202762,4015.479259,BREAKDOWN,3853.158839,15.196457
CASE_13806,FATIGUE_ZONE,STRENGTHENING,HIGH,STRONG,HOLD,HOLD,True,3,0,0,3,76.923077,9.461538,7897.746563,3391.742602,GROWTH,2492.215955,79.0
CASE_13807,RECOVERED_ZONE,STRENGTHENING,HIGH,STRONG,HOLD,HOLD,True,3,0,0,3,104.529412,9.764706,11440.267059,5766.485839,GROWTH,6621.927523,106.904645
CASE_13812,FATIGUE_ZONE,STRENGTHENING,MEDIUM,MODERATE,HOLD,HOLD,True,2,0,0,2,72.0625,10.433027,6637.574243,3393.560995,GROWTH,247.908368,74.5
CASE_13859,EXHAUSTED_ZONE,DEGRADING,MEDIUM,MODERATE,FAIL,FAIL,True,2,0,2,0,16.318084,-3.784798,6666.917053,4113.011545,BREAKDOWN,4266.77468,18.992322
CASE_13868,RECOVERED_ZONE,STRENGTHENING,MEDIUM,MODERATE,HOLD,HOLD,True,2,0,0,2,100.748401,13.671478,8316.283305,5135.043061,GROWTH,5131.859478,107.544783
CASE_13882,FATIGUE_ZONE,STRENGTHENING,HIGH,STRONG,HOLD,HOLD,True,4,0,0,4,73.707814,4.5668,13347.771216,3571.272284,GROWTH,3617.046659,79.0
CASE_13888,ELASTIC_ZONE,STRENGTHENING,HIGH,STRONG,HOLD,HOLD,True,3,0,0,3,74.459842,8.681377,9465.010187,3727.387997,GROWTH,2476.777733,79.0
CASE_13895,EXHAUSTED_ZONE,DEGRADING,HIGH,STRONG,FAIL,FAIL,True,3,0,2,0,18.732396,-0.864809,6959.446562,3717.410615,BREAKDOWN,4057.75073,12.838887
CASE_13897,EXHAUSTED_ZONE,DEGRADING,MEDIUM,MODERATE,FAIL,FAIL,True,2,0,2,0,19.05886,-1.104414,5278.713022,3726.604054,BREAKDOWN,4192.424403,10.172847
CASE_13900,EXHAUSTED_ZONE,TERMINAL,HIGH,STRONG,FAIL,FAIL,True,3,2,1,0,18.822543,1.945752,5691.81048,3921.20221,BREAKDOWN,3469.502972,9.51325
CASE_13903,FATIGUE_ZONE,STRENGTHENING,HIGH,STRONG,HOLD,HOLD,True,3,0,0,3,75.435644,6.351358,7815.619056,2833.467824,GROWTH,1513.850276,79.0
CASE_13905,FATIGUE_ZONE,STRENGTHENING,HIGH,STRONG,HOLD,HOLD,True,3,0,0,3,77.135922,7.655983,7580.288149,2780.800715,GROWTH,1790.968326,76.465398
CASE_13922,RECOVERED_ZONE,STRENGTHENING,HIGH,STRONG,HOLD,HOLD,True,5,0,0,5,103.352941,3.924022,18909.790816,5258.063433,GROWTH,6026.531325,103.889573
CASE_13923,EXHAUSTED_ZONE,DEGRADING,HIGH,STRONG,FAIL,FAIL,True,4,0,3,0,17.755192,-0.946764,11977.485569,3746.626919,BREAKDOWN,4575.282152,11.406421
CASE_13925,EXHAUSTED_ZONE,TERMINAL,HIGH,STRONG,FAIL,FAIL,True,3,1,2,0,13.91497,-3.264336,8588.714685,3896.597535,BREAKDOWN,4786.645836,12.228208
CASE_13962,FATIGUE_ZONE,STRENGTHENING,HIGH,STRONG,HOLD,HOLD,True,4,0,0,4,74.485149,5.88167,8773.139768,2450.332448,GROWTH,2481.661483,79.0
CASE_13964,FATIGUE_ZONE,STRENGTHENING,HIGH,STRONG,HOLD,HOLD,True,3,0,0,3,70.476636,4.037383,6660.108695,2494.762102,GROWTH,2623.165648,79.0
CASE_13978,EXHAUSTED_ZONE,TERMINAL,HIGH,STRONG,FAIL,FAIL,True,4,3,1,0,18.765764,-0.424878,10934.878061,4803.752211,BREAKDOWN,1655.016288,18.279884
CASE_13981,EXHAUSTED_ZONE,DEGRADING,HIGH,STRONG,FAIL,FAIL,True,3,0,3,0,16.377572,-1.486322,8436.599837,3020.196539,BREAKDOWN,3094.542887,19.471553
CASE_13984,FATIGUE_ZONE,STRENGTHENING,HIGH,STRONG,HOLD,HOLD,True,5,0,0,5,76.647059,5.346341,9831.980093,2382.52021,GROWTH,2925.335094,79.0
CASE_14000,EXHAUSTED_ZONE,DEGRADING,HIGH,STRONG,FAIL,FAIL,True,3,0,2,0,17.863946,-1.468027,6822.436157,2868.64358,BREAKDOWN,2769.782324,15.904439
CASE_14022,EXHAUSTED_ZONE,TERMINAL,MEDIUM,MODERATE,FAIL,FAIL,True,2,1,1,0,17.841275,-1.827093,6342.035393,4810.326872,BREAKDOWN,1178.239923,18.947169
CASE_14023,FATIGUE_ZONE,STRENGTHENING,HIGH,STRONG,HOLD,HOLD,True,4,0,0,4,69.307692,4.765175,9263.424576,3896.143721,GROWTH,1389.814083,79.0
CASE_14033,FATIGUE_ZONE,STRENGTHENING,MEDIUM,MODERATE,HOLD,HOLD,True,2,0,0,2,76.148515,10.672196,3763.905275,2147.009944,GROWTH,2150.754382,77.098362
CASE_14039,EXHAUSTED_ZONE,TERMINAL,HIGH,STRONG,FAIL,FAIL,True,5,1,4,0,13.557425,-1.586452,20554.305714,4778.38571,BREAKDOWN,4075.772709,18.946407
CASE_14043,FATIGUE_ZONE,STRENGTHENING,MEDIUM,MODERATE,HOLD,HOLD,True,2,0,0,2,62.401869,5.441512,3607.415053,1898.142304,GROWTH,1919.534786,78.887386
CASE_14058,EXHAUSTED_ZONE,DEGRADING,MEDIUM,MODERATE,FAIL,FAIL,True,2,0,2,0,14.375981,-1.549976,5584.790073,3217.832822,BREAKDOWN,3415.660196,13.682798
CASE_14061,RECOVERED_ZONE,STRENGTHENING,HIGH,STRONG,HOLD,HOLD,True,4,0,0,4,110.230769,5.635314,5142.013704,1780.376465,GROWTH,2143.340574,115.861323
CASE_14062,EXHAUSTED_ZONE,DEGRADING,MEDIUM,MODERATE,FAIL,FAIL,True,2,0,2,0,14.924846,-5.04995,3059.788001,1543.891531,BREAKDOWN,1895.173677,20.553987
CASE_14085,FATIGUE_ZONE,STRENGTHENING,HIGH,STRONG,HOLD,HOLD,True,3,0,0,3,76.176471,9.294118,9921.487521,4546.850562,GROWTH,768.285225,79.0
CASE_14086,EXHAUSTED_ZONE,TERMINAL,HIGH,STRONG,FAIL,FAIL,True,5,1,4,0,17.75759,-0.672315,32723.946138,8264.720502,BREAKDOWN,2737.061016,17.456349
CASE_14091,ELASTIC_ZONE,STRENGTHENING,HIGH,STRONG,HOLD,HOLD,True,4,0,0,4,118.785714,4.784051,9545.958783,3401.413803,GROWTH,906.723058,122.0
CASE_14092,EXHAUSTED_ZONE,TERMINAL,HIGH,STRONG,FAIL,FAIL,True,5,3,2,0,16.15774,-0.787632,13544.46934,3588.764197,BREAKDOWN,276.986909,16.61325
CASE_14093,FATIGUE_ZONE,STRENGTHENING,HIGH,STRONG,HOLD,HOLD,True,4,0,0,4,72.866588,3.843038,12030.05119,3484.51909,GROWTH,191.893852,82.28431
CASE_14094,FATIGUE_ZONE,STRENGTHENING,HIGH,STRONG,HOLD,HOLD,True,4,0,0,4,74.376147,5.969017,14367.012359,4830.691833,GROWTH,1179.751919,79.0
CASE_14105,FATIGUE_ZONE,STRENGTHENING,HIGH,STRONG,HOLD,HOLD,True,5,0,0,5,73.113208,3.251762,12291.792798,3536.073729,GROWTH,2294.569644,79.0
CASE_14120,ELASTIC_ZONE,STRENGTHENING,HIGH,STRONG,HOLD,HOLD,True,3,0,0,3,71.633663,6.653465,10025.149949,4634.695004,GROWTH,4554.797578,75.560351
CASE_14121,EXHAUSTED_ZONE,DEGRADING,HIGH,STRONG,FAIL,FAIL,True,3,0,2,0,19.032117,-0.627621,17154.839353,8124.573439,BREAKDOWN,7984.514295,14.668074
CASE_14122,EXHAUSTED_ZONE,DEGRADING,MEDIUM,MODERATE,FAIL,FAIL,True,2,0,1,0,19.401152,1.386443,13758.477944,8075.668479,BREAKDOWN,8180.880137,11.148688
CASE_14129,ELASTIC_ZONE,STRENGTHENING,MEDIUM,MODERATE,HOLD,HOLD,True,2,0,0,2,75.910891,20.461716,5359.623647,3004.908031,GROWTH,2579.637261,76.444596
CASE_14131,FATIGUE_ZONE,STRENGTHENING,MEDIUM,MODERATE,HOLD,HOLD,True,2,0,0,2,73.352941,14.005885,5256.129142,2641.336416,GROWTH,2664.936883,77.09018
CASE_14132,ELASTIC_ZONE,STRENGTHENING,MEDIUM,MODERATE,HOLD,HOLD,True,2,0,0,2,73.182155,10.026815,6879.617697,3573.580143,GROWTH,2311.967024,74.724346
CASE_14134,FATIGUE_ZONE,STRENGTHENING,HIGH,STRONG,HOLD,HOLD,True,3,0,0,3,72.539566,8.420268,4488.668481,2258.142297,GROWTH,959.170897,79.0
CASE_14139,EXHAUSTED_ZONE,DEGRADING,MEDIUM,MODERATE,FAIL,FAIL,True,2,0,2,0,16.385584,-1.935976,5091.486014,2888.397751,BREAKDOWN,2911.62216,19.726565
CASE_14160,RECOVERED_ZONE,STRENGTHENING,MEDIUM,MODERATE,HOLD,HOLD,True,2,0,0,2,104.356436,4.752476,9395.783656,5443.88923,GROWTH,5955.308872,116.0
CASE_14183,FATIGUE_ZONE,STRENGTHENING,HIGH,STRONG,HOLD,HOLD,True,5,0,0,5,73.479397,2.882342,7214.336751,1570.165667,GROWTH,1061.619985,79.0
CASE_14184,EXHAUSTED_ZONE,DEGRADING,HIGH,STRONG,FAIL,FAIL,True,5,0,4,0,16.712738,-1.061589,13576.3792,3123.349692,BREAKDOWN,2777.84307,16.409496
CASE_14203,RECOVERED_ZONE,STRENGTHENING,HIGH,STRONG,HOLD,HOLD,True,4,0,0,4,105.19802,5.73847,19918.78559,5586.658376,GROWTH,3418.840715,108.340393
CASE_14206,RECOVERED_ZONE,STRENGTHENING,HIGH,STRONG,HOLD,HOLD,True,5,0,0,5,106.414115,4.779738,20379.680488,4405.702135,GROWTH,3980.750468,109.0
CASE_14211,EXHAUSTED_ZONE,TERMINAL,HIGH,STRONG,FAIL,FAIL,True,3,1,2,0,13.075222,-3.721749,6792.755228,3623.454838,BREAKDOWN,3195.197226,12.863105
CASE_14226,RECOVERED_ZONE,STRENGTHENING,MEDIUM,MODERATE,HOLD,HOLD,True,2,0,0,2,116.108515,9.267327,13322.16421,6971.865023,GROWTH,7317.404241,118.96
CASE_14227,RECOVERED_ZONE,STRENGTHENING,HIGH,STRONG,HOLD,HOLD,True,3,0,0,3,109.708235,6.0,15502.858131,5606.318949,GROWTH,4920.887239,115.12
CASE_14229,EXHAUSTED_ZONE,TERMINAL,HIGH,STRONG,FAIL,FAIL,True,4,2,2,0,17.412005,-1.358719,11564.198213,3359.950751,BREAKDOWN,385.566332,19.28157
CASE_14232,FATIGUE_ZONE,STRENGTHENING,HIGH,STRONG,HOLD,HOLD,True,3,0,0,3,72.819439,7.289719,2738.439657,1761.501637,GROWTH,1678.566357,82.24
CASE_14234,RECOVERED_ZONE,STRENGTHENING,HIGH,STRONG,HOLD,HOLD,True,3,0,0,3,104.99604,6.534653,13552.452268,6074.062587,GROWTH,5784.59139,112.6
CASE_14239,EXHAUSTED_ZONE,TERMINAL,HIGH,STRONG,FAIL,FAIL,True,3,1,2,0,14.772129,-1.357294,9942.272562,3710.848311,BREAKDOWN,2898.8587,18.466733
CASE_14240,FATIGUE_ZONE,STRENGTHENING,HIGH,STRONG,HOLD,HOLD,True,3,0,0,3,74.283077,5.407633,7782.448434,3076.525187,GROWTH,2481.801967,79.36
CASE_14241,RECOVERED_ZONE,STRENGTHENING,HIGH,STRONG,HOLD,HOLD,True,4,0,0,4,109.188911,4.039604,19736.430521,6357.078103,GROWTH,6299.96104,116.08
CASE_14243,EXHAUSTED_ZONE,TERMINAL,HIGH,STRONG,FAIL,FAIL,True,3,2,1,0,15.312881,-1.442398,9907.6314,3625.921524,BREAKDOWN,3720.368139,15.844867
CASE_14247,EXHAUSTED_ZONE,TERMINAL,HIGH,STRONG,FAIL,FAIL,True,4,2,2,0,17.857311,-0.657235,15467.65799,5601.32855,BREAKDOWN,622.806671,19.350205
CASE_14251,FATIGUE_ZONE,STRENGTHENING,HIGH,STRONG,HOLD,HOLD,True,5,0,0,5,77.677839,4.366824,16700.569617,3737.032494,GROWTH,2870.16193,73.991296
CASE_14252,EXHAUSTED_ZONE,TERMINAL,HIGH,STRONG,FAIL,FAIL,True,5,3,2,0,12.667162,-1.923717,20458.948806,4918.136062,BREAKDOWN,3922.726391,17.427367
CASE_14253,EXHAUSTED_ZONE,TERMINAL,HIGH,STRONG,FAIL,FAIL,True,5,1,2,0,13.870531,-1.574764,14575.223741,3873.993078,BREAKDOWN,4567.152055,12.629834
CASE_14256,EXHAUSTED_ZONE,TERMINAL,HIGH,STRONG,FAIL,FAIL,True,5,2,2,0,14.920039,-1.615387,15579.71687,4654.913524,BREAKDOWN,1423.978447,17.769636
CASE_14258,RECOVERED_ZONE,STRENGTHENING,HIGH,STRONG,HOLD,HOLD,True,6,0,0,6,103.487059,3.368067,25852.39514,5285.88159,GROWTH,5331.787595,108.096446
CASE_14260,EXHAUSTED_ZONE,TERMINAL,HIGH,STRONG,FAIL,FAIL,True,5,1,2,0,17.495394,-0.694646,17478.794972,4286.429977,BREAKDOWN,2365.161005,19.658335
CASE_14262,FATIGUE_ZONE,STRENGTHENING,HIGH,STRONG,HOLD,HOLD,True,5,0,0,5,77.384615,5.525487,12335.335841,3197.210878,GROWTH,1482.092753,79.0
CASE_14290,EXHAUSTED_ZONE,TERMINAL,MEDIUM,MODERATE,FAIL,FAIL,True,2,1,1,0,14.159886,-0.871078,9562.171834,4918.404895,BREAKDOWN,4505.52494,19.007243
CASE_14307,RECOVERED_ZONE,STRENGTHENING,HIGH,STRONG,HOLD,HOLD,True,3,0,0,3,118.809412,4.823529,62035.756846,29963.757411,GROWTH,21907.11517,123.28
CASE_14308,EXHAUSTED_ZONE,TERMINAL,HIGH,STRONG,FAIL,FAIL,True,3,2,1,0,19.907904,-1.728135,20577.673973,9460.249039,BREAKDOWN,5719.268016,24.190596
CASE_14317,EXHAUSTED_ZONE,DEGRADING,MEDIUM,MODERATE,FAIL,FAIL,True,2,0,2,0,22.390684,-0.668579,11787.985873,6579.810814,BREAKDOWN,7275.371089,18.443777
CASE_14323,ELASTIC_ZONE,STRENGTHENING,HIGH,STRONG,HOLD,HOLD,True,4,0,0,4,78.108235,4.988235,11726.957599,5067.998585,GROWTH,3906.791214,87.52
CASE_14324,ELASTIC_ZONE,STRENGTHENING,HIGH,STRONG,HOLD,HOLD,True,3,0,0,3,76.696471,5.529412,12560.148307,5064.671285,GROWTH,4758.454344,87.52
CASE_14328,ELASTIC_ZONE,STRENGTHENING,HIGH,STRONG,HOLD,HOLD,True,3,0,0,3,115.61165,7.106796,7404.659105,2536.104685,GROWTH,2520.55502,124.0
CASE_14330,ELASTIC_ZONE,STRENGTHENING,HIGH,STRONG,HOLD,HOLD,True,3,0,0,3,118.772277,5.227722,7372.975048,2576.365245,GROWTH,2668.513622,124.0
CASE_14353,FATIGUE_ZONE,STRENGTHENING,HIGH,STRONG,HOLD,HOLD,True,4,0,0,4,66.657143,3.216017,7108.221088,1923.819374,GROWTH,1797.928668,79.0
CASE_14354,EXHAUSTED_ZONE,TERMINAL,HIGH,STRONG,FAIL,FAIL,True,4,1,2,0,18.052106,-0.303753,9635.57733,2560.315388,BREAKDOWN,1080.542696,18.550321
CASE_14359,EXHAUSTED_ZONE,TERMINAL,HIGH,STRONG,FAIL,FAIL,True,6,3,2,0,18.43456,-0.179594,12663.664417,2777.908262,BREAKDOWN,2190.498842,12.202146
CASE_14371,EXHAUSTED_ZONE,TERMINAL,HIGH,STRONG,FAIL,FAIL,True,4,1,3,0,17.021102,-1.21489,8785.597483,3002.801317,BREAKDOWN,1462.092904,19.139037
CASE_14372,ELASTIC_ZONE,STRENGTHENING,HIGH,STRONG,HOLD,HOLD,True,4,0,0,4,72.257426,3.89703,5172.288778,1883.59601,GROWTH,1113.439444,82.0
CASE_14373,EXHAUSTED_ZONE,TERMINAL,HIGH,STRONG,FAIL,FAIL,True,4,2,2,0,16.849689,-0.822519,8508.610678,2877.822999,BREAKDOWN,611.962425,17.858846
CASE_14384,RECOVERED_ZONE,STRENGTHENING,HIGH,STRONG,HOLD,HOLD,True,4,0,0,4,116.029903,3.891262,21119.380202,6294.22829,GROWTH,5773.74563,118.36
CASE_14402,EXHAUSTED_ZONE,DEGRADING,HIGH,STRONG,FAIL,FAIL,True,4,0,4,0,16.629424,-1.958511,5708.063604,1676.110983,BREAKDOWN,1497.299644,16.918362
CASE_14403,EXHAUSTED_ZONE,DEGRADING,HIGH,STRONG,FAIL,FAIL,True,5,0,4,0,15.580001,-1.677971,5897.640053,1646.400431,BREAKDOWN,1598.016792,14.436161
CASE_14405,ELASTIC_ZONE,STRENGTHENING,HIGH,STRONG,HOLD,HOLD,True,5,0,0,5,82.045149,4.467327,7220.447828,1628.707743,GROWTH,1706.034385,86.56
CASE_14424,EXHAUSTED_ZONE,DEGRADING,MEDIUM,MODERATE,FAIL,FAIL,True,2,0,2,0,14.253919,-5.197317,8400.622832,4218.169806,BREAKDOWN,4103.836577,17.604298
CASE_14442,EXHAUSTED_ZONE,DEGRADING,HIGH,STRONG,FAIL,FAIL,True,3,0,3,0,16.725988,-1.136646,10254.931994,3467.481244,BREAKDOWN,3758.999241,17.650258
CASE_14444,EXHAUSTED_ZONE,TERMINAL,HIGH,STRONG,FAIL,FAIL,True,4,1,3,0,13.76283,-2.153871,14622.811743,4021.910323,BREAKDOWN,815.841548,11.337625
CASE_14445,EXHAUSTED_ZONE,TERMINAL,HIGH,STRONG,FAIL,FAIL,True,4,1,2,0,13.97852,-2.133543,13621.404401,4031.498183,BREAKDOWN,1276.329076,16.921324
CASE_14454,ELASTIC_ZONE,STRENGTHENING,HIGH,STRONG,HOLD,HOLD,True,3,0,0,3,68.166038,2.490566,5632.82015,2515.94274,GROWTH,2775.399784,85.6
CASE_14455,EXHAUSTED_ZONE,TERMINAL,HIGH,STRONG,FAIL,FAIL,True,6,3,3,0,19.058301,-0.198715,15498.572056,3445.412281,BREAKDOWN,1135.350956,8.969888
CASE_14456,RECOVERED_ZONE,STRENGTHENING,HIGH,STRONG,HOLD,HOLD,True,4,0,0,4,121.230769,4.638461,21710.940132,7600.657865,GROWTH,2930.818357,124.0
CASE_14471,FATIGUE_ZONE,STRENGTHENING,HIGH,STRONG,HOLD,HOLD,True,4,0,0,4,76.485714,6.268893,8220.258407,2412.284857,GROWTH,2604.127429,78.427662
CASE_14481,FATIGUE_ZONE,STRENGTHENING,HIGH,STRONG,HOLD,HOLD,True,4,0,0,4,68.176471,3.129412,5136.323615,1415.674976,GROWTH,1563.631743,79.0
CASE_14484,FATIGUE_ZONE,STRENGTHENING,HIGH,STRONG,HOLD,HOLD,True,4,0,0,4,77.135922,4.855952,6163.540265,1802.484904,GROWTH,178.79412,79.0
CASE_14485,RECOVERED_ZONE,STRENGTHENING,HIGH,STRONG,HOLD,HOLD,True,4,0,0,4,114.883774,4.618868,13168.286562,3874.027757,GROWTH,1007.742292,118.28
CASE_14490,FATIGUE_ZONE,STRENGTHENING,HIGH,STRONG,HOLD,HOLD,True,4,0,0,4,72.68645,4.371818,14627.648047,3853.904587,GROWTH,1192.209279,79.0
CASE_14491,EXHAUSTED_ZONE,TERMINAL,HIGH,STRONG,FAIL,FAIL,True,4,1,3,0,14.92203,-1.791329,19116.814123,5181.268417,BREAKDOWN,3657.081791,19.261404
CASE_14492,ELASTIC_ZONE,STRENGTHENING,HIGH,STRONG,HOLD,HOLD,True,3,0,0,3,69.585847,5.324155,11689.147857,4324.532622,GROWTH,2983.226514,79.0
CASE_14493,FATIGUE_ZONE,STRENGTHENING,HIGH,STRONG,HOLD,HOLD,True,3,0,0,3,68.621549,5.201991,10260.735779,3796.075485,GROWTH,2618.676767,79.0
CASE_14496,EXHAUSTED_ZONE,TERMINAL,MEDIUM,MODERATE,FAIL,FAIL,True,2,1,1,0,18.32777,0.481198,9308.919488,4974.409505,BREAKDOWN,1554.809505,15.379237
CASE_14499,FATIGUE_ZONE,STRENGTHENING,HIGH,STRONG,HOLD,HOLD,True,3,0,0,3,73.285714,7.885714,9943.498528,4001.529839,GROWTH,1647.546105,79.0
CASE_14500,FATIGUE_ZONE,STRENGTHENING,HIGH,STRONG,HOLD,HOLD,True,4,0,0,4,69.847458,4.638602,11740.539297,3749.383141,GROWTH,2404.405421,79.0
CASE_14511,FATIGUE_ZONE,STRENGTHENING,HIGH,STRONG,HOLD,HOLD,True,3,0,0,3,75.114286,7.771428,4991.314763,2038.309927,GROWTH,1530.288974,74.12002
CASE_14512,FATIGUE_ZONE,STRENGTHENING,HIGH,STRONG,HOLD,HOLD,True,3,0,0,3,73.873786,7.92233,5358.313284,2225.34049,GROWTH,1768.872038,79.0
CASE_14515,RECOVERED_ZONE,STRENGTHENING,HIGH,STRONG,HOLD,HOLD,True,3,0,0,3,114.09901,10.693069,9822.633851,3585.741914,GROWTH,3482.570089,116.0
CASE_14524,ELASTIC_ZONE,STRENGTHENING,HIGH,STRONG,HOLD,HOLD,True,4,0,0,4,69.157781,4.47455,11435.497704,2958.350839,GROWTH,3073.733355,79.0
CASE_14551,RECOVERED_ZONE,STRENGTHENING,HIGH,STRONG,HOLD,HOLD,True,3,0,0,3,103.823529,5.193859,13340.422461,6059.309784,GROWTH,6745.68442,104.421489
CASE_14595,RECOVERED_ZONE,STRENGTHENING,HIGH,STRONG,HOLD,HOLD,True,5,0,0,5,106.170169,4.052902,17453.437919,5139.157955,GROWTH,4353.510067,109.0
CASE_14626,FATIGUE_ZONE,STRENGTHENING,HIGH,STRONG,HOLD,HOLD,True,3,0,0,3,66.711051,2.971711,6992.550568,2423.427047,GROWTH,2545.000699,79.0
CASE_14628,EXHAUSTED_ZONE,DEGRADING,HIGH,STRONG,FAIL,FAIL,True,3,0,3,0,17.492464,-1.472168,8273.57094,4547.456812,BREAKDOWN,4509.781865,17.602913
CASE_14646,EXHAUSTED_ZONE,TERMINAL,MEDIUM,MODERATE,FAIL,FAIL,True,2,2,0,0,18.833862,3.089296,14371.812009,7967.455427,BREAKDOWN,714.027499,18.101043
CASE_14650,RECOVERED_ZONE,STRENGTHENING,MEDIUM,MODERATE,HOLD,HOLD,True,2,0,0,2,104.009901,2.851485,11417.785664,7882.369226,GROWTH,8750.680627,107.93745
CASE_14654,EXHAUSTED_ZONE,DEGRADING,MEDIUM,MODERATE,FAIL,FAIL,True,2,0,2,0,18.774324,-1.072239,9693.725947,5339.046815,BREAKDOWN,5963.287299,17.931091
CASE_14672,EXHAUSTED_ZONE,TERMINAL,HIGH,STRONG,FAIL,FAIL,True,3,1,2,0,27.052744,1.466083,20058.235346,9189.857706,BREAKDOWN,208.16513,30.67458
CASE_14675,RECOVERED_ZONE,STRENGTHENING,MEDIUM,MODERATE,HOLD,HOLD,True,2,0,0,2,100.61165,6.880528,14927.162771,7487.541383,GROWTH,10603.990857,109.0
CASE_14676,RECOVERED_ZONE,STRENGTHENING,HIGH,STRONG,HOLD,HOLD,True,5,0,0,5,113.176471,5.788235,30036.827261,7874.450556,GROWTH,1947.285341,116.0
CASE_14677,RECOVERED_ZONE,STRENGTHENING,HIGH,STRONG,HOLD,HOLD,True,4,0,0,4,112.235294,6.635294,25578.502958,9013.284755,GROWTH,2989.30485,116.0
CASE_14687,EXHAUSTED_ZONE,TERMINAL,HIGH,STRONG,FAIL,FAIL,True,6,5,1,0,20.101742,-0.184718,14159.705683,3297.490324,BREAKDOWN,1009.656301,17.007945
CASE_14700,RECOVERED_ZONE,STRENGTHENING,HIGH,STRONG,HOLD,HOLD,True,4,0,0,4,107.40425,4.484132,11015.446174,3322.441561,GROWTH,1814.37996,116.0
CASE_14712,EXHAUSTED_ZONE,DEGRADING,HIGH,STRONG,FAIL,FAIL,True,4,0,3,0,12.738785,-2.460762,9261.976529,2373.398271,BREAKDOWN,1775.56856,14.27177
CASE_14715,EXHAUSTED_ZONE,DEGRADING,HIGH,STRONG,FAIL,FAIL,True,3,0,1,0,19.054498,-1.080891,5267.71338,1900.510338,BREAKDOWN,2035.537252,19.891697
CASE_14716,EXHAUSTED_ZONE,TERMINAL,HIGH,STRONG,FAIL,FAIL,True,4,2,2,0,14.552556,-1.756913,9071.563463,2324.199301,BREAKDOWN,2577.083567,18.469284
CASE_14755,ELASTIC_ZONE,STRENGTHENING,HIGH,STRONG,HOLD,HOLD,True,3,0,0,3,71.92,4.588235,3660.908813,1495.180469,GROWTH,1663.303985,83.92
CASE_14776,RECOVERED_ZONE,STRENGTHENING,MEDIUM,MODERATE,HOLD,HOLD,True,2,0,0,2,101.275294,4.470588,8357.929233,4507.257281,GROWTH,5861.132,117.04
CASE_14777,RECOVERED_ZONE,STRENGTHENING,HIGH,STRONG,HOLD,HOLD,True,4,0,0,4,110.247525,5.29901,13686.046647,4303.500703,GROWTH,5440.105796,115.0
CASE_14779,RECOVERED_ZONE,STRENGTHENING,HIGH,STRONG,HOLD,HOLD,True,3,0,0,3,100.744466,5.359223,10491.854275,5007.800287,GROWTH,5417.946522,113.56
CASE_14815,EXHAUSTED_ZONE,TERMINAL,HIGH,STRONG,FAIL,FAIL,True,6,2,3,0,21.297285,-0.405803,21822.505231,4824.138062,BREAKDOWN,2325.082302,21.578116
CASE_14825,ELASTIC_ZONE,STRENGTHENING,HIGH,STRONG,HOLD,HOLD,True,6,0,0,6,83.316757,3.366795,11235.439086,2621.597075,GROWTH,851.296552,86.56
CASE_14830,EXHAUSTED_ZONE,DEGRADING,HIGH,STRONG,FAIL,FAIL,True,4,0,4,0,15.995333,-1.045948,12181.881689,3733.367393,BREAKDOWN,3945.635384,17.005078
CASE_14834,FATIGUE_ZONE,STRENGTHENING,HIGH,STRONG,HOLD,HOLD,True,3,0,0,3,70.603798,6.346343,6295.586009,2705.81722,GROWTH,2605.688313,80.8
CASE_14851,ELASTIC_ZONE,STRENGTHENING,HIGH,STRONG,HOLD,HOLD,True,3,0,0,3,118.461538,9.115384,9138.759594,3689.891344,GROWTH,2384.590146,124.0
CASE_14877,FATIGUE_ZONE,STRENGTHENING,MEDIUM,MODERATE,HOLD,HOLD,True,2,0,0,2,77.356923,18.692308,5432.620956,3158.997378,GROWTH,1075.666943,81.28
CASE_14897,RECOVERED_ZONE,STRENGTHENING,HIGH,STRONG,HOLD,HOLD,True,3,0,0,3,115.356364,6.0,25869.509924,10020.36972,GROWTH,4252.979528,122.12
CASE_14917,EXHAUSTED_ZONE,TERMINAL,MEDIUM,MODERATE,FAIL,FAIL,True,2,1,1,0,19.898619,1.954775,10238.047987,5521.826165,BREAKDOWN,5482.25507,12.368832
CASE_14919,EXHAUSTED_ZONE,TERMINAL,HIGH,STRONG,FAIL,FAIL,True,3,2,1,0,19.398736,0.660363,13168.218687,4720.545034,BREAKDOWN,4674.785375,15.878022
CASE_14925,ELASTIC_ZONE,STRENGTHENING,MEDIUM,MODERATE,HOLD,HOLD,True,2,0,0,2,111.650485,11.417475,4371.321706,2528.862969,GROWTH,2602.75622,124.0
CASE_14940,EXHAUSTED_ZONE,DEGRADING,MEDIUM,MODERATE,FAIL,FAIL,True,2,0,2,0,16.757385,-0.864901,7832.171089,3957.289258,BREAKDOWN,4144.161329,17.84856
CASE_14942,ELASTIC_ZONE,STRENGTHENING,MEDIUM,MODERATE,HOLD,HOLD,True,2,0,0,2,80.659802,1.663366,6122.108236,3813.462844,GROWTH,4408.240796,90.64
CASE_14948,ELASTIC_ZONE,STRENGTHENING,HIGH,STRONG,HOLD,HOLD,True,3,0,0,3,112.071111,7.444444,27825.476011,10655.029204,GROWTH,7210.792071,120.293333
CASE_14958,ELASTIC_ZONE,STRENGTHENING,HIGH,STRONG,HOLD,HOLD,True,5,0,0,5,83.237647,4.541176,11493.837278,2746.614263,GROWTH,145.855002,85.12
CASE_14966,RECOVERED_ZONE,STRENGTHENING,HIGH,STRONG,HOLD,HOLD,True,6,0,0,6,118.265487,2.846018,38812.102513,8527.634031,GROWTH,2347.472798,124.0
CASE_14967,RECOVERED_ZONE,STRENGTHENING,HIGH,STRONG,HOLD,HOLD,True,6,0,0,6,114.644068,2.609201,31392.272693,10063.512498,GROWTH,4291.458496,124.0
CASE_14990,EXHAUSTED_ZONE,TERMINAL,HIGH,STRONG,FAIL,FAIL,True,4,1,2,0,21.274677,-1.278746,10608.988518,4091.205968,BREAKDOWN,2829.5226,18.421788
CASE_14992,ELASTIC_ZONE,STRENGTHENING,HIGH,STRONG,HOLD,HOLD,True,3,0,0,3,80.543689,3.84466,11620.452298,4798.297828,GROWTH,4690.898564,88.0
CASE_14998,RECOVERED_ZONE,STRENGTHENING,HIGH,STRONG,HOLD,HOLD,True,3,0,0,3,117.176471,7.058823,38902.202804,16804.176618,GROWTH,16386.911571,120.941176
CASE_14999,RIGID_ZONE,STABLE,HIGH,STRONG,HOLD,HOLD,True,4,0,3,0,75.955686,-0.296032,21940.900925,6839.711457,ABSORPTION,2352.544819,76.74053
CASE_15001,ELASTIC_ZONE,STRENGTHENING,HIGH,STRONG,HOLD,HOLD,True,5,0,0,5,83.84,3.72,23982.391399,6194.147678,GROWTH,182.539697,87.04
CASE_15007,FATIGUE_ZONE,STRENGTHENING,MEDIUM,MODERATE,HOLD,HOLD,True,2,0,0,2,66.874208,3.557376,7632.043137,3829.429643,GROWTH,4146.352389,77.375856
CASE_15009,ELASTIC_ZONE,STRENGTHENING,MEDIUM,MODERATE,HOLD,HOLD,True,2,0,0,2,71.84396,4.277227,3742.178172,2622.13707,GROWTH,2837.98965,85.150891
CASE_15018,EXHAUSTED_ZONE,TERMINAL,HIGH,STRONG,FAIL,FAIL,True,3,3,0,0,13.350943,-1.669531,14958.509807,6772.885367,BREAKDOWN,4105.415205,19.992642
CASE_15020,EXHAUSTED_ZONE,TERMINAL,HIGH,STRONG,FAIL,FAIL,True,3,2,1,0,14.411205,-1.720494,15187.462806,6342.375463,BREAKDOWN,5146.011646,16.982012
CASE_15025,EXHAUSTED_ZONE,TERMINAL,MEDIUM,MODERATE,FAIL,FAIL,True,2,1,0,0,17.833402,-2.966598,8168.172814,4969.910933,BREAKDOWN,813.795564,18.711643
CASE_15038,FATIGUE_ZONE,STRENGTHENING,HIGH,STRONG,HOLD,HOLD,True,3,0,0,3,75.572277,7.009901,8484.458377,2973.218434,GROWTH,3004.665885,80.162894
CASE_15039,EXHAUSTED_ZONE,TERMINAL,HIGH,STRONG,FAIL,FAIL,True,3,1,2,0,16.760223,-1.744868,8933.203067,3664.664561,BREAKDOWN,3875.00099,17.487293
CASE_15041,RECOVERED_ZONE,STRENGTHENING,MEDIUM,MODERATE,HOLD,HOLD,True,2,0,0,2,107.544615,10.615384,10859.963119,5485.599357,GROWTH,6324.256938,118.16
CASE_15052,FATIGUE_ZONE,STRENGTHENING,HIGH,STRONG,HOLD,HOLD,True,4,0,0,4,69.28397,4.297144,11091.630095,3997.525557,GROWTH,3468.735984,79.0
CASE_15053,EXHAUSTED_ZONE,TERMINAL,HIGH,STRONG,FAIL,FAIL,True,4,1,2,0,15.26578,-1.719018,15893.847347,5471.346063,BREAKDOWN,4747.600925,19.086639
CASE_15054,EXHAUSTED_ZONE,DEGRADING,HIGH,STRONG,FAIL,FAIL,True,3,0,3,0,18.12997,-1.284627,13147.027916,6108.181902,BREAKDOWN,8508.194573,18.941384
CASE_15104,FATIGUE_ZONE,STRENGTHENING,HIGH,STRONG,HOLD,HOLD,True,3,0,0,3,69.857143,3.657143,6005.044215,2200.70359,GROWTH,2424.266921,79.0
CASE_15110,EXHAUSTED_ZONE,TERMINAL,HIGH,STRONG,FAIL,FAIL,True,4,2,2,0,19.915547,-0.37243,16003.590854,4873.811186,BREAKDOWN,1815.30011,15.576065
CASE_15112,EXHAUSTED_ZONE,TERMINAL,HIGH,STRONG,FAIL,FAIL,True,5,3,2,0,18.021917,-0.49666,18098.204704,5112.543191,BREAKDOWN,1222.106842,14.455882
CASE_15116,EXHAUSTED_ZONE,TERMINAL,HIGH,STRONG,FAIL,FAIL,True,6,1,4,0,18.540463,-0.398683,22270.901162,7089.150371,BREAKDOWN,1014.16842,17.459603
CASE_15117,FATIGUE_ZONE,STRENGTHENING,HIGH,STRONG,HOLD,HOLD,True,5,0,0,5,74.245283,4.166038,11377.685901,3789.667871,GROWTH,561.077872,79.0
CASE_15118,EXHAUSTED_ZONE,DEGRADING,HIGH,STRONG,FAIL,FAIL,True,4,0,4,0,14.296612,-1.988077,23264.181617,7689.56467,BREAKDOWN,5178.401092,19.310658
CASE_15130,FATIGUE_ZONE,STRENGTHENING,HIGH,STRONG,HOLD,HOLD,True,6,0,0,6,75.889491,2.648078,13279.292573,3654.423708,GROWTH,755.249086,79.0
CASE_15138,FATIGUE_ZONE,STRENGTHENING,MEDIUM,MODERATE,HOLD,HOLD,True,2,0,0,2,62.529412,4.583712,6253.019275,3244.908967,GROWTH,3130.852912,77.304849
CASE_15141,EXHAUSTED_ZONE,TERMINAL,HIGH,STRONG,FAIL,FAIL,True,4,1,2,0,15.698987,-1.135084,16758.015173,5489.95079,BREAKDOWN,2273.704634,17.781935
CASE_15148,EXHAUSTED_ZONE,TERMINAL,HIGH,STRONG,FAIL,FAIL,True,3,1,2,0,17.850687,-1.326339,10509.393858,3981.251751,BREAKDOWN,3652.915738,14.357721
CASE_15152,FATIGUE_ZONE,STRENGTHENING,HIGH,STRONG,HOLD,HOLD,True,3,0,0,3,73.059406,3.445544,5035.671187,2383.681894,GROWTH,1929.184781,79.0
CASE_15157,EXHAUSTED_ZONE,TERMINAL,HIGH,STRONG,FAIL,FAIL,True,3,1,1,0,16.588421,-2.10579,10221.885662,3890.774405,BREAKDOWN,3536.788989,13.829768
CASE_15193,ELASTIC_ZONE,STRENGTHENING,MEDIUM,MODERATE,HOLD,HOLD,True,2,0,0,2,75.142524,7.45631,4004.991849,2106.354489,GROWTH,2026.455214,86.56
CASE_15202,RIGID_ZONE,DEGRADING,MEDIUM,MODERATE,FAIL,HOLD,False,2,0,2,0,75.642108,-1.064608,7447.12406,3787.145362,ABSORPTION,3333.988562,76.422553
CASE_15209,RECOVERED_ZONE,STRENGTHENING,HIGH,STRONG,HOLD,HOLD,True,3,0,0,3,119.708679,2.603773,23483.790249,8762.733126,GROWTH,61.239458,121.52
CASE_15210,FATIGUE_ZONE,STRENGTHENING,HIGH,STRONG,HOLD,HOLD,True,3,0,0,3,72.954245,2.057141,12069.168393,4868.785766,GROWTH,911.067036,81.76
CASE_15214,EXHAUSTED_ZONE,TERMINAL,HIGH,STRONG,FAIL,FAIL,True,3,1,1,0,17.352481,-1.952021,11820.549212,6228.318746,BREAKDOWN,4233.9679,13.393166
CASE_15221,ELASTIC_ZONE,STRENGTHENING,MEDIUM,MODERATE,HOLD,HOLD,True,2,0,0,2,81.6,14.117647,5587.237303,3068.561266,GROWTH,2987.730943,85.6
CASE_15222,ELASTIC_ZONE,STRENGTHENING,MEDIUM,MODERATE,HOLD,HOLD,True,2,0,0,2,78.466535,14.257426,5990.862702,3122.156103,GROWTH,2953.761382,85.12
CASE_15238,RECOVERED_ZONE,STRENGTHENING,MEDIUM,MODERATE,HOLD,HOLD,True,2,0,0,2,115.351287,11.168317,13777.550468,7328.771648,GROWTH,6371.685505,122.48
CASE_15241,FATIGUE_ZONE,STRENGTHENING,HIGH,STRONG,HOLD,HOLD,True,4,0,0,4,78.497778,5.622222,16627.131736,4711.069008,GROWTH,1989.576101,82.72
CASE_15242,FATIGUE_ZONE,STRENGTHENING,HIGH,STRONG,HOLD,HOLD,True,4,0,0,4,76.777143,5.394286,13494.044261,4369.344875,GROWTH,3236.859661,82.72
CASE_15263,ELASTIC_ZONE,STRENGTHENING,MEDIUM,MODERATE,HOLD,HOLD,True,2,0,0,2,75.446154,8.538462,12293.633262,6218.276613,GROWTH,5737.842907,85.6
CASE_15264,ELASTIC_ZONE,STRENGTHENING,MEDIUM,MODERATE,HOLD,HOLD,True,2,0,0,2,75.616449,8.299066,13554.38711,7030.628805,GROWTH,7064.611512,87.28
CASE_15266,FATIGUE_ZONE,STRENGTHENING,MEDIUM,MODERATE,HOLD,HOLD,True,2,0,0,2,77.407569,14.96051,6293.26628,3506.832558,GROWTH,442.558326,80.8
CASE_15270,FATIGUE_ZONE,STRENGTHENING,HIGH,STRONG,HOLD,HOLD,True,5,0,0,5,76.434808,3.250872,8949.685746,2341.594191,GROWTH,1719.469983,79.0
CASE_15278,FATIGUE_ZONE,STRENGTHENING,HIGH,STRONG,HOLD,HOLD,True,3,0,0,3,73.506308,8.903639,5973.178127,2813.071564,GROWTH,2976.777573,79.0
CASE_15279,EXHAUSTED_ZONE,DEGRADING,HIGH,STRONG,FAIL,FAIL,True,3,0,2,0,17.952536,-1.294812,9955.750439,3773.290564,BREAKDOWN,2499.019755,18.544428
CASE_15280,EXHAUSTED_ZONE,DEGRADING,HIGH,STRONG,FAIL,FAIL,True,3,0,2,0,19.937552,-0.589042,10748.112016,4476.542279,BREAKDOWN,5340.593044,19.146488
CASE_15291,RECOVERED_ZONE,STRENGTHENING,HIGH,STRONG,HOLD,HOLD,True,5,0,0,5,108.416727,3.169499,18965.991178,4692.496153,GROWTH,5578.388124,116.0
CASE_15293,EXHAUSTED_ZONE,TERMINAL,HIGH,STRONG,FAIL,FAIL,True,6,2,2,0,19.093476,-0.525511,17802.696042,4306.999999,BREAKDOWN,1223.36383,19.778667
CASE_15295,EXHAUSTED_ZONE,TERMINAL,HIGH,STRONG,FAIL,FAIL,True,4,3,1,0,15.948621,-0.783521,22148.730922,5906.440739,BREAKDOWN,3854.318426,14.404761
CASE_15303,EXHAUSTED_ZONE,TERMINAL,HIGH,STRONG,FAIL,FAIL,True,3,1,2,0,15.661844,-2.366565,12509.913997,4831.112499,BREAKDOWN,4292.15002,17.508973
CASE_15312,FATIGUE_ZONE,STRENGTHENING,HIGH,STRONG,HOLD,HOLD,True,4,0,0,4,76.436893,4.853992,13375.806803,3992.417281,GROWTH,1483.020603,79.0
CASE_15313,FATIGUE_ZONE,STRENGTHENING,HIGH,STRONG,HOLD,HOLD,True,6,0,0,6,76.623762,4.055365,11032.865705,2331.602616,GROWTH,734.979222,79.0
CASE_15314,FATIGUE_ZONE,STRENGTHENING,HIGH,STRONG,HOLD,HOLD,True,5,0,0,5,75.271845,3.708086,9939.866008,2283.014486,GROWTH,1089.231076,79.0
CASE_15315,EXHAUSTED_ZONE,TERMINAL,HIGH,STRONG,FAIL,FAIL,True,5,1,4,0,14.458114,-1.411708,24805.151065,6093.936736,BREAKDOWN,4246.21845,19.876436
CASE_15321,EXHAUSTED_ZONE,TERMINAL,HIGH,STRONG,FAIL,FAIL,True,5,2,3,0,16.532956,-0.927043,32151.302467,8756.233209,BREAKDOWN,2312.368427,19.920661
CASE_15333,ELASTIC_ZONE,STRENGTHENING,HIGH,STRONG,HOLD,HOLD,True,3,0,0,3,62.048918,2.066965,14056.488638,5123.814687,GROWTH,7214.109189,76.274612
CASE_15334,EXHAUSTED_ZONE,DEGRADING,HIGH,STRONG,FAIL,FAIL,True,3,0,2,0,18.77031,-0.720246,10842.924096,4209.708068,BREAKDOWN,6965.180713,16.615241
CASE_15337,EXHAUSTED_ZONE,TERMINAL,HIGH,STRONG,FAIL,FAIL,True,4,2,2,0,20.067395,0.9759,26794.309272,9461.320012,BREAKDOWN,4110.26796,16.36364
CASE_15340,EXHAUSTED_ZONE,TERMINAL,HIGH,STRONG,FAIL,FAIL,True,7,1,3,0,19.556468,-0.482399,31444.758401,6429.82739,BREAKDOWN,3038.94485,16.307017
CASE_15341,FATIGUE_ZONE,STRENGTHENING,HIGH,STRONG,HOLD,HOLD,True,6,0,0,6,71.543689,3.455938,11666.576122,2712.673595,GROWTH,2029.376972,79.0
CASE_15342,EXHAUSTED_ZONE,DEGRADING,HIGH,STRONG,FAIL,FAIL,True,6,0,5,0,17.65708,-1.007513,31238.333304,8092.310888,BREAKDOWN,5604.353226,13.201017
CASE_15344,EXHAUSTED_ZONE,DEGRADING,HIGH,STRONG,FAIL,FAIL,True,5,0,4,0,15.540781,-0.959734,23526.562301,7343.943694,BREAKDOWN,3309.958836,17.370124
CASE_15351,FATIGUE_ZONE,STRENGTHENING,HIGH,STRONG,HOLD,HOLD,True,4,0,0,4,75.635514,7.2,10004.298861,4825.886175,GROWTH,1465.598177,79.0
CASE_15355,FATIGUE_ZONE,STRENGTHENING,MEDIUM,MODERATE,HOLD,HOLD,True,2,0,0,2,58.610619,2.973451,3650.108338,2044.038311,GROWTH,4098.679415,78.575221
CASE_15356,EXHAUSTED_ZONE,TERMINAL,HIGH,STRONG,FAIL,FAIL,True,4,2,1,0,18.061593,-1.021982,17436.361266,6988.542498,BREAKDOWN,4868.792056,16.806371
CASE_15358,EXHAUSTED_ZONE,TERMINAL,HIGH,STRONG,FAIL,FAIL,True,3,1,2,0,17.966062,-0.75598,12871.714135,6116.865734,BREAKDOWN,5849.001822,19.448343
CASE_15378,FATIGUE_ZONE,STRENGTHENING,MEDIUM,MODERATE,HOLD,HOLD,True,2,0,0,2,72.769231,7.563691,7870.908688,3974.894019,GROWTH,4228.558688,79.0
CASE_15394,FATIGUE_ZONE,STRENGTHENING,MEDIUM,MODERATE,HOLD,HOLD,True,2,0,0,2,66.168317,7.603961,3727.076977,2228.45953,GROWTH,2784.686242,78.788683
CASE_15417,EXHAUSTED_ZONE,DEGRADING,MEDIUM,MODERATE,FAIL,FAIL,True,2,0,2,0,19.380585,-1.269416,5529.112353,3413.279495,BREAKDOWN,4071.326917,18.752847
CASE_15420,EXHAUSTED_ZONE,TERMINAL,HIGH,STRONG,FAIL,FAIL,True,5,2,3,0,19.094582,-0.276436,18495.601001,4235.543148,BREAKDOWN,3709.238055,16.450248
CASE_15425,EXHAUSTED_ZONE,TERMINAL,HIGH,STRONG,FAIL,FAIL,True,3,1,2,0,17.490937,-1.280323,13597.476946,6341.675832,BREAKDOWN,2418.094548,15.266253
CASE_15428,EXHAUSTED_ZONE,TERMINAL,HIGH,STRONG,FAIL,FAIL,True,3,1,2,0,14.097121,-3.230003,10872.873761,5790.440391,BREAKDOWN,5156.40316,12.268547
CASE_15430,FATIGUE_ZONE,STRENGTHENING,HIGH,STRONG,HOLD,HOLD,True,3,0,0,3,73.534653,8.910891,5531.142425,2937.061207,GROWTH,2809.385739,79.0
CASE_15431,FATIGUE_ZONE,STRENGTHENING,HIGH,STRONG,HOLD,HOLD,True,4,0,0,4,72.584158,5.268453,7749.149696,2953.500566,GROWTH,2825.110351,79.0
CASE_15453,FATIGUE_ZONE,STRENGTHENING,HIGH,STRONG,HOLD,HOLD,True,4,0,0,4,73.392523,5.315888,9095.757097,3101.291766,GROWTH,3369.905281,72.891825
CASE_15455,FATIGUE_ZONE,STRENGTHENING,HIGH,STRONG,HOLD,HOLD,True,3,0,0,3,70.294118,3.522558,3929.916766,1942.655036,GROWTH,2176.911242,75.415848
CASE_15481,FATIGUE_ZONE,STRENGTHENING,MEDIUM,MODERATE,HOLD,HOLD,True,2,0,0,2,62.697387,7.697387,3147.618198,2839.484344,GROWTH,2781.469192,79.0
CASE_15489,EXHAUSTED_ZONE,DEGRADING,HIGH,STRONG,FAIL,HOLD,False,3,0,2,0,17.460734,-1.233423,11664.692368,4209.077446,RECLAIM,4714.862778,18.939047
CASE_15493,FATIGUE_ZONE,STRENGTHENING,MEDIUM,MODERATE,HOLD,HOLD,True,2,0,0,2,58.508937,1.214819,2656.001041,1829.789973,GROWTH,3169.030756,79.0
CASE_15507,FATIGUE_ZONE,STRENGTHENING,HIGH,STRONG,HOLD,HOLD,True,3,0,0,3,76.923077,10.73077,7568.601247,3599.764575,GROWTH,597.907788,70.695703
CASE_15509,RECOVERED_ZONE,STRENGTHENING,MEDIUM,MODERATE,HOLD,HOLD,True,2,0,0,2,106.552453,8.603774,14077.299797,7287.434181,GROWTH,4250.163561,111.76
CASE_15519,FATIGUE_ZONE,STRENGTHENING,MEDIUM,MODERATE,HOLD,HOLD,True,2,0,0,2,66.531648,7.881551,4498.25335,2358.266931,GROWTH,2546.231524,80.32
CASE_15526,FATIGUE_ZONE,STRENGTHENING,MEDIUM,MODERATE,HOLD,HOLD,True,2,0,0,2,70.556559,9.853589,4612.81546,2750.054678,GROWTH,2833.618731,78.262768
CASE_15574,RECOVERED_ZONE,STRENGTHENING,HIGH,STRONG,HOLD,HOLD,True,3,0,0,3,113.882353,8.054201,17052.889483,6343.070167,GROWTH,6466.509143,116.0
CASE_15589,FATIGUE_ZONE,STRENGTHENING,MEDIUM,MODERATE,HOLD,HOLD,True,2,0,0,2,97.943158,6.31579,5428.400693,2868.646481,GROWTH,3494.311732,112.68
CASE_15607,FATIGUE_ZONE,STRENGTHENING,MEDIUM,MODERATE,HOLD,HOLD,True,2,0,0,2,74.589424,19.067785,7757.597715,4037.093286,GROWTH,1768.848979,79.0
CASE_15636,EXHAUSTED_ZONE,TERMINAL,HIGH,STRONG,FAIL,FAIL,True,3,1,2,0,18.028776,-1.870261,12924.972286,4628.407185,BREAKDOWN,4059.546007,17.409709
CASE_15640,RECOVERED_ZONE,STRENGTHENING,HIGH,STRONG,HOLD,HOLD,True,4,0,0,4,122.588235,6.988235,42904.077625,12655.937459,GROWTH,1621.667285,124.0
CASE_15649,RECOVERED_ZONE,STRENGTHENING,MEDIUM,MODERATE,HOLD,HOLD,True,2,0,0,2,112.249231,10.846154,15936.790042,8306.000629,GROWTH,8982.049232,115.48
CASE_15650,RECOVERED_ZONE,STRENGTHENING,HIGH,STRONG,HOLD,HOLD,True,3,0,0,3,115.242718,5.009708,16265.108606,6486.774303,GROWTH,4969.399755,122.0
CASE_15652,FATIGUE_ZONE,STRENGTHENING,HIGH,STRONG,HOLD,HOLD,True,4,0,0,4,68.845516,4.271327,10324.520144,3016.250825,GROWTH,3135.855528,79.84
CASE_15653,EXHAUSTED_ZONE,DEGRADING,HIGH,STRONG,FAIL,FAIL,True,3,0,3,0,17.555286,-1.376765,10311.900048,3935.360101,BREAKDOWN,5881.129353,19.966729
CASE_15655,FATIGUE_ZONE,STRENGTHENING,MEDIUM,MODERATE,HOLD,HOLD,True,2,0,0,2,68.543328,6.779692,3893.974331,1998.529988,GROWTH,2015.554011,79.0
CASE_15656,FATIGUE_ZONE,STRENGTHENING,HIGH,STRONG,HOLD,HOLD,True,4,0,0,4,72.454545,5.895865,6989.586431,2366.343267,GROWTH,1268.231939,79.0
CASE_15657,EXHAUSTED_ZONE,DEGRADING,HIGH,STRONG,FAIL,FAIL,True,3,0,3,0,15.057706,-1.744131,15541.615671,5413.460847,BREAKDOWN,5452.608061,19.25806
CASE_15658,FATIGUE_ZONE,STRENGTHENING,MEDIUM,MODERATE,HOLD,HOLD,True,2,0,0,2,64.703715,3.934484,5138.53009,2601.196691,GROWTH,2848.927845,79.0
CASE_15687,FATIGUE_ZONE,STRENGTHENING,HIGH,STRONG,HOLD,HOLD,True,4,0,0,4,76.754587,5.388235,17818.931449,5703.478099,GROWTH,3815.63319,82.872234
CASE_15692,FATIGUE_ZONE,STRENGTHENING,HIGH,STRONG,HOLD,HOLD,True,4,0,0,4,71.07767,4.776699,15355.469046,5696.891974,GROWTH,3925.535451,79.0
CASE_15693,FATIGUE_ZONE,STRENGTHENING,HIGH,STRONG,HOLD,HOLD,True,4,0,0,4,76.056604,6.792453,16742.398496,6126.113332,GROWTH,932.312758,79.0
CASE_15695,EXHAUSTED_ZONE,DEGRADING,MEDIUM,MODERATE,FAIL,FAIL,True,2,0,2,0,16.734448,-3.851703,8440.299399,6030.756167,BREAKDOWN,5905.660692,13.009878
CASE_15696,EXHAUSTED_ZONE,DEGRADING,HIGH,STRONG,FAIL,FAIL,True,3,0,3,0,15.588017,-2.332272,16670.762805,6245.806746,BREAKDOWN,4549.318998,18.147478
CASE_15697,FATIGUE_ZONE,STRENGTHENING,HIGH,STRONG,HOLD,HOLD,True,3,0,0,3,69.096939,6.465945,8940.564738,3453.633801,GROWTH,2600.057953,79.0
CASE_15703,EXHAUSTED_ZONE,TERMINAL,HIGH,STRONG,FAIL,FAIL,True,6,2,3,0,18.619918,-0.274235,21930.95164,5970.291204,BREAKDOWN,140.744947,19.16624
CASE_15708,FATIGUE_ZONE,STRENGTHENING,MEDIUM,MODERATE,HOLD,HOLD,True,2,0,0,2,64.663511,1.657283,4877.990511,2493.49478,GROWTH,2733.210003,79.0
CASE_15712,EXHAUSTED_ZONE,TERMINAL,HIGH,STRONG,FAIL,FAIL,True,4,1,3,0,15.601289,-1.686471,11712.087117,4387.781799,BREAKDOWN,5164.640206,18.050431
CASE_15713,FATIGUE_ZONE,STRENGTHENING,HIGH,STRONG,HOLD,HOLD,True,3,0,0,3,66.730339,4.914674,8568.694675,3302.585485,GROWTH,3707.52315,79.0
CASE_15719,FATIGUE_ZONE,STRENGTHENING,MEDIUM,MODERATE,HOLD,HOLD,True,2,0,0,2,76.669903,7.278327,6693.693616,3683.546582,GROWTH,1014.967436,79.0
CASE_15725,FATIGUE_ZONE,STRENGTHENING,MEDIUM,MODERATE,HOLD,HOLD,True,2,0,0,2,74.354839,9.096774,4117.330686,2136.935202,GROWTH,354.467525,79.0
CASE_15731,EXHAUSTED_ZONE,TERMINAL,HIGH,STRONG,FAIL,FAIL,True,3,2,1,0,15.579508,-0.416729,9635.020468,3747.266741,BREAKDOWN,3465.972281,17.275387
CASE_15732,ELASTIC_ZONE,STRENGTHENING,HIGH,STRONG,HOLD,HOLD,True,3,0,0,3,69.964484,2.769794,9539.526674,3435.826049,GROWTH,3438.065723,79.67759
CASE_15735,FATIGUE_ZONE,STRENGTHENING,HIGH,STRONG,HOLD,HOLD,True,3,0,0,3,70.970809,6.20678,5231.431734,1942.724815,GROWTH,1606.067441,80.32
CASE_15736,EXHAUSTED_ZONE,TERMINAL,HIGH,STRONG,FAIL,FAIL,True,4,3,1,0,16.435911,-1.272227,12878.055046,3706.815421,BREAKDOWN,3122.834161,14.852138
CASE_15777,RECOVERED_ZONE,STRENGTHENING,MEDIUM,MODERATE,HOLD,HOLD,True,2,0,0,2,106.36,4.846154,16754.242273,9133.898005,GROWTH,11173.431085,121.36
CASE_15784,RECOVERED_ZONE,STRENGTHENING,MEDIUM,MODERATE,HOLD,HOLD,True,2,0,0,2,118.97901,9.267327,21231.026386,10642.989696,GROWTH,10487.266479,120.88
CASE_15788,ELASTIC_ZONE,STRENGTHENING,MEDIUM,MODERATE,HOLD,HOLD,True,2,0,0,2,83.085714,5.714285,5178.813953,2765.734998,GROWTH,418.180435,85.6
CASE_15789,FATIGUE_ZONE,STRENGTHENING,MEDIUM,MODERATE,HOLD,HOLD,True,2,0,0,2,80.467692,5.76923,8193.905996,4395.235733,GROWTH,2086.32605,84.16
CASE_15790,FATIGUE_ZONE,STRENGTHENING,HIGH,STRONG,HOLD,HOLD,True,3,0,0,3,78.697143,7.314286,8910.596629,3574.908153,GROWTH,1727.567341,84.64
CASE_15791,ELASTIC_ZONE,STRENGTHENING,HIGH,STRONG,HOLD,HOLD,True,3,0,0,3,78.143689,7.45631,11664.54287,4791.098933,GROWTH,4537.888217,85.6
CASE_15794,ELASTIC_ZONE,STRENGTHENING,HIGH,STRONG,HOLD,HOLD,True,3,0,0,3,73.364706,3.17647,13350.432701,4820.265456,GROWTH,5050.144038,85.6
CASE_15799,ELASTIC_ZONE,STRENGTHENING,MEDIUM,MODERATE,HOLD,HOLD,True,2,0,0,2,64.931485,2.851485,5028.141354,2577.205261,GROWTH,3172.266119,86.08
CASE_15810,ELASTIC_ZONE,STRENGTHENING,HIGH,STRONG,HOLD,HOLD,True,4,0,0,4,82.753267,5.607921,20429.023478,5312.474957,GROWTH,4168.148547,86.08
CASE_15818,EXHAUSTED_ZONE,TERMINAL,MEDIUM,MODERATE,FAIL,FAIL,True,2,1,1,0,21.691319,-3.024799,8013.138949,4123.209051,BREAKDOWN,2854.194203,20.282347
CASE_15820,EXHAUSTED_ZONE,TERMINAL,MEDIUM,MODERATE,FAIL,FAIL,True,2,1,1,0,21.66726,-2.981886,8316.282951,4298.537518,BREAKDOWN,5030.691101,19.504734
CASE_15831,FATIGUE_ZONE,STRENGTHENING,HIGH,STRONG,HOLD,HOLD,True,3,0,0,3,70.504425,6.902655,10305.470502,5894.42503,GROWTH,2213.171495,79.0
CASE_15840,EXHAUSTED_ZONE,DEGRADING,HIGH,STRONG,FAIL,FAIL,True,3,0,3,0,15.322348,-1.901527,14346.639135,5050.356483,BREAKDOWN,3408.359876,19.354071
CASE_15869,EXHAUSTED_ZONE,TERMINAL,MEDIUM,MODERATE,FAIL,FAIL,True,2,2,0,0,17.712758,2.611795,7551.867257,4192.496552,BREAKDOWN,3973.928924,12.246946
CASE_15886,EXHAUSTED_ZONE,TERMINAL,MEDIUM,MODERATE,FAIL,FAIL,True,2,1,1,0,23.321792,-0.240211,7715.732686,6291.641792,BREAKDOWN,2348.516695,20.69698
CASE_15887,EXHAUSTED_ZONE,TERMINAL,HIGH,STRONG,FAIL,FAIL,True,5,4,1,0,21.627117,-0.112466,25206.805868,6638.63942,BREAKDOWN,1237.257064,22.208159
CASE_15888,EXHAUSTED_ZONE,TERMINAL,HIGH,STRONG,FAIL,FAIL,True,7,4,2,0,21.667775,-0.363695,31014.039945,7055.182137,BREAKDOWN,1498.958074,22.042618
CASE_15892,RECOVERED_ZONE,STRENGTHENING,HIGH,STRONG,HOLD,HOLD,True,4,0,0,4,109.091327,6.902655,41177.461512,11262.326055,GROWTH,1946.557395,111.64
CASE_15893,FATIGUE_ZONE,STRENGTHENING,MEDIUM,MODERATE,HOLD,HOLD,True,2,0,0,2,78.927059,13.252608,8505.285168,4261.285624,GROWTH,544.10154,81.28
CASE_15904,ELASTIC_ZONE,STRENGTHENING,MEDIUM,MODERATE,HOLD,HOLD,True,2,0,0,2,115.969901,15.207921,10135.30684,5099.664635,GROWTH,4791.13208,120.722376
CASE_15921,EXHAUSTED_ZONE,TERMINAL,MEDIUM,MODERATE,FAIL,FAIL,True,2,2,0,0,24.708596,0.030322,7396.69608,5091.668148,BREAKDOWN,5390.134197,22.844202
CASE_15924,RIGID_ZONE,DEGRADING,MEDIUM,MODERATE,FAIL,HOLD,False,2,0,1,0,76.342546,-0.542617,11165.076887,5755.254185,ABSORPTION,5475.672209,76.686127
