analysis_run_utc,case_id,episode_id,zone_id,zone_mechanical_state,visit_count,health_state,structural_trajectory,trajectory_score,trajectory_confidence,trajectory_direction,health_slope,health_total_change,health_last_visit,omega_total,omega_max,omega_mean,attacker_force_total,attacker_force_max,damage_visit_count,growth_visit_count,breakdown_visit_count,absorption_visit_count,sigma_barre_zone,sigma_at_return,omega_stress_area,zone_penetration_depth,zone_strength_score,attacker_force_score,force_ratio,prediction_score,structural_prediction,prediction_confidence,prediction_reason,research_only,pred_label
2026-06-06 22:43 UTC,CASE_00025,25,ZONE_CASE_00025_EP_25,EXHAUSTED_ZONE,4,HEALTH_COLLAPSING,TERMINAL,-100.0,HIGH,NEGATIVE,-2.203268,-8.240994,12.559006,35720.02976,10006.693851,8930.00744,77.173022,21.886186,2,0,2,0,26.423048,41.516457,1242.423568,25.91,44.85426,31.128337,0.693988,-100.0,FAIL,HIGH,trajectory=TERMINAL; breakdown_count=2,True,FAIL
2026-06-06 22:43 UTC,CASE_00028,28,ZONE_CASE_00028_EP_28,EXHAUSTED_ZONE,2,UNKNOWN,DEGRADING,-41.951445,MEDIUM,NEGATIVE,1.016185,-0.462284,20.337716,14981.562629,7594.685798,7490.781315,39.421371,20.054883,1,0,0,1,20.884488,27.6332,607.368064,19.03,47.48664,26.684919,0.561946,-41.951445,FAIL,MEDIUM,trajectory=DEGRADING; breakdown_count=0,True,FAIL
2026-06-06 22:43 UTC,CASE_00032,32,ZONE_CASE_00032_EP_32,FATIGUE_ZONE,4,HEALTH_STRENGTHENING,STRENGTHENING,90.38812,HIGH,POSITIVE,6.79604,19.722772,74.722772,13600.67799,7120.628794,3400.169498,62.238459,28.974814,0,4,0,0,11.79964,545.10689,127474.799781,202.47,52.875093,25.831935,0.488546,85.38812,HOLD,HIGH,"trajectory=STRENGTHENING; growth=4, damage=0, breakdown=0; health_state=HEALTH_STRENGTHENING",True,HOLD
2026-06-06 22:43 UTC,CASE_00041,41,ZONE_CASE_00041_EP_41,ELASTIC_ZONE,3,HEALTH_STRENGTHENING,STRENGTHENING,83.862727,HIGH,POSITIVE,4.620909,9.692308,64.692308,7020.709268,2936.764322,2340.236423,45.633215,15.71293,0,3,0,0,13.286325,624.78187,110069.165319,152.53,52.9756,25.846819,0.4879,78.862727,HOLD,HIGH,"trajectory=STRENGTHENING; growth=3, damage=0, breakdown=0; health_state=HEALTH_STRENGTHENING",True,HOLD
2026-06-06 22:43 UTC,CASE_00053,53,ZONE_CASE_00053_EP_53,RECOVERED_ZONE,4,HEALTH_STRENGTHENING,STRENGTHENING,86.251129,HIGH,POSITIVE,5.417043,18.349148,110.349148,16094.659261,4845.855138,4023.664815,68.680043,20.28511,0,4,0,0,20.312634,2.302985,6.224278,3.6,99.8866,26.292674,0.263225,93.251129,HOLD,HIGH,"trajectory=STRENGTHENING; growth=4, damage=0, breakdown=0; health_state=HEALTH_STRENGTHENING",True,HOLD
2026-06-06 22:43 UTC,CASE_00056,56,ZONE_CASE_00056_EP_56,EXHAUSTED_ZONE,5,HEALTH_COLLAPSING,TERMINAL,-98.62808,HIGH,NEGATIVE,-1.20936,-4.460318,16.839682,26297.109857,6396.048244,5259.421971,88.956737,27.079607,3,0,1,1,33.091988,36.780833,1072.667018,25.25,43.352432,34.828434,0.803379,-100.0,FAIL,HIGH,trajectory=TERMINAL; breakdown_count=1,True,FAIL
2026-06-06 22:43 UTC,CASE_00058,58,ZONE_CASE_00058_EP_58,EXHAUSTED_ZONE,3,HEALTH_COLLAPSING,TERMINAL,-100.0,HIGH,NEGATIVE,-2.143202,-5.413072,15.386928,19444.451848,7099.089913,6481.483949,63.609588,26.382612,1,0,2,0,31.024831,7.94808,53.335988,5.81,31.796847,47.445057,1.492131,-100.0,FAIL,HIGH,trajectory=TERMINAL; breakdown_count=2,True,FAIL
2026-06-06 22:43 UTC,CASE_00071,71,ZONE_CASE_00071_EP_71,FATIGUE_ZONE,4,HEALTH_STRENGTHENING,STRENGTHENING,84.905965,HIGH,POSITIVE,4.968655,15.378953,70.378953,6888.479676,1777.665391,1722.119919,82.940848,22.33559,0,4,0,0,10.75941,103.653389,3370.10855,28.15,90.3663,24.837914,0.274858,86.905965,HOLD,HIGH,"trajectory=STRENGTHENING; growth=4, damage=0, breakdown=0; health_state=HEALTH_STRENGTHENING",True,HOLD
2026-06-06 22:43 UTC,CASE_00072,72,ZONE_CASE_00072_EP_72,FATIGUE_ZONE,3,HEALTH_STRENGTHENING,STRENGTHENING,85.131391,HIGH,POSITIVE,5.043797,10.558182,65.558182,4253.308043,1847.982661,1417.769348,52.744026,20.814109,0,3,0,0,8.861057,13.742243,68.409573,4.31,98.4491,24.071852,0.244511,87.131391,HOLD,HIGH,"trajectory=STRENGTHENING; growth=3, damage=0, breakdown=0; health_state=HEALTH_STRENGTHENING",True,HOLD
2026-06-06 22:43 UTC,CASE_00079,79,ZONE_CASE_00079_EP_79,EXHAUSTED_ZONE,2,HEALTH_COLLAPSING,TERMINAL,-93.945264,MEDIUM,NEGATIVE,-1.315088,-3.836018,16.963982,5083.181989,3411.385402,2541.590994,54.356954,32.523459,0,0,2,0,15.033722,105.899667,8892.236188,72.7,26.310349,34.143242,1.297711,-100.0,FAIL,MEDIUM,trajectory=TERMINAL; breakdown_count=2,True,FAIL
2026-06-06 22:43 UTC,CASE_00105,105,ZONE_CASE_00105_EP_105,FATIGUE_ZONE,3,HEALTH_STRENGTHENING,STRENGTHENING,79.193029,HIGH,POSITIVE,3.064343,9.742574,64.742574,4001.940817,1572.429872,1333.980272,51.87671,20.282533,0,3,0,0,10.83442,393.077976,46689.880605,102.84,63.136352,24.260436,0.384255,74.193029,HOLD,HIGH,"trajectory=STRENGTHENING; growth=3, damage=0, breakdown=0; health_state=HEALTH_STRENGTHENING",True,HOLD
2026-06-06 22:43 UTC,CASE_00106,106,ZONE_CASE_00106_EP_106,EXHAUSTED_ZONE,4,HEALTH_COLLAPSING,TERMINAL,-100.0,HIGH,NEGATIVE,-2.572496,-8.954431,12.345569,9922.492638,3114.183877,2480.623159,75.226793,27.407311,2,0,1,1,19.195146,107.6046,11731.101914,94.39,42.273923,29.810419,0.705173,-100.0,FAIL,HIGH,trajectory=TERMINAL; breakdown_count=1,True,FAIL
2026-06-06 22:43 UTC,CASE_00107,107,ZONE_CASE_00107_EP_107,EXHAUSTED_ZONE,4,HEALTH_COLLAPSING,TERMINAL,-100.0,HIGH,NEGATIVE,-2.478926,-8.328956,12.471044,9114.915141,2975.521093,2278.728785,73.026434,27.407311,1,0,1,2,18.340459,89.308233,6324.188369,61.31,42.844646,31.424809,0.733459,-100.0,FAIL,HIGH,trajectory=TERMINAL; breakdown_count=1,True,FAIL
2026-06-06 22:43 UTC,CASE_00108,108,ZONE_CASE_00108_EP_108,EXHAUSTED_ZONE,1,HEALTH_COLLAPSING,TERMINAL,-90.0,LOW,NEGATIVE,,-6.647968,14.152032,3004.545971,3004.545971,3004.545971,25.570799,25.570799,0,0,1,0,15.756638,1.898466,2.938256,1.34,31.502314,33.163337,1.052727,0.0,NO_PREDICTION,LOW,confidence=LOW; visit_count=1 — insufficient structural evidence,True,NO_PREDICTION
2026-06-06 22:43 UTC,CASE_00130,130,ZONE_CASE_00130_EP_130,EXHAUSTED_ZONE,3,HEALTH_WEAKENING,DEGRADING,-51.097863,HIGH,NEGATIVE,-2.032621,-5.609047,15.190953,14203.695217,4814.583841,4734.565072,57.016176,22.032451,3,0,0,0,21.521986,4.807,16.656255,3.0,55.773259,25.578767,0.458621,-66.097863,FAIL,HIGH,trajectory=DEGRADING; breakdown_count=0,True,FAIL
2026-06-06 22:43 UTC,CASE_00134,134,ZONE_CASE_00134_EP_134,EXHAUSTED_ZONE,5,HEALTH_WEAKENING,DEGRADING,-48.483375,HIGH,NEGATIVE,-1.161125,-6.164113,15.135887,15076.919494,4163.672165,3015.383899,73.817368,20.71875,3,0,0,2,21.486005,24.96144,411.699014,14.28,55.72732,28.898541,0.51857,-63.483375,FAIL,HIGH,trajectory=DEGRADING; breakdown_count=0,True,FAIL
2026-06-06 22:43 UTC,CASE_00143,143,ZONE_CASE_00143_EP_143,EXHAUSTED_ZONE,3,HEALTH_COLLAPSING,TERMINAL,-99.82697,HIGH,NEGATIVE,-1.60899,-3.445599,17.354401,8979.311074,4277.3052,2993.103691,42.079213,18.730041,2,0,1,0,17.524584,96.15672,8516.158369,76.68,27.569915,37.615231,1.364358,-100.0,FAIL,HIGH,trajectory=TERMINAL; breakdown_count=1,True,FAIL
2026-06-06 22:43 UTC,CASE_00157,157,ZONE_CASE_00157_EP_157,RECOVERED_ZONE,7,HEALTH_STRENGTHENING,STRENGTHENING,80.510401,HIGH,POSITIVE,3.503467,20.970874,107.650874,31950.764421,6912.07436,4564.394917,106.229351,19.009095,0,7,0,0,29.653414,104.58558,13271.614167,176.07,96.4731,29.444358,0.305208,80.510401,HOLD,HIGH,"trajectory=STRENGTHENING; growth=7, damage=0, breakdown=0; health_state=HEALTH_STRENGTHENING",True,HOLD
2026-06-06 22:43 UTC,CASE_00158,158,ZONE_CASE_00158_EP_158,EXHAUSTED_ZONE,7,HEALTH_WEAKENING,DEGRADING,-47.095536,HIGH,NEGATIVE,-0.698512,-2.720851,18.079149,21867.330425,4291.609031,3123.904346,139.06408,31.679222,5,0,0,2,22.066837,58.824,3505.792752,51.6,50.75261,32.376851,0.637935,-62.095536,FAIL,HIGH,trajectory=DEGRADING; breakdown_count=0,True,FAIL
2026-06-06 22:43 UTC,CASE_00159,159,ZONE_CASE_00159_EP_159,EXHAUSTED_ZONE,7,HEALTH_WEAKENING,DEGRADING,-46.83867,HIGH,NEGATIVE,-0.61289,-4.423166,16.376834,20607.990783,4298.599261,2943.998683,132.741572,31.679222,5,0,0,2,22.10278,60.98202,3425.216756,48.63,50.63739,33.797218,0.667436,-61.83867,FAIL,HIGH,trajectory=DEGRADING; breakdown_count=0,True,FAIL
2026-06-06 22:43 UTC,CASE_00163,163,ZONE_CASE_00163_EP_163,EXHAUSTED_ZONE,6,HEALTH_COLLAPSING,TERMINAL,-97.520657,HIGH,NEGATIVE,-0.840219,-5.803338,14.996662,13637.867472,4089.208649,2272.977912,77.193134,24.910691,2,0,3,1,16.134222,223.77896,33088.65074,128.02,22.858111,44.388477,1.941914,-100.0,FAIL,HIGH,trajectory=TERMINAL; breakdown_count=3,True,FAIL
2026-06-06 22:43 UTC,CASE_00170,170,ZONE_CASE_00170_EP_170,FATIGUE_ZONE,5,HEALTH_STRENGTHENING,STRENGTHENING,79.735099,HIGH,POSITIVE,3.245033,17.271028,72.271028,6091.853126,1392.677165,1218.370625,110.658428,30.640028,0,5,0,0,9.614129,65.611801,1304.959671,17.22,92.133276,26.409561,0.286645,81.735099,HOLD,HIGH,"trajectory=STRENGTHENING; growth=5, damage=0, breakdown=0; health_state=HEALTH_STRENGTHENING",True,HOLD
2026-06-06 22:43 UTC,CASE_00181,181,ZONE_CASE_00181_EP_181,FATIGUE_ZONE,7,HEALTH_STRENGTHENING,STRENGTHENING,80.701903,HIGH,POSITIVE,3.567301,22.368932,77.368932,20305.943914,4085.328574,2900.849131,117.733225,24.433157,0,7,0,0,13.249167,704.25,190947.704063,234.75,46.492839,29.563563,0.635873,75.701903,HOLD,HIGH,"trajectory=STRENGTHENING; growth=7, damage=0, breakdown=0; health_state=HEALTH_STRENGTHENING",True,HOLD
2026-06-06 22:43 UTC,CASE_00183,183,ZONE_CASE_00183_EP_183,EXHAUSTED_ZONE,5,HEALTH_WEAKENING,DEGRADING,-51.989601,HIGH,NEGATIVE,-2.329867,-9.49867,11.30133,14325.98701,3571.202645,2865.197402,93.103793,26.819806,4,0,0,1,21.658757,94.9278,9129.856781,83.27,47.381309,30.232565,0.638069,-66.989601,FAIL,HIGH,trajectory=DEGRADING; breakdown_count=0,True,FAIL
2026-06-06 22:43 UTC,CASE_00185,185,ZONE_CASE_00185_EP_185,EXHAUSTED_ZONE,5,HEALTH_WEAKENING,DEGRADING,-47.814774,HIGH,NEGATIVE,-0.938258,-4.357548,16.442452,17866.242575,3833.70361,3573.248515,110.280812,26.819016,4,0,0,1,21.612052,85.24692,6693.323893,67.98,49.43599,28.991897,0.586453,-62.814774,FAIL,HIGH,trajectory=DEGRADING; breakdown_count=0,True,FAIL
2026-06-06 22:43 UTC,CASE_00198,198,ZONE_CASE_00198_EP_198,EXHAUSTED_ZONE,2,HEALTH_WEAKENING,DEGRADING,-50.59569,MEDIUM,NEGATIVE,-1.86523,-2.822777,17.977223,9934.262994,5001.004054,4967.131497,38.350814,19.758862,2,0,0,0,18.098577,54.46331,2138.145132,33.99,46.35719,24.562827,0.52986,-65.59569,FAIL,MEDIUM,trajectory=DEGRADING; breakdown_count=0,True,FAIL
2026-06-06 22:43 UTC,CASE_00201,201,ZONE_CASE_00201_EP_201,EXHAUSTED_ZONE,2,HEALTH_COLLAPSING,TERMINAL,-100.0,MEDIUM,NEGATIVE,-4.194318,-5.617854,15.182146,10338.389489,6091.603476,5169.194745,40.912948,25.106915,1,0,1,0,15.724292,185.317133,27230.332738,127.22,23.970518,32.355084,1.349787,-100.0,FAIL,MEDIUM,trajectory=TERMINAL; breakdown_count=1,True,FAIL
2026-06-06 22:43 UTC,CASE_00204,204,ZONE_CASE_00204_EP_204,FATIGUE_ZONE,3,HEALTH_STRENGTHENING,STRENGTHENING,95.0,HIGH,POSITIVE,8.601418,21.696911,76.696911,6655.421791,3127.108254,2218.47393,56.632548,21.818785,0,3,0,0,11.652418,432.469925,61858.422216,123.84,62.8858,24.485139,0.389359,90.0,HOLD,HIGH,"trajectory=STRENGTHENING; growth=3, damage=0, breakdown=0; health_state=HEALTH_STRENGTHENING",True,HOLD
2026-06-06 22:43 UTC,CASE_00205,205,ZONE_CASE_00205_EP_205,FATIGUE_ZONE,3,HEALTH_STRENGTHENING,STRENGTHENING,95.0,HIGH,POSITIVE,8.621359,19.106796,74.106796,6046.565674,3107.043263,2015.521891,48.237301,22.379098,0,3,0,0,11.538441,10.753548,36.143213,2.91,99.068,24.396289,0.246258,97.0,HOLD,HIGH,"trajectory=STRENGTHENING; growth=3, damage=0, breakdown=0; health_state=HEALTH_STRENGTHENING",True,HOLD
2026-06-06 22:43 UTC,CASE_00207,207,ZONE_CASE_00207_EP_207,FATIGUE_ZONE,3,HEALTH_STRENGTHENING,STRENGTHENING,81.647059,HIGH,POSITIVE,3.882353,8.705882,63.705882,4407.215078,2034.315502,1469.071693,52.839431,21.770645,0,3,0,0,10.677483,10.640097,52.844042,4.3,99.0035,23.917501,0.241582,83.647059,HOLD,HIGH,"trajectory=STRENGTHENING; growth=3, damage=0, breakdown=0; health_state=HEALTH_STRENGTHENING",True,HOLD
2026-06-06 22:43 UTC,CASE_00210,210,ZONE_CASE_00210_EP_210,EXHAUSTED_ZONE,2,HEALTH_WEAKENING,DEGRADING,-47.004255,MEDIUM,NEGATIVE,-0.668085,-1.266437,19.533563,3483.965312,1850.411103,1741.982656,23.228971,12.502539,2,0,0,0,15.498147,47.366914,1621.568407,29.64,28.867527,31.33511,1.08548,-74.004255,FAIL,MEDIUM,trajectory=DEGRADING; breakdown_count=0,True,FAIL
2026-06-06 22:43 UTC,CASE_00213,213,ZONE_CASE_00213_EP_213,EXHAUSTED_ZONE,1,UNKNOWN,DEGRADING,-45.0,LOW,NEGATIVE,,-1.454266,19.845734,3554.530772,3554.530772,3554.530772,18.448455,18.448455,1,0,0,0,18.702815,28.252923,658.189983,20.17,48.298699,20.741049,0.429433,0.0,NO_PREDICTION,LOW,confidence=LOW; visit_count=1 — insufficient structural evidence,True,NO_PREDICTION
2026-06-06 22:43 UTC,CASE_00218,218,ZONE_CASE_00218_EP_218,RIGID_ZONE,2,HEALTH_STABLE,STABLE,10.0,MEDIUM,NEUTRAL,-0.355095,-0.355095,77.664905,56087.027548,31926.035047,28043.513774,30.84983,17.497717,1,0,0,1,32.183586,,0.0,0.0,70.097525,14.79931,0.211125,17.0,HOLD,MEDIUM,"trajectory=STABLE; growth=0, damage=1, breakdown=0; health_state=HEALTH_STABLE",True,HOLD
2026-06-06 22:43 UTC,CASE_00226,226,ZONE_CASE_00226_EP_226,FATIGUE_ZONE,3,HEALTH_STRENGTHENING,STRENGTHENING,84.352324,HIGH,POSITIVE,4.784108,14.258182,69.258182,5856.722575,2117.291565,1952.240858,63.445208,23.196261,0,3,0,0,10.674824,352.557009,41282.275156,101.38,64.431602,24.43831,0.379291,79.352324,HOLD,HIGH,"trajectory=STRENGTHENING; growth=3, damage=0, breakdown=0; health_state=HEALTH_STRENGTHENING",True,HOLD
2026-06-06 22:43 UTC,CASE_00229,229,ZONE_CASE_00229_EP_229,RECOVERED_ZONE,5,HEALTH_STRENGTHENING,STRENGTHENING,82.352941,HIGH,POSITIVE,4.117647,19.529412,104.529412,20884.448501,5463.593115,4176.8897,86.226456,22.910418,0,5,0,0,28.480448,87.760263,7688.239376,116.69,96.9186,27.680427,0.285605,89.352941,HOLD,HIGH,"trajectory=STRENGTHENING; growth=5, damage=0, breakdown=0; health_state=HEALTH_STRENGTHENING",True,HOLD
2026-06-06 22:43 UTC,CASE_00230,230,ZONE_CASE_00230_EP_230,FATIGUE_ZONE,5,HEALTH_STRENGTHENING,STRENGTHENING,82.475248,HIGH,POSITIVE,4.158416,19.009901,74.009901,12460.93298,3200.124301,2492.186596,87.179403,21.51077,0,5,0,0,17.108203,322.428795,33594.678344,90.21,81.1536,27.513636,0.339032,82.475248,HOLD,HIGH,"trajectory=STRENGTHENING; growth=5, damage=0, breakdown=0; health_state=HEALTH_STRENGTHENING",True,HOLD
2026-06-06 22:43 UTC,CASE_00241,241,ZONE_CASE_00241_EP_241,FATIGUE_ZONE,1,UNKNOWN,UNKNOWN,5.0,LOW,NEUTRAL,,22.336634,77.336634,3822.640598,3822.640598,3822.640598,29.295776,29.295776,0,1,0,0,11.19521,135.248707,6554.666286,41.96,87.9191,19.906938,0.226423,0.0,NO_PREDICTION,LOW,confidence=LOW; visit_count=1 — insufficient structural evidence,True,NO_PREDICTION
2026-06-06 22:43 UTC,CASE_00242,242,ZONE_CASE_00242_EP_242,EXHAUSTED_ZONE,1,HEALTH_COLLAPSING,TERMINAL,-90.0,LOW,NEGATIVE,,-4.750242,16.049758,5195.420874,5195.420874,5195.420874,29.295776,29.295776,0,0,1,0,15.215615,155.3478,24450.477635,136.27,20.477463,26.519155,1.295041,0.0,NO_PREDICTION,LOW,confidence=LOW; visit_count=1 — insufficient structural evidence,True,NO_PREDICTION
2026-06-06 22:43 UTC,CASE_00244,244,ZONE_CASE_00244_EP_244,FATIGUE_ZONE,4,HEALTH_STRENGTHENING,STRENGTHENING,76.367434,HIGH,POSITIVE,2.122478,10.977557,65.977557,6138.799698,2005.235582,1534.699925,73.170651,23.083032,0,4,0,0,9.601203,14.358517,86.568935,5.22,98.5045,25.556249,0.259442,78.367434,HOLD,HIGH,"trajectory=STRENGTHENING; growth=4, damage=0, breakdown=0; health_state=HEALTH_STRENGTHENING",True,HOLD
2026-06-06 22:43 UTC,CASE_00246,246,ZONE_CASE_00246_EP_246,EXHAUSTED_ZONE,4,HEALTH_WEAKENING,DEGRADING,-47.41902,HIGH,NEGATIVE,-0.80634,-3.021427,17.778573,10254.3054,4219.824282,2563.57635,50.342178,18.446723,3,0,0,1,18.712347,18.84344,255.946677,11.76,48.29918,28.140473,0.582628,-62.41902,FAIL,HIGH,trajectory=DEGRADING; breakdown_count=0,True,FAIL
2026-06-06 22:43 UTC,CASE_00255,255,ZONE_CASE_00255_EP_255,EXHAUSTED_ZONE,2,HEALTH_COLLAPSING,TERMINAL,-86.516084,MEDIUM,NEGATIVE,2.827972,-0.798375,20.001625,10640.493706,7120.871073,5320.246853,37.343288,24.546821,1,0,1,0,18.881282,12.949767,132.96756,8.89,45.007005,27.132746,0.602856,-100.0,FAIL,MEDIUM,trajectory=TERMINAL; breakdown_count=1,True,FAIL
2026-06-06 22:43 UTC,CASE_00260,260,ZONE_CASE_00260_EP_260,EXHAUSTED_ZONE,4,HEALTH_WEAKENING,DEGRADING,-47.559993,HIGH,NEGATIVE,-0.853331,-2.001515,18.798485,11019.60487,4671.337102,2754.901218,57.624012,21.108101,2,0,0,2,18.702336,311.1003,76740.153187,213.57,25.390258,33.031246,1.300942,-74.559993,FAIL,HIGH,trajectory=DEGRADING; breakdown_count=0,True,FAIL
2026-06-06 22:43 UTC,CASE_00261,261,ZONE_CASE_00261_EP_261,FATIGUE_ZONE,3,HEALTH_STRENGTHENING,STRENGTHENING,82.705882,HIGH,POSITIVE,4.235294,12.0,67.0,5527.702578,2459.581388,1842.567526,57.764138,23.582913,0,3,0,0,9.421932,554.31,118294.936798,184.77,41.102355,25.353657,0.616842,77.705882,HOLD,HIGH,"trajectory=STRENGTHENING; growth=3, damage=0, breakdown=0; health_state=HEALTH_STRENGTHENING",True,HOLD
2026-06-06 22:43 UTC,CASE_00265,265,ZONE_CASE_00265_EP_265,RIGID_ZONE,1,UNKNOWN,STABLE,15.0,LOW,NEUTRAL,,0.0,76.92,855.05939,855.05939,855.05939,3.031336,3.031336,0,0,0,1,16.379906,,0.0,0.0,67.94938,7.12602,0.104872,0.0,NO_PREDICTION,LOW,confidence=LOW; visit_count=1 — insufficient structural evidence,True,NO_PREDICTION
2026-06-06 22:43 UTC,CASE_00271,271,ZONE_CASE_00271_EP_271,RECOVERED_ZONE,2,HEALTH_STRENGTHENING,STRENGTHENING,92.16262,MEDIUM,POSITIVE,7.38754,18.695232,103.695232,25321.378363,13732.292308,12660.689181,56.021439,35.50289,0,2,0,0,43.995223,118.0728,15168.616615,171.12,97.3162,26.620522,0.273547,100.0,HOLD,MEDIUM,"trajectory=STRENGTHENING; growth=2, damage=0, breakdown=0; health_state=HEALTH_STRENGTHENING",True,HOLD
2026-06-06 22:43 UTC,CASE_00276,276,ZONE_CASE_00276_EP_276,EXHAUSTED_ZONE,5,HEALTH_COLLAPSING,TERMINAL,-97.486973,HIGH,NEGATIVE,-0.828991,-3.651585,17.148415,13193.246586,2934.23473,2638.649317,93.128554,20.964103,3,0,1,1,18.474127,95.9652,7302.126419,65.88,42.3717,34.415276,0.812223,-100.0,FAIL,HIGH,trajectory=TERMINAL; breakdown_count=1,True,FAIL
2026-06-06 22:43 UTC,CASE_00288,288,ZONE_CASE_00288_EP_288,FATIGUE_ZONE,3,HEALTH_STRENGTHENING,STRENGTHENING,83.018317,HIGH,POSITIVE,4.339439,17.108911,72.108911,7015.172303,2782.022097,2338.390768,82.022419,38.669323,0,3,0,0,17.094134,374.976667,42365.651289,97.82,77.984999,26.771183,0.343286,83.018317,HOLD,HIGH,"trajectory=STRENGTHENING; growth=3, damage=0, breakdown=0; health_state=HEALTH_STRENGTHENING",True,HOLD
2026-06-06 22:43 UTC,CASE_00290,290,ZONE_CASE_00290_EP_290,EXHAUSTED_ZONE,4,HEALTH_COLLAPSING,TERMINAL,-98.998373,HIGH,NEGATIVE,-1.332791,-5.232614,15.567386,11341.616689,3827.84436,2835.404172,73.778787,27.733791,2,0,2,0,15.942383,4.21268,11.726205,2.41,31.30254,41.225583,1.317004,-100.0,FAIL,HIGH,trajectory=TERMINAL; breakdown_count=2,True,FAIL
2026-06-06 22:43 UTC,CASE_00301,301,ZONE_CASE_00301_EP_301,FATIGUE_ZONE,2,HEALTH_STRENGTHENING,STRENGTHENING,85.481908,MEDIUM,POSITIVE,5.160636,18.083713,73.083713,5551.280026,2821.258412,2775.640013,45.235992,24.503194,0,2,0,0,9.460954,390.490625,50135.013246,111.16,58.7261,23.805495,0.405365,80.481908,HOLD,MEDIUM,"trajectory=STRENGTHENING; growth=2, damage=0, breakdown=0; health_state=HEALTH_STRENGTHENING",True,HOLD
2026-06-06 22:43 UTC,CASE_00305,305,ZONE_CASE_00305_EP_305,FATIGUE_ZONE,3,HEALTH_STRENGTHENING,STRENGTHENING,78.002341,HIGH,POSITIVE,2.667447,6.279776,61.279776,6347.412674,2839.856185,2115.804225,46.116538,19.887849,0,3,0,0,9.399575,10.304,26.658509,2.24,98.9038,24.022051,0.242883,80.002341,HOLD,HIGH,"trajectory=STRENGTHENING; growth=3, damage=0, breakdown=0; health_state=HEALTH_STRENGTHENING",True,HOLD
2026-06-06 22:43 UTC,CASE_00309,309,ZONE_CASE_00309_EP_309,EXHAUSTED_ZONE,4,UNKNOWN,DEGRADING,-38.146203,MEDIUM,NEGATIVE,1.173488,4.076565,29.666397,17488.333529,6682.710934,4372.083382,56.077591,20.604859,2,1,0,1,19.073033,12.818667,118.444483,8.0,68.329202,28.842892,0.422117,-38.146203,FAIL,MEDIUM,trajectory=DEGRADING; breakdown_count=0,True,FAIL
2026-06-06 22:43 UTC,CASE_00313,313,ZONE_CASE_00313_EP_313,FATIGUE_ZONE,4,HEALTH_STRENGTHENING,STRENGTHENING,88.079173,HIGH,POSITIVE,6.026391,19.376147,74.376147,37185.194109,13409.974799,9296.298527,92.557617,32.951189,0,4,0,0,24.441917,102.523534,2918.921906,24.65,95.8054,25.657301,0.267806,95.079173,HOLD,HIGH,"trajectory=STRENGTHENING; growth=4, damage=0, breakdown=0; health_state=HEALTH_STRENGTHENING",True,HOLD
2026-06-06 22:43 UTC,CASE_00314,314,ZONE_CASE_00314_EP_314,EXHAUSTED_ZONE,3,HEALTH_COLLAPSING,TERMINAL,-100.0,HIGH,NEGATIVE,-1.914492,-4.519035,16.280965,49906.205312,20031.971712,16635.401771,78.956373,30.386116,2,0,1,0,30.815939,154.067148,24193.749706,135.96,28.208393,44.897358,1.591631,-100.0,FAIL,HIGH,trajectory=TERMINAL; breakdown_count=1,True,FAIL
2026-06-06 22:43 UTC,CASE_00317,317,ZONE_CASE_00317_EP_317,EXHAUSTED_ZONE,3,HEALTH_DEGRADING_FAST,DEGRADING,-56.021376,HIGH,NEGATIVE,-3.673792,-8.091778,12.708222,17438.021202,6105.424055,5812.673734,57.06382,20.667266,3,0,0,0,21.97776,214.776,38946.40596,157.0,44.627162,28.026623,0.628017,-71.021376,FAIL,HIGH,trajectory=DEGRADING; breakdown_count=0,True,FAIL
2026-06-06 22:43 UTC,CASE_00318,318,ZONE_CASE_00318_EP_318,RECOVERED_ZONE,3,HEALTH_STRENGTHENING,STRENGTHENING,82.96135,HIGH,POSITIVE,4.32045,17.346535,102.346535,18303.463144,6808.494797,6101.154381,67.584046,25.87853,0,3,0,0,29.181478,66.723425,4969.187043,99.2,97.7135,24.679832,0.252573,89.96135,HOLD,HIGH,"trajectory=STRENGTHENING; growth=3, damage=0, breakdown=0; health_state=HEALTH_STRENGTHENING",True,HOLD
2026-06-06 22:43 UTC,CASE_00319,319,ZONE_CASE_00319_EP_319,FATIGUE_ZONE,5,HEALTH_STRENGTHENING,STRENGTHENING,80.211292,HIGH,POSITIVE,3.403764,15.542857,70.542857,11062.803792,2606.858095,2212.560758,104.934478,26.06848,0,5,0,0,11.095273,87.385792,2279.012717,22.58,92.1241,26.565477,0.288366,82.211292,HOLD,HIGH,"trajectory=STRENGTHENING; growth=5, damage=0, breakdown=0; health_state=HEALTH_STRENGTHENING",True,HOLD
2026-06-06 22:43 UTC,CASE_00320,320,ZONE_CASE_00320_EP_320,RECOVERED_ZONE,6,HEALTH_STRENGTHENING,STRENGTHENING,80.140822,HIGH,POSITIVE,3.380274,21.176471,113.176471,40372.309044,9189.700577,6728.718174,129.155823,36.815254,0,6,0,0,26.62729,4.570304,25.459176,7.42,99.8284,28.367645,0.284164,87.140822,HOLD,HIGH,"trajectory=STRENGTHENING; growth=6, damage=0, breakdown=0; health_state=HEALTH_STRENGTHENING",True,HOLD
2026-06-06 22:43 UTC,CASE_00325,325,ZONE_CASE_00325_EP_325,FATIGUE_ZONE,6,HEALTH_STRENGTHENING,STRENGTHENING,77.325505,HIGH,POSITIVE,2.441835,19.960396,74.960396,12207.944784,2676.233774,2034.657464,97.076152,20.534897,0,6,0,0,9.57094,67.820376,1845.514508,23.56,92.9139,28.244788,0.303989,72.325505,HOLD,HIGH,"trajectory=STRENGTHENING; growth=6, damage=0, breakdown=0; health_state=HEALTH_STRENGTHENING",True,HOLD
2026-06-06 22:43 UTC,CASE_00335,335,ZONE_CASE_00335_EP_335,FATIGUE_ZONE,5,HEALTH_STRENGTHENING,STRENGTHENING,78.891694,HIGH,POSITIVE,2.963898,22.336634,77.336634,16958.227501,4302.724555,3391.6455,101.690415,28.929045,0,5,0,0,13.818841,82.774624,2106.171337,22.03,94.01,26.62003,0.283162,80.891694,HOLD,HIGH,"trajectory=STRENGTHENING; growth=5, damage=0, breakdown=0; health_state=HEALTH_STRENGTHENING",True,HOLD
2026-06-06 22:43 UTC,CASE_00343,343,ZONE_CASE_00343_EP_343,EXHAUSTED_ZONE,5,HEALTH_WEAKENING,DEGRADING,-48.582858,HIGH,NEGATIVE,-1.194286,-7.591562,13.208438,17999.965087,4004.131093,3599.993017,103.749759,24.755592,4,0,0,1,21.312726,47.5152,2287.400734,41.68,52.196238,29.298617,0.561317,-63.582858,FAIL,HIGH,trajectory=DEGRADING; breakdown_count=0,True,FAIL
2026-06-06 22:43 UTC,CASE_00344,344,ZONE_CASE_00344_EP_344,FATIGUE_ZONE,4,HEALTH_STRENGTHENING,STRENGTHENING,83.471422,HIGH,POSITIVE,4.490474,18.534653,73.534653,7449.867681,1975.099046,1862.46692,83.626169,21.577458,0,4,0,0,9.592415,28.171627,257.052011,7.9,97.0631,25.675847,0.264527,85.471422,HOLD,HIGH,"trajectory=STRENGTHENING; growth=4, damage=0, breakdown=0; health_state=HEALTH_STRENGTHENING",True,HOLD
2026-06-06 22:43 UTC,CASE_00351,351,ZONE_CASE_00351_EP_351,RIGID_ZONE,1,UNKNOWN,DEGRADING,-45.0,LOW,NEGATIVE,,-0.237703,76.682297,2765.878996,2765.878996,2765.878996,18.726967,18.726967,1,0,0,0,16.383389,,0.0,0.0,68.3289,17.754092,0.259833,0.0,NO_PREDICTION,LOW,confidence=LOW; visit_count=1 — insufficient structural evidence,True,NO_PREDICTION
2026-06-06 22:43 UTC,CASE_00352,352,ZONE_CASE_00352_EP_352,FATIGUE_ZONE,4,HEALTH_STRENGTHENING,STRENGTHENING,82.076389,HIGH,POSITIVE,4.025463,20.235294,75.235294,13590.604856,3856.646737,3397.651214,81.920936,27.764963,0,4,0,0,12.034611,5.166075,7.935866,1.33,99.5707,26.618371,0.267331,84.076389,HOLD,HIGH,"trajectory=STRENGTHENING; growth=4, damage=0, breakdown=0; health_state=HEALTH_STRENGTHENING",True,HOLD
2026-06-06 22:43 UTC,CASE_00362,362,ZONE_CASE_00362_EP_362,FATIGUE_ZONE,5,HEALTH_STRENGTHENING,STRENGTHENING,78.200353,HIGH,POSITIVE,2.733451,11.899814,66.899814,8419.510276,2401.410564,1683.902055,93.243211,24.629804,0,5,0,0,9.412989,57.96,843.49188,12.6,93.8426,26.538728,0.2828,80.200353,HOLD,HIGH,"trajectory=STRENGTHENING; growth=5, damage=0, breakdown=0; health_state=HEALTH_STRENGTHENING",True,HOLD
2026-06-06 22:43 UTC,CASE_00372,372,ZONE_CASE_00372_EP_372,EXHAUSTED_ZONE,3,HEALTH_COLLAPSING,TERMINAL,-97.849445,HIGH,NEGATIVE,-0.949815,-4.32622,16.47378,8986.671164,3144.910452,2995.557055,62.150915,22.230615,1,0,2,0,18.736809,4.52732,13.543251,2.59,48.565621,28.417941,0.585145,-100.0,FAIL,HIGH,trajectory=TERMINAL; breakdown_count=2,True,FAIL
2026-06-06 22:43 UTC,CASE_00386,386,ZONE_CASE_00386_EP_386,FATIGUE_ZONE,4,HEALTH_STRENGTHENING,STRENGTHENING,85.575304,HIGH,POSITIVE,5.191768,16.914286,71.914286,10625.244388,3461.646137,2656.311097,75.039021,25.883992,0,4,0,0,13.214006,677.273333,138208.053608,176.68,46.361653,26.281748,0.566885,80.575304,HOLD,HIGH,"trajectory=STRENGTHENING; growth=4, damage=0, breakdown=0; health_state=HEALTH_STRENGTHENING",True,HOLD
2026-06-06 22:43 UTC,CASE_00388,388,ZONE_CASE_00388_EP_388,FATIGUE_ZONE,5,HEALTH_STRENGTHENING,STRENGTHENING,79.959742,HIGH,POSITIVE,3.319914,14.117647,69.117647,8119.382475,1994.498976,1623.876495,101.417338,23.92625,0,5,0,0,9.252482,496.646667,74319.101214,129.56,46.3229,28.12297,0.607107,74.959742,HOLD,HIGH,"trajectory=STRENGTHENING; growth=5, damage=0, breakdown=0; health_state=HEALTH_STRENGTHENING",True,HOLD
2026-06-06 22:43 UTC,CASE_00395,395,ZONE_CASE_00395_EP_395,EXHAUSTED_ZONE,2,HEALTH_COLLAPSING,TERMINAL,-100.0,MEDIUM,NEGATIVE,-3.581951,-4.503952,16.296048,6337.115556,3212.240881,3168.557778,38.246074,19.17069,1,0,1,0,18.951442,10.91189,85.828016,6.81,49.077436,25.78505,0.525395,-100.0,FAIL,MEDIUM,trajectory=TERMINAL; breakdown_count=1,True,FAIL
2026-06-06 22:43 UTC,CASE_00404,404,ZONE_CASE_00404_EP_404,FATIGUE_ZONE,6,HEALTH_STRENGTHENING,STRENGTHENING,80.949358,HIGH,POSITIVE,3.649786,19.325568,74.325568,9648.173265,1916.072903,1608.028877,103.93755,20.280695,0,6,0,0,9.758763,271.326046,21049.840939,67.17,72.1967,28.606255,0.396227,75.949358,HOLD,HIGH,"trajectory=STRENGTHENING; growth=6, damage=0, breakdown=0; health_state=HEALTH_STRENGTHENING",True,HOLD
2026-06-06 22:43 UTC,CASE_00405,405,ZONE_CASE_00405_EP_405,RECOVERED_ZONE,6,HEALTH_STRENGTHENING,STRENGTHENING,81.398842,HIGH,POSITIVE,3.799614,20.866973,112.866973,24293.797307,4250.022725,4048.966218,109.467613,19.607585,0,6,0,0,24.755477,1.86193,4.109661,2.94,99.9248,27.3528,0.273734,88.398842,HOLD,HIGH,"trajectory=STRENGTHENING; growth=6, damage=0, breakdown=0; health_state=HEALTH_STRENGTHENING",True,HOLD
2026-06-06 22:43 UTC,CASE_00417,417,ZONE_CASE_00417_EP_417,EXHAUSTED_ZONE,5,HEALTH_COLLAPSING,TERMINAL,-100.0,HIGH,NEGATIVE,-1.774706,-7.482466,13.317534,14160.198381,3347.273459,2832.039676,75.409139,20.057433,2,0,3,0,17.754477,201.602667,32226.589525,138.4,22.129444,48.023677,2.170126,-100.0,FAIL,HIGH,trajectory=TERMINAL; breakdown_count=3,True,FAIL
2026-06-06 22:43 UTC,CASE_00418,418,ZONE_CASE_00418_EP_418,EXHAUSTED_ZONE,5,HEALTH_COLLAPSING,TERMINAL,-99.285893,HIGH,NEGATIVE,-1.428631,-5.860469,14.939531,16651.663163,4445.846276,3330.332633,91.130108,26.774468,2,0,3,0,17.723348,153.5618,18697.700124,105.42,24.942145,49.326783,1.977648,-100.0,FAIL,HIGH,trajectory=TERMINAL; breakdown_count=3,True,FAIL
2026-06-06 22:43 UTC,CASE_00430,430,ZONE_CASE_00430_EP_430,FATIGUE_ZONE,3,HEALTH_STRENGTHENING,STRENGTHENING,83.153845,HIGH,POSITIVE,4.384615,11.307692,66.307692,7221.615975,3368.194419,2407.205325,49.029253,24.07345,0,3,0,0,11.832713,10.972945,46.259193,3.65,99.0727,24.400672,0.246291,85.153845,HOLD,HIGH,"trajectory=STRENGTHENING; growth=3, damage=0, breakdown=0; health_state=HEALTH_STRENGTHENING",True,HOLD
2026-06-06 22:43 UTC,CASE_00431,431,ZONE_CASE_00431_EP_431,EXHAUSTED_ZONE,3,HEALTH_COLLAPSING,TERMINAL,-98.52368,HIGH,NEGATIVE,-1.17456,-4.396172,16.403828,13176.221104,5893.469906,4392.073701,55.48636,24.732496,1,0,1,1,16.195955,39.0678,1546.375799,34.27,29.283054,38.754303,1.323438,-100.0,FAIL,HIGH,trajectory=TERMINAL; breakdown_count=1,True,FAIL
2026-06-06 22:43 UTC,CASE_00432,432,ZONE_CASE_00432_EP_432,EXHAUSTED_ZONE,4,HEALTH_COLLAPSING,TERMINAL,-98.45339,HIGH,NEGATIVE,-1.15113,-2.648241,18.151759,15489.280175,6344.596441,3872.320044,56.779049,22.955716,1,0,1,2,16.510375,0.080117,0.004627,0.05,32.078208,39.934314,1.244905,-100.0,FAIL,HIGH,trajectory=TERMINAL; breakdown_count=1,True,FAIL
2026-06-06 22:43 UTC,CASE_00436,436,ZONE_CASE_00436_EP_436,EXHAUSTED_ZONE,2,HEALTH_WEAKENING,DEGRADING,-47.346492,MEDIUM,NEGATIVE,-0.782164,-1.867953,18.932047,8524.393415,4982.61865,4262.196708,32.874459,18.561896,2,0,0,0,21.594997,45.06344,1341.804483,25.78,51.003529,25.63663,0.502644,-62.346492,FAIL,MEDIUM,trajectory=DEGRADING; breakdown_count=0,True,FAIL
2026-06-06 22:43 UTC,CASE_00440,440,ZONE_CASE_00440_EP_440,EXHAUSTED_ZONE,1,UNKNOWN,DEGRADING,-45.0,LOW,NEGATIVE,,-1.638155,19.161845,2756.599731,2756.599731,2756.599731,19.492709,19.492709,1,0,0,0,21.754204,155.2661,19115.034707,106.59,42.586792,22.83136,0.536114,0.0,NO_PREDICTION,LOW,confidence=LOW; visit_count=1 — insufficient structural evidence,True,NO_PREDICTION
2026-06-06 22:43 UTC,CASE_00441,441,ZONE_CASE_00441_EP_441,RECOVERED_ZONE,2,HEALTH_STRENGTHENING,STRENGTHENING,79.708,MEDIUM,POSITIVE,3.236,5.465347,97.465347,7150.273656,3744.293665,3575.136828,39.52569,19.80362,0,2,0,0,28.847758,22.606065,598.754636,35.28,99.2164,23.458819,0.236441,86.708,HOLD,MEDIUM,"trajectory=STRENGTHENING; growth=2, damage=0, breakdown=0; health_state=HEALTH_STRENGTHENING",True,HOLD
2026-06-06 22:43 UTC,CASE_00443,443,ZONE_CASE_00443_EP_443,FATIGUE_ZONE,1,UNKNOWN,UNKNOWN,5.0,LOW,NEUTRAL,,2.482759,57.482759,1540.290866,1540.290866,1540.290866,24.04515,24.04515,0,1,0,0,9.561423,88.212667,2131.447388,20.92,90.7741,19.713452,0.21717,0.0,NO_PREDICTION,LOW,confidence=LOW; visit_count=1 — insufficient structural evidence,True,NO_PREDICTION
2026-06-06 22:43 UTC,CASE_00447,447,ZONE_CASE_00447_EP_447,EXHAUSTED_ZONE,6,HEALTH_WEAKENING,DEGRADING,-46.966125,HIGH,NEGATIVE,-0.655375,-3.693785,17.106215,13802.256128,3104.804011,2300.376021,105.325094,21.8169,5,0,0,1,18.278125,54.22296,2708.013913,43.24,45.527924,35.28298,0.774974,-61.966125,FAIL,HIGH,trajectory=DEGRADING; breakdown_count=0,True,FAIL
2026-06-06 22:43 UTC,CASE_00448,448,ZONE_CASE_00448_EP_448,FATIGUE_ZONE,7,HEALTH_STRENGTHENING,STRENGTHENING,76.39855,HIGH,POSITIVE,2.13285,15.145631,70.145631,9947.22051,2392.444249,1421.031501,94.959403,23.592999,0,7,0,0,13.663939,201.488398,16692.941021,71.73,85.254,29.868687,0.350349,71.39855,HOLD,HIGH,"trajectory=STRENGTHENING; growth=7, damage=0, breakdown=0; health_state=HEALTH_STRENGTHENING",True,HOLD
2026-06-06 22:43 UTC,CASE_00455,455,ZONE_CASE_00455_EP_455,EXHAUSTED_ZONE,3,HEALTH_COLLAPSING,TERMINAL,-95.185665,HIGH,NEGATIVE,-1.728555,-7.261314,13.538686,18714.399417,6411.387884,6238.133139,57.315393,19.310318,0,0,3,0,15.509608,495.048167,194319.648086,339.85,15.865425,43.28032,2.727965,-100.0,FAIL,HIGH,trajectory=TERMINAL; breakdown_count=3,True,FAIL
2026-06-06 22:43 UTC,CASE_00463,463,ZONE_CASE_00463_EP_463,EXHAUSTED_ZONE,4,HEALTH_COLLAPSING,TERMINAL,-98.036036,HIGH,NEGATIVE,-1.012012,-4.705519,16.094481,15032.751848,4540.876923,3758.187962,66.591963,19.371358,3,0,1,0,18.367173,242.389333,46585.290688,166.4,36.382113,29.44455,0.809314,-100.0,FAIL,HIGH,trajectory=TERMINAL; breakdown_count=1,True,FAIL
2026-06-06 22:43 UTC,CASE_00470,470,ZONE_CASE_00470_EP_470,EXHAUSTED_ZONE,3,HEALTH_COLLAPSING,TERMINAL,-100.0,HIGH,NEGATIVE,-3.910703,-7.922626,12.877374,10460.018291,5058.340736,3486.672764,49.343818,23.793795,2,0,1,0,18.839065,19.833375,327.807014,14.31,48.111137,26.615639,0.553212,-100.0,FAIL,HIGH,trajectory=TERMINAL; breakdown_count=1,True,FAIL
2026-06-06 22:43 UTC,CASE_00475,475,ZONE_CASE_00475_EP_475,EXHAUSTED_ZONE,5,HEALTH_COLLAPSING,TERMINAL,-100.0,HIGH,NEGATIVE,-1.791926,-7.129944,13.670056,20129.410566,5256.361071,4025.882113,92.640936,23.220708,4,0,1,0,18.214724,352.053676,98394.390539,241.98,32.492261,29.47384,0.907103,-100.0,FAIL,HIGH,trajectory=TERMINAL; breakdown_count=1,True,FAIL
2026-06-06 22:43 UTC,CASE_00476,476,ZONE_CASE_00476_EP_476,FATIGUE_ZONE,2,HEALTH_STRENGTHENING,STRENGTHENING,95.0,MEDIUM,POSITIVE,9.029703,13.544554,68.544554,5799.973907,3110.102777,2899.986953,35.852391,19.925547,0,2,0,0,13.458504,86.811102,2464.558505,24.58,93.5497,22.530379,0.240839,97.0,HOLD,MEDIUM,"trajectory=STRENGTHENING; growth=2, damage=0, breakdown=0; health_state=HEALTH_STRENGTHENING",True,HOLD
2026-06-06 22:43 UTC,CASE_00478,478,ZONE_CASE_00478_EP_478,FATIGUE_ZONE,2,HEALTH_STRENGTHENING,STRENGTHENING,86.245843,MEDIUM,POSITIVE,5.415281,8.447542,63.447542,5676.71021,3249.657018,2838.355105,35.01181,19.136125,0,2,0,0,11.393114,108.79,3241.83321,25.8,90.4513,22.834734,0.252453,88.245843,HOLD,MEDIUM,"trajectory=STRENGTHENING; growth=2, damage=0, breakdown=0; health_state=HEALTH_STRENGTHENING",True,HOLD
2026-06-06 22:43 UTC,CASE_00496,496,ZONE_CASE_00496_EP_496,ELASTIC_ZONE,4,HEALTH_STRENGTHENING,STRENGTHENING,86.254408,HIGH,POSITIVE,5.418136,20.338296,75.338296,13199.04087,3791.701956,3299.760217,85.560826,24.052705,0,4,0,0,10.614722,708.610833,137539.768311,168.05,32.824255,26.219404,0.798781,81.254408,HOLD,HIGH,"trajectory=STRENGTHENING; growth=4, damage=0, breakdown=0; health_state=HEALTH_STRENGTHENING",True,HOLD
2026-06-06 22:43 UTC,CASE_00498,498,ZONE_CASE_00498_EP_498,EXHAUSTED_ZONE,4,HEALTH_COLLAPSING,TERMINAL,-99.132344,HIGH,NEGATIVE,-1.377448,-5.13062,15.66938,19981.212768,6657.807775,4995.303192,72.499381,24.052705,2,0,1,1,18.638274,128.378602,17391.442794,117.29,42.682587,29.218014,0.684542,-100.0,FAIL,HIGH,trajectory=TERMINAL; breakdown_count=1,True,FAIL
2026-06-06 22:43 UTC,CASE_00502,502,ZONE_CASE_00502_EP_502,FATIGUE_ZONE,2,HEALTH_STRENGTHENING,STRENGTHENING,81.438643,MEDIUM,POSITIVE,3.812881,6.132401,61.132401,4525.942961,2275.173539,2262.97148,39.475516,20.21754,0,2,0,0,8.902539,526.860071,120329.413558,197.74,40.100414,23.377508,0.582974,76.438643,HOLD,MEDIUM,"trajectory=STRENGTHENING; growth=2, damage=0, breakdown=0; health_state=HEALTH_STRENGTHENING",True,HOLD
2026-06-06 22:43 UTC,CASE_00505,505,ZONE_CASE_00505_EP_505,EXHAUSTED_ZONE,2,HEALTH_WEAKENING,DEGRADING,-47.441565,MEDIUM,NEGATIVE,-0.813855,-0.898001,19.901999,7667.868402,4052.238954,3833.934201,35.671392,19.050104,1,0,0,1,15.050362,19.263682,317.723613,14.28,25.079308,29.142845,1.162027,-74.441565,FAIL,MEDIUM,trajectory=DEGRADING; breakdown_count=0,True,FAIL
2026-06-06 22:43 UTC,CASE_00506,506,ZONE_CASE_00506_EP_506,RIGID_ZONE,2,HEALTH_STABLE,STABLE,10.0,MEDIUM,NEUTRAL,-0.289043,-0.560519,76.359481,13667.329057,7414.323483,6833.664528,29.927021,17.375071,2,0,0,0,17.691126,,0.0,0.0,67.30774,21.408875,0.318074,10.0,HOLD,MEDIUM,"trajectory=STABLE; growth=0, damage=2, breakdown=0; health_state=HEALTH_STABLE",True,HOLD
2026-06-06 22:43 UTC,CASE_00510,510,ZONE_CASE_00510_EP_510,FATIGUE_ZONE,3,HEALTH_STRENGTHENING,STRENGTHENING,80.941174,HIGH,POSITIVE,3.647058,14.823529,69.823529,12512.0747,4922.590339,4170.691567,68.966359,25.551586,0,3,0,0,13.444291,458.872276,63949.49579,120.66,65.8686,24.534402,0.372475,75.941174,HOLD,HIGH,"trajectory=STRENGTHENING; growth=3, damage=0, breakdown=0; health_state=HEALTH_STRENGTHENING",True,HOLD
2026-06-06 22:43 UTC,CASE_00512,512,ZONE_CASE_00512_EP_512,EXHAUSTED_ZONE,2,HEALTH_WEAKENING,DEGRADING,-49.455939,MEDIUM,NEGATIVE,-1.485313,-2.316121,18.483879,9066.428648,4693.60306,4533.214324,45.682349,24.742525,2,0,0,0,19.168364,271.173067,58306.222766,186.16,36.201711,27.302719,0.754183,-64.455939,FAIL,MEDIUM,trajectory=DEGRADING; breakdown_count=0,True,FAIL
2026-06-06 22:43 UTC,CASE_00515,515,ZONE_CASE_00515_EP_515,RECOVERED_ZONE,2,HEALTH_STRENGTHENING,STRENGTHENING,75.485716,MEDIUM,POSITIVE,1.828572,15.314286,107.314286,10054.610535,6224.916644,5027.305267,36.511176,22.99319,0,2,0,0,28.787965,21.295972,416.965762,26.08,99.2602,22.635093,0.228038,82.485716,HOLD,MEDIUM,"trajectory=STRENGTHENING; growth=2, damage=0, breakdown=0; health_state=HEALTH_STRENGTHENING",True,HOLD
2026-06-06 22:43 UTC,CASE_00516,516,ZONE_CASE_00516_EP_516,FATIGUE_ZONE,5,HEALTH_STRENGTHENING,STRENGTHENING,81.319132,HIGH,POSITIVE,3.773044,18.120034,73.120034,12559.57204,2913.616935,2511.914408,102.895641,25.128292,0,5,0,0,10.762164,192.03943,13153.06862,59.3,82.1561,26.513179,0.322717,76.319132,HOLD,HIGH,"trajectory=STRENGTHENING; growth=5, damage=0, breakdown=0; health_state=HEALTH_STRENGTHENING",True,HOLD
2026-06-06 22:43 UTC,CASE_00517,517,ZONE_CASE_00517_EP_517,EXHAUSTED_ZONE,4,HEALTH_WEAKENING,DEGRADING,-48.804795,HIGH,NEGATIVE,-1.268265,-4.600225,16.199775,24392.955383,7299.726539,6098.238846,91.560964,29.11171,4,0,0,0,19.101044,40.698,1398.434153,29.75,46.748015,30.030362,0.642388,-63.804795,FAIL,HIGH,trajectory=DEGRADING; breakdown_count=0,True,FAIL
2026-06-06 22:43 UTC,CASE_00525,525,ZONE_CASE_00525_EP_525,FATIGUE_ZONE,3,HEALTH_STRENGTHENING,STRENGTHENING,85.384615,HIGH,POSITIVE,5.128205,12.307692,67.307692,9155.408293,3724.234498,3051.802764,56.457625,21.725108,0,3,0,0,9.344585,414.653226,58098.328187,121.31,55.6264,24.344779,0.437648,80.384615,HOLD,HIGH,"trajectory=STRENGTHENING; growth=3, damage=0, breakdown=0; health_state=HEALTH_STRENGTHENING",True,HOLD
2026-06-06 22:43 UTC,CASE_00531,531,ZONE_CASE_00531_EP_531,EXHAUSTED_ZONE,3,HEALTH_COLLAPSING,TERMINAL,-100.0,HIGH,NEGATIVE,-1.976355,-5.30187,15.49813,17596.733137,6988.41052,5865.577712,56.623566,23.089937,1,0,2,0,15.971273,18.75604,232.446417,10.73,30.750277,31.441334,1.022473,-100.0,FAIL,HIGH,trajectory=TERMINAL; breakdown_count=2,True,FAIL
2026-06-06 22:43 UTC,CASE_00533,533,ZONE_CASE_00533_EP_533,RIGID_ZONE,1,UNKNOWN,DEGRADING,-45.0,LOW,NEGATIVE,,-0.220063,76.699937,4910.558637,4910.558637,4910.558637,14.270332,14.270332,1,0,0,0,17.162064,,0.0,0.0,67.75846,7.893414,0.116493,0.0,NO_PREDICTION,LOW,confidence=LOW; visit_count=1 — insufficient structural evidence,True,NO_PREDICTION
2026-06-06 22:43 UTC,CASE_00537,537,ZONE_CASE_00537_EP_537,FATIGUE_ZONE,1,UNKNOWN,UNKNOWN,5.0,LOW,NEUTRAL,,19.009901,74.009901,5801.958464,5801.958464,5801.958464,27.743796,27.743796,0,1,0,0,11.974766,756.270248,183075.216876,209.59,36.8447,20.370343,0.55287,0.0,NO_PREDICTION,LOW,confidence=LOW; visit_count=1 — insufficient structural evidence,True,NO_PREDICTION
2026-06-06 22:43 UTC,CASE_00540,540,ZONE_CASE_00540_EP_540,FATIGUE_ZONE,2,HEALTH_STRENGTHENING,STRENGTHENING,95.0,MEDIUM,POSITIVE,9.0,18.0,73.0,9176.490173,5234.273636,4588.245087,42.799972,22.775646,0,2,0,0,13.630535,112.608,3183.923635,24.48,91.7385,25.709182,0.280244,97.0,HOLD,MEDIUM,"trajectory=STRENGTHENING; growth=2, damage=0, breakdown=0; health_state=HEALTH_STRENGTHENING",True,HOLD
2026-06-06 22:43 UTC,CASE_00541,541,ZONE_CASE_00541_EP_541,EXHAUSTED_ZONE,4,HEALTH_COLLAPSING,TERMINAL,-95.222114,HIGH,NEGATIVE,-0.074038,-2.431022,18.368978,23767.960612,7827.978696,5941.990153,91.745836,33.927243,2,0,1,1,21.329308,140.32944,13011.822797,80.28,44.11134,32.246278,0.73102,-100.0,FAIL,HIGH,trajectory=TERMINAL; breakdown_count=1,True,FAIL
2026-06-06 22:43 UTC,CASE_00542,542,ZONE_CASE_00542_EP_542,EXHAUSTED_ZONE,4,HEALTH_COLLAPSING,TERMINAL,-100.0,HIGH,NEGATIVE,-1.972963,-5.901845,14.898155,36887.547169,12935.8387,9221.886792,68.272828,27.767876,2,0,2,0,30.055507,61.581535,3028.573733,42.58,30.884158,36.345046,1.176818,-100.0,FAIL,HIGH,trajectory=TERMINAL; breakdown_count=2,True,FAIL
2026-06-06 22:43 UTC,CASE_00551,551,ZONE_CASE_00551_EP_551,EXHAUSTED_ZONE,4,HEALTH_COLLAPSING,TERMINAL,-96.867857,HIGH,NEGATIVE,-0.622619,-2.226135,18.573865,12440.983064,3798.102294,3110.245766,76.948823,23.375649,1,0,3,0,15.562175,11.216333,90.684052,7.0,31.515003,36.664805,1.163408,-100.0,FAIL,HIGH,trajectory=TERMINAL; breakdown_count=3,True,FAIL
2026-06-06 22:43 UTC,CASE_00554,554,ZONE_CASE_00554_EP_554,EXHAUSTED_ZONE,6,HEALTH_COLLAPSING,TERMINAL,-95.815019,HIGH,NEGATIVE,-0.271673,-2.049421,19.250579,23069.75173,5261.419654,3844.958622,123.007346,28.018708,3,0,3,0,15.392505,126.9048,11608.743485,79.2,30.101855,42.044893,1.396754,-100.0,FAIL,HIGH,trajectory=TERMINAL; breakdown_count=3,True,FAIL
2026-06-06 22:43 UTC,CASE_00559,559,ZONE_CASE_00559_EP_559,EXHAUSTED_ZONE,3,HEALTH_COLLAPSING,TERMINAL,-100.0,HIGH,NEGATIVE,-2.357225,-6.262024,14.537976,11974.907436,4161.09944,3991.635812,52.86761,18.280283,1,0,2,0,15.132393,71.304257,5151.393873,62.55,28.675304,33.802279,1.178794,-100.0,FAIL,HIGH,trajectory=TERMINAL; breakdown_count=2,True,FAIL
2026-06-06 22:43 UTC,CASE_00572,572,ZONE_CASE_00572_EP_572,EXHAUSTED_ZONE,2,HEALTH_COLLAPSING,TERMINAL,-97.024202,MEDIUM,NEGATIVE,-0.674734,-2.856569,17.943431,9184.597331,4823.836269,4592.298666,41.320654,23.173915,1,0,1,0,15.212754,179.359367,25507.619282,123.13,24.671092,32.415426,1.313903,-100.0,FAIL,MEDIUM,trajectory=TERMINAL; breakdown_count=1,True,FAIL
2026-06-06 22:43 UTC,CASE_00573,573,ZONE_CASE_00573_EP_573,RECOVERED_ZONE,5,HEALTH_STRENGTHENING,STRENGTHENING,84.558628,HIGH,POSITIVE,4.852876,22.117647,107.117647,21433.274101,5277.517766,4286.65482,89.936235,19.950944,0,5,0,0,24.496572,137.9586,20708.269445,199.94,92.938767,27.980857,0.301068,84.558628,HOLD,HIGH,"trajectory=STRENGTHENING; growth=5, damage=0, breakdown=0; health_state=HEALTH_STRENGTHENING",True,HOLD
2026-06-06 22:43 UTC,CASE_00584,584,ZONE_CASE_00584_EP_584,EXHAUSTED_ZONE,7,HEALTH_COLLAPSING,TERMINAL,-97.820261,HIGH,NEGATIVE,-0.940087,-7.287788,13.512212,22444.695377,4674.590732,3206.385054,102.836766,23.138536,3,0,1,3,18.203308,257.1327,60897.444456,205.05,35.429613,38.841857,1.096311,-100.0,FAIL,HIGH,trajectory=TERMINAL; breakdown_count=1,True,FAIL
2026-06-06 22:43 UTC,CASE_00592,592,ZONE_CASE_00592_EP_592,EXHAUSTED_ZONE,4,HEALTH_COLLAPSING,TERMINAL,-100.0,HIGH,NEGATIVE,-1.799865,-5.996684,15.303316,14041.415635,4148.334929,3510.353909,70.29091,20.796447,3,0,1,0,19.110053,65.450393,3100.159313,41.01,48.356669,29.175477,0.603339,-100.0,FAIL,HIGH,trajectory=TERMINAL; breakdown_count=1,True,FAIL
2026-06-06 22:43 UTC,CASE_00601,601,ZONE_CASE_00601_EP_601,FATIGUE_ZONE,4,HEALTH_STRENGTHENING,STRENGTHENING,84.823528,HIGH,POSITIVE,4.941176,18.823529,73.823529,5772.743588,1994.478182,1443.185897,60.094825,20.978621,0,4,0,0,9.231324,263.1,26650.31985,87.7,71.4992,28.963974,0.405095,79.823528,HOLD,HIGH,"trajectory=STRENGTHENING; growth=4, damage=0, breakdown=0; health_state=HEALTH_STRENGTHENING",True,HOLD
2026-06-06 22:43 UTC,CASE_00602,602,ZONE_CASE_00602_EP_602,EXHAUSTED_ZONE,4,HEALTH_COLLAPSING,TERMINAL,-100.0,HIGH,NEGATIVE,-1.883223,-6.101753,14.698247,11128.015817,3840.762535,2782.003954,57.544032,19.706845,2,0,1,1,18.875554,94.202633,7036.357339,64.67,44.743585,39.030925,0.872324,-100.0,FAIL,HIGH,trajectory=TERMINAL; breakdown_count=1,True,FAIL
2026-06-06 22:43 UTC,CASE_00605,605,ZONE_CASE_00605_EP_605,FATIGUE_ZONE,4,HEALTH_STRENGTHENING,STRENGTHENING,79.670587,HIGH,POSITIVE,3.223529,13.411765,68.411765,9706.267745,3019.825402,2426.566936,64.006922,19.279593,0,4,0,0,11.70414,582.51,130637.391538,194.17,49.98394,25.710963,0.514384,74.670587,HOLD,HIGH,"trajectory=STRENGTHENING; growth=4, damage=0, breakdown=0; health_state=HEALTH_STRENGTHENING",True,HOLD
2026-06-06 22:43 UTC,CASE_00606,606,ZONE_CASE_00606_EP_606,FATIGUE_ZONE,4,HEALTH_STRENGTHENING,STRENGTHENING,86.385019,HIGH,POSITIVE,5.461673,17.108911,72.108911,9884.418291,3196.597653,2471.104573,65.310906,21.039096,0,4,0,0,13.534677,529.419,98099.567146,160.43,60.8843,25.922654,0.425769,81.385019,HOLD,HIGH,"trajectory=STRENGTHENING; growth=4, damage=0, breakdown=0; health_state=HEALTH_STRENGTHENING",True,HOLD
2026-06-06 22:43 UTC,CASE_00607,607,ZONE_CASE_00607_EP_607,RECOVERED_ZONE,5,HEALTH_STRENGTHENING,STRENGTHENING,82.221064,HIGH,POSITIVE,4.073688,21.692308,106.692308,24040.144962,5632.644326,4808.028992,103.390395,26.2581,0,5,0,0,24.475492,35.35488,1448.168411,54.56,98.5555,27.602495,0.280071,89.221064,HOLD,HIGH,"trajectory=STRENGTHENING; growth=5, damage=0, breakdown=0; health_state=HEALTH_STRENGTHENING",True,HOLD
2026-06-06 22:43 UTC,CASE_00608,608,ZONE_CASE_00608_EP_608,ELASTIC_ZONE,5,HEALTH_STRENGTHENING,STRENGTHENING,82.403962,HIGH,POSITIVE,4.134654,22.09901,77.09901,13772.651222,3184.799046,2754.530244,102.355618,23.071096,0,5,0,0,15.778502,462.09,82207.959719,154.03,70.714,29.250582,0.413646,82.403962,HOLD,HIGH,"trajectory=STRENGTHENING; growth=5, damage=0, breakdown=0; health_state=HEALTH_STRENGTHENING",True,HOLD
2026-06-06 22:43 UTC,CASE_00616,616,ZONE_CASE_00616_EP_616,EXHAUSTED_ZONE,6,HEALTH_WEAKENING,DEGRADING,-46.573461,HIGH,NEGATIVE,-0.524487,-2.672806,18.127194,19292.097892,3497.786804,3215.349649,121.706917,24.294628,4,0,0,2,21.805658,114.77862,12134.068587,91.53,47.331331,34.645126,0.73197,-61.573461,FAIL,HIGH,trajectory=DEGRADING; breakdown_count=0,True,FAIL
2026-06-06 22:43 UTC,CASE_00618,618,ZONE_CASE_00618_EP_618,FATIGUE_ZONE,7,HEALTH_STRENGTHENING,STRENGTHENING,80.419876,HIGH,POSITIVE,3.473292,20.869565,75.869565,15569.862418,3450.671227,2224.26606,113.871576,25.636383,0,7,0,0,12.473231,468.36,70378.34958,130.1,62.4508,32.296238,0.517147,75.419876,HOLD,HIGH,"trajectory=STRENGTHENING; growth=7, damage=0, breakdown=0; health_state=HEALTH_STRENGTHENING",True,HOLD
2026-06-06 22:43 UTC,CASE_00619,619,ZONE_CASE_00619_EP_619,ELASTIC_ZONE,5,HEALTH_STRENGTHENING,STRENGTHENING,80.588236,HIGH,POSITIVE,3.529412,18.823529,73.823529,13372.388283,3918.509173,2674.477657,78.165357,25.587505,0,5,0,0,14.176009,924.065289,272064.272656,254.91,34.352801,28.925786,0.842021,75.588236,HOLD,HIGH,"trajectory=STRENGTHENING; growth=5, damage=0, breakdown=0; health_state=HEALTH_STRENGTHENING",True,HOLD
2026-06-06 22:43 UTC,CASE_00623,623,ZONE_CASE_00623_EP_623,FATIGUE_ZONE,5,HEALTH_STRENGTHENING,STRENGTHENING,80.941177,HIGH,POSITIVE,3.647059,19.529412,74.529412,7876.112467,2284.443355,1575.222493,91.650018,24.916237,0,5,0,0,10.060925,201.498505,13752.061393,59.09,79.9722,28.158425,0.352103,75.941177,HOLD,HIGH,"trajectory=STRENGTHENING; growth=5, damage=0, breakdown=0; health_state=HEALTH_STRENGTHENING",True,HOLD
2026-06-06 22:43 UTC,CASE_00626,626,ZONE_CASE_00626_EP_626,EXHAUSTED_ZONE,7,HEALTH_COLLAPSING,TERMINAL,-90.01858,HIGH,NEGATIVE,0.32714,4.396673,29.986505,24086.721631,6274.01001,3440.960233,104.32453,24.370538,3,2,2,0,17.799864,23.493243,440.667458,16.24,54.575439,38.645003,0.708102,-100.0,FAIL,HIGH,trajectory=TERMINAL; breakdown_count=2,True,FAIL
2026-06-06 22:43 UTC,CASE_00630,630,ZONE_CASE_00630_EP_630,EXHAUSTED_ZONE,2,HEALTH_DEGRADING_FAST,DEGRADING,-59.313672,MEDIUM,NEGATIVE,-4.771224,-5.730808,15.569192,11964.633997,6553.274297,5982.316999,43.688973,25.389895,2,0,0,0,22.795108,225.2184,46718.854459,179.6,45.498807,31.308157,0.688109,-74.313672,FAIL,MEDIUM,trajectory=DEGRADING; breakdown_count=0,True,FAIL
2026-06-06 22:43 UTC,CASE_00634,634,ZONE_CASE_00634_EP_634,FATIGUE_ZONE,2,HEALTH_STRENGTHENING,STRENGTHENING,95.0,MEDIUM,POSITIVE,13.53424,18.640777,73.640777,6839.532433,3726.413504,3419.766217,45.456637,26.185411,0,2,0,0,12.048743,12.009849,51.32409,3.7,99.0032,23.99941,0.24241,97.0,HOLD,MEDIUM,"trajectory=STRENGTHENING; growth=2, damage=0, breakdown=0; health_state=HEALTH_STRENGTHENING",True,HOLD
2026-06-06 22:43 UTC,CASE_00635,635,ZONE_CASE_00635_EP_635,EXHAUSTED_ZONE,4,UNKNOWN,DEGRADING,-40.027725,MEDIUM,NEGATIVE,1.657425,3.670951,29.260783,16231.742813,5578.114678,4057.935703,71.04675,24.749805,2,0,0,2,22.742419,43.59949,1370.225152,27.21,69.946555,27.092846,0.387336,-40.027725,FAIL,MEDIUM,trajectory=DEGRADING; breakdown_count=0,True,FAIL
2026-06-06 22:43 UTC,CASE_00643,643,ZONE_CASE_00643_EP_643,ELASTIC_ZONE,3,HEALTH_STRENGTHENING,STRENGTHENING,95.0,HIGH,POSITIVE,9.464912,19.400412,117.400412,18107.534487,8922.581208,6035.844829,50.186326,24.35736,0,3,0,0,19.126542,15.77792,68.338116,3.75,99.1751,26.329781,0.265488,100.0,HOLD,HIGH,"trajectory=STRENGTHENING; growth=3, damage=0, breakdown=0; health_state=HEALTH_STRENGTHENING",True,HOLD
2026-06-06 22:43 UTC,CASE_00648,648,ZONE_CASE_00648_EP_648,FATIGUE_ZONE,4,HEALTH_STRENGTHENING,STRENGTHENING,81.191251,HIGH,POSITIVE,3.730417,14.943396,69.943396,12715.918491,3636.377602,3178.979623,88.996421,27.196356,0,4,0,0,10.414826,41.255475,500.325773,10.5,96.0388,25.228422,0.26269,83.191251,HOLD,HIGH,"trajectory=STRENGTHENING; growth=4, damage=0, breakdown=0; health_state=HEALTH_STRENGTHENING",True,HOLD
2026-06-06 22:43 UTC,CASE_00652,652,ZONE_CASE_00652_EP_652,RECOVERED_ZONE,3,HEALTH_STRENGTHENING,STRENGTHENING,95.0,HIGH,POSITIVE,9.602477,20.087238,105.087238,24968.30599,9807.504368,8322.768663,68.441456,30.928732,0,3,0,0,29.043023,163.4334,29062.159469,236.86,93.798084,25.680498,0.273785,100.0,HOLD,HIGH,"trajectory=STRENGTHENING; growth=3, damage=0, breakdown=0; health_state=HEALTH_STRENGTHENING",True,HOLD
2026-06-06 22:43 UTC,CASE_00653,653,ZONE_CASE_00653_EP_653,EXHAUSTED_ZONE,1,UNKNOWN,DEGRADING,-45.0,LOW,NEGATIVE,,-2.729567,18.070433,5215.911467,5215.911467,5215.911467,20.27337,20.27337,1,0,0,0,19.52418,76.511417,4219.700287,47.75,45.884903,26.77511,0.583528,0.0,NO_PREDICTION,LOW,confidence=LOW; visit_count=1 — insufficient structural evidence,True,NO_PREDICTION
2026-06-06 22:43 UTC,CASE_00654,654,ZONE_CASE_00654_EP_654,EXHAUSTED_ZONE,3,HEALTH_COLLAPSING,TERMINAL,-100.0,HIGH,NEGATIVE,-3.670524,-9.468621,11.331379,11656.860819,3915.254132,3885.620273,58.861697,20.072119,2,0,1,0,19.721253,237.241473,40570.498229,148.06,36.531989,31.316501,0.857235,-100.0,FAIL,HIGH,trajectory=TERMINAL; breakdown_count=1,True,FAIL
2026-06-06 22:43 UTC,CASE_00656,656,ZONE_CASE_00656_EP_656,FATIGUE_ZONE,2,HEALTH_STRENGTHENING,STRENGTHENING,93.650515,MEDIUM,POSITIVE,7.883505,7.883505,62.883505,5308.185276,2929.50571,2654.092638,35.204858,18.641428,0,2,0,0,11.873838,99.046072,4130.919477,36.11,91.6585,24.108873,0.263029,95.650515,HOLD,MEDIUM,"trajectory=STRENGTHENING; growth=2, damage=0, breakdown=0; health_state=HEALTH_STRENGTHENING",True,HOLD
2026-06-06 22:43 UTC,CASE_00660,660,ZONE_CASE_00660_EP_660,FATIGUE_ZONE,2,HEALTH_STRENGTHENING,STRENGTHENING,94.655368,MEDIUM,POSITIVE,8.218456,11.881188,66.881188,4909.238439,2492.174259,2454.619219,34.428542,17.644269,0,2,0,0,11.869777,215.244101,14252.635678,57.33,81.8662,23.828727,0.291069,96.655368,HOLD,MEDIUM,"trajectory=STRENGTHENING; growth=2, damage=0, breakdown=0; health_state=HEALTH_STRENGTHENING",True,HOLD
2026-06-06 22:43 UTC,CASE_00664,664,ZONE_CASE_00664_EP_664,EXHAUSTED_ZONE,3,HEALTH_COLLAPSING,TERMINAL,-95.554068,HIGH,NEGATIVE,-1.851356,-5.640216,15.159784,6488.120546,3501.062006,2162.706849,40.086491,19.813211,0,0,3,0,15.190407,278.052903,55729.350898,173.53,14.79084,32.967907,2.228941,-100.0,FAIL,HIGH,trajectory=TERMINAL; breakdown_count=3,True,FAIL
2026-06-06 22:43 UTC,CASE_00691,691,ZONE_CASE_00691_EP_691,FATIGUE_ZONE,1,UNKNOWN,UNKNOWN,5.0,LOW,NEUTRAL,,0.97561,55.97561,804.882179,804.882179,804.882179,10.890244,10.890244,0,1,0,0,11.553651,131.138333,4710.554491,31.1,88.6496,19.474289,0.219677,0.0,NO_PREDICTION,LOW,confidence=LOW; visit_count=1 — insufficient structural evidence,True,NO_PREDICTION
2026-06-06 22:43 UTC,CASE_00710,710,ZONE_CASE_00710_EP_710,ELASTIC_ZONE,4,HEALTH_STRENGTHENING,STRENGTHENING,80.351494,HIGH,POSITIVE,3.450498,19.173804,74.173804,12768.601102,3413.331792,3192.150275,98.982094,28.268404,0,4,0,0,10.879676,517.124257,112437.680794,188.25,51.380912,25.95867,0.50522,75.351494,HOLD,HIGH,"trajectory=STRENGTHENING; growth=4, damage=0, breakdown=0; health_state=HEALTH_STRENGTHENING",True,HOLD
2026-06-06 22:43 UTC,CASE_00713,713,ZONE_CASE_00713_EP_713,ELASTIC_ZONE,5,HEALTH_STRENGTHENING,STRENGTHENING,81.576472,HIGH,POSITIVE,3.858824,17.176471,72.176471,9751.470205,2505.132316,1950.294041,106.881734,28.045346,0,5,0,0,10.945218,339.867716,44891.699162,114.36,68.9483,27.246456,0.395172,76.576472,HOLD,HIGH,"trajectory=STRENGTHENING; growth=5, damage=0, breakdown=0; health_state=HEALTH_STRENGTHENING",True,HOLD
2026-06-06 22:43 UTC,CASE_00715,715,ZONE_CASE_00715_EP_715,FATIGUE_ZONE,6,HEALTH_STRENGTHENING,STRENGTHENING,83.019979,HIGH,POSITIVE,4.339993,21.623762,76.623762,8934.347812,2117.585823,1489.057969,111.318146,27.465664,0,6,0,0,9.62915,502.59763,78651.980586,135.49,42.450485,29.605395,0.69741,78.019979,HOLD,HIGH,"trajectory=STRENGTHENING; growth=6, damage=0, breakdown=0; health_state=HEALTH_STRENGTHENING",True,HOLD
2026-06-06 22:43 UTC,CASE_00716,716,ZONE_CASE_00716_EP_716,FATIGUE_ZONE,6,HEALTH_STRENGTHENING,STRENGTHENING,80.592832,HIGH,POSITIVE,3.530944,19.106796,74.106796,8744.540817,2128.553103,1457.423469,110.483797,27.465664,0,6,0,0,9.679021,490.314,65850.837268,116.28,49.3426,29.959963,0.607182,75.592832,HOLD,HIGH,"trajectory=STRENGTHENING; growth=6, damage=0, breakdown=0; health_state=HEALTH_STRENGTHENING",True,HOLD
2026-06-06 22:43 UTC,CASE_00717,717,ZONE_CASE_00717_EP_717,FATIGUE_ZONE,4,HEALTH_STRENGTHENING,STRENGTHENING,87.536137,HIGH,POSITIVE,5.845379,19.719891,74.719891,7357.781447,2001.446108,1839.445362,95.36151,25.967772,0,4,0,0,11.169469,96.521582,3161.641636,28.36,91.3584,27.277938,0.298582,89.536137,HOLD,HIGH,"trajectory=STRENGTHENING; growth=4, damage=0, breakdown=0; health_state=HEALTH_STRENGTHENING",True,HOLD
2026-06-06 22:43 UTC,CASE_00719,719,ZONE_CASE_00719_EP_719,FATIGUE_ZONE,5,HEALTH_STRENGTHENING,STRENGTHENING,78.943123,HIGH,POSITIVE,2.981041,20.941176,75.941176,7971.885626,2013.176338,1594.377125,107.358342,25.967772,0,5,0,0,11.234932,349.000088,33565.729114,83.27,68.9362,27.767689,0.402803,73.943123,HOLD,HIGH,"trajectory=STRENGTHENING; growth=5, damage=0, breakdown=0; health_state=HEALTH_STRENGTHENING",True,HOLD
2026-06-06 22:43 UTC,CASE_00722,722,ZONE_CASE_00722_EP_722,FATIGUE_ZONE,6,HEALTH_STRENGTHENING,STRENGTHENING,78.799879,HIGH,POSITIVE,2.933293,18.579925,73.579925,10774.262367,2171.323849,1795.710394,143.318217,31.028622,0,6,0,0,10.195405,137.364663,6013.06944,37.9,86.5268,28.513053,0.329529,73.799879,HOLD,HIGH,"trajectory=STRENGTHENING; growth=6, damage=0, breakdown=0; health_state=HEALTH_STRENGTHENING",True,HOLD
2026-06-06 22:43 UTC,CASE_00724,724,ZONE_CASE_00724_EP_724,EXHAUSTED_ZONE,6,HEALTH_WEAKENING,DEGRADING,-46.52817,HIGH,NEGATIVE,-0.50939,-3.12722,17.67278,22552.119758,4982.935207,3758.686626,134.986966,32.18301,4,0,0,2,20.305411,18.090343,235.897168,11.29,48.471862,38.345164,0.791081,-61.52817,FAIL,HIGH,trajectory=DEGRADING; breakdown_count=0,True,FAIL
2026-06-06 22:43 UTC,CASE_00725,725,ZONE_CASE_00725_EP_725,EXHAUSTED_ZONE,6,HEALTH_COLLAPSING,TERMINAL,-97.880516,HIGH,NEGATIVE,-0.960172,-4.104852,16.695148,23390.22195,6939.293622,3898.370325,114.244775,31.024805,3,0,2,1,16.332484,337.3944,115332.809851,295.96,18.243716,48.589224,2.66334,-100.0,FAIL,HIGH,trajectory=TERMINAL; breakdown_count=2,True,FAIL
2026-06-06 22:43 UTC,CASE_00727,727,ZONE_CASE_00727_EP_727,EXHAUSTED_ZONE,4,HEALTH_COLLAPSING,TERMINAL,-95.461748,HIGH,NEGATIVE,-0.153916,-2.287056,18.512944,10040.346949,4116.887451,2510.086737,61.054065,23.411859,1,0,3,0,16.391696,29.338723,620.456781,18.31,26.634618,58.918476,2.212101,-100.0,FAIL,HIGH,trajectory=TERMINAL; breakdown_count=3,True,FAIL
2026-06-06 22:43 UTC,CASE_00730,730,ZONE_CASE_00730_EP_730,RIGID_ZONE,1,UNKNOWN,DEGRADING,-45.0,LOW,NEGATIVE,,-0.442836,76.477164,18838.387004,18838.387004,18838.387004,21.679421,21.679421,1,0,0,0,20.076956,,0.0,0.0,66.38418,13.464639,0.202829,0.0,NO_PREDICTION,LOW,confidence=LOW; visit_count=1 — insufficient structural evidence,True,NO_PREDICTION
2026-06-06 22:43 UTC,CASE_00738,738,ZONE_CASE_00738_EP_738,FATIGUE_ZONE,2,HEALTH_STRENGTHENING,STRENGTHENING,88.0,MEDIUM,POSITIVE,6.0,17.538462,72.538462,4078.40855,2551.360448,2039.204275,39.591844,25.899969,0,2,0,0,10.794093,107.397198,3351.662495,27.02,90.0504,23.094724,0.256464,90.0,HOLD,MEDIUM,"trajectory=STRENGTHENING; growth=2, damage=0, breakdown=0; health_state=HEALTH_STRENGTHENING",True,HOLD
2026-06-06 22:43 UTC,CASE_00740,740,ZONE_CASE_00740_EP_740,FATIGUE_ZONE,3,HEALTH_STRENGTHENING,STRENGTHENING,80.919229,HIGH,POSITIVE,3.639743,18.29703,73.29703,11702.509016,4500.522578,3900.836339,74.614476,32.586473,0,3,0,0,14.066077,220.348055,16532.450149,64.96,84.3348,24.419709,0.289557,82.919229,HOLD,HIGH,"trajectory=STRENGTHENING; growth=3, damage=0, breakdown=0; health_state=HEALTH_STRENGTHENING",True,HOLD
2026-06-06 22:43 UTC,CASE_00741,741,ZONE_CASE_00741_EP_741,FATIGUE_ZONE,4,HEALTH_STRENGTHENING,STRENGTHENING,86.264398,HIGH,POSITIVE,5.421466,17.411765,72.411765,12645.854161,4284.553715,3161.46354,83.993687,32.009276,0,4,0,0,12.392726,284.136803,28676.194292,87.38,77.0723,25.423221,0.329862,81.264398,HOLD,HIGH,"trajectory=STRENGTHENING; growth=4, damage=0, breakdown=0; health_state=HEALTH_STRENGTHENING",True,HOLD
2026-06-06 22:43 UTC,CASE_00748,748,ZONE_CASE_00748_EP_748,FATIGUE_ZONE,4,HEALTH_STRENGTHENING,STRENGTHENING,87.328801,HIGH,POSITIVE,5.776267,19.255645,74.255645,11974.549882,4054.100328,2993.63747,74.655055,24.620521,0,4,0,0,10.842691,0.630637,0.138393,0.19,99.9418,25.101446,0.251161,89.328801,HOLD,HIGH,"trajectory=STRENGTHENING; growth=4, damage=0, breakdown=0; health_state=HEALTH_STRENGTHENING",True,HOLD
2026-06-06 22:43 UTC,CASE_00749,749,ZONE_CASE_00749_EP_749,FATIGUE_ZONE,4,HEALTH_STRENGTHENING,STRENGTHENING,85.844596,HIGH,POSITIVE,5.281532,17.684211,72.684211,18048.944895,5684.306225,4512.236224,76.000042,22.029829,0,4,0,0,11.95545,19.403655,103.539843,4.62,98.377,28.726041,0.292,87.844596,HOLD,HIGH,"trajectory=STRENGTHENING; growth=4, damage=0, breakdown=0; health_state=HEALTH_STRENGTHENING",True,HOLD
2026-06-06 22:43 UTC,CASE_00752,752,ZONE_CASE_00752_EP_752,FATIGUE_ZONE,6,HEALTH_STRENGTHENING,STRENGTHENING,80.828806,HIGH,POSITIVE,3.609602,20.357143,75.357143,20524.53698,5671.863834,3420.756163,102.232788,26.080211,0,6,0,0,12.367352,60.148458,1020.535879,14.69,95.1365,28.535446,0.299942,82.828806,HOLD,HIGH,"trajectory=STRENGTHENING; growth=6, damage=0, breakdown=0; health_state=HEALTH_STRENGTHENING",True,HOLD
2026-06-06 22:43 UTC,CASE_00755,755,ZONE_CASE_00755_EP_755,FATIGUE_ZONE,1,UNKNOWN,UNKNOWN,5.0,LOW,NEUTRAL,,13.615385,68.615385,2450.201515,2450.201515,2450.201515,19.79947,19.79947,0,1,0,0,9.297286,213.520573,14409.788178,58.43,77.0341,20.467541,0.265695,0.0,NO_PREDICTION,LOW,confidence=LOW; visit_count=1 — insufficient structural evidence,True,NO_PREDICTION
2026-06-06 22:43 UTC,CASE_00757,757,ZONE_CASE_00757_EP_757,RECOVERED_ZONE,1,UNKNOWN,UNKNOWN,5.0,LOW,NEUTRAL,,11.2,96.2,6390.04671,6390.04671,6390.04671,18.522502,18.522502,0,1,0,0,24.60789,31.69584,910.897554,38.28,98.712,19.593971,0.198496,0.0,NO_PREDICTION,LOW,confidence=LOW; visit_count=1 — insufficient structural evidence,True,NO_PREDICTION
2026-06-06 22:43 UTC,CASE_00758,758,ZONE_CASE_00758_EP_758,FATIGUE_ZONE,3,HEALTH_STRENGTHENING,STRENGTHENING,83.410858,HIGH,POSITIVE,4.470286,13.522391,68.522391,9928.840371,3954.377987,3309.613457,57.977684,22.722797,0,3,0,0,13.621596,39.379826,574.913956,12.64,97.109,25.023051,0.25768,85.410858,HOLD,HIGH,"trajectory=STRENGTHENING; growth=3, damage=0, breakdown=0; health_state=HEALTH_STRENGTHENING",True,HOLD
2026-06-06 22:43 UTC,CASE_00759,759,ZONE_CASE_00759_EP_759,FATIGUE_ZONE,3,HEALTH_STRENGTHENING,STRENGTHENING,85.902871,HIGH,POSITIVE,5.300957,12.699001,67.699001,7412.967611,3005.491865,2470.989204,57.005956,22.977892,0,3,0,0,9.340086,170.567968,12567.012934,63.79,81.7381,26.018862,0.31832,80.902871,HOLD,HIGH,"trajectory=STRENGTHENING; growth=3, damage=0, breakdown=0; health_state=HEALTH_STRENGTHENING",True,HOLD
2026-06-06 22:43 UTC,CASE_00762,762,ZONE_CASE_00762_EP_762,FATIGUE_ZONE,2,HEALTH_STRENGTHENING,STRENGTHENING,89.636365,MEDIUM,POSITIVE,6.545455,9.6,64.6,6164.260198,3600.093007,3082.130099,37.675423,21.077139,0,2,0,0,13.750973,70.885642,1887.170726,23.05,94.845,24.04533,0.253522,91.636365,HOLD,MEDIUM,"trajectory=STRENGTHENING; growth=2, damage=0, breakdown=0; health_state=HEALTH_STRENGTHENING",True,HOLD
2026-06-06 22:43 UTC,CASE_00776,776,ZONE_CASE_00776_EP_776,ELASTIC_ZONE,2,HEALTH_STRENGTHENING,STRENGTHENING,95.0,MEDIUM,POSITIVE,11.721879,16.523632,71.523632,7788.944184,3947.952132,3894.472092,47.229203,24.270232,0,2,0,0,15.171745,90.189552,2484.429042,23.85,94.0554,24.963927,0.265417,100.0,HOLD,MEDIUM,"trajectory=STRENGTHENING; growth=2, damage=0, breakdown=0; health_state=HEALTH_STRENGTHENING",True,HOLD
2026-06-06 22:43 UTC,CASE_00782,782,ZONE_CASE_00782_EP_782,FATIGUE_ZONE,1,UNKNOWN,UNKNOWN,5.0,LOW,NEUTRAL,,8.470588,63.470588,1713.793723,1713.793723,1713.793723,20.314811,20.314811,0,1,0,0,9.517814,118.776509,5387.328302,39.27,87.5206,19.329841,0.22086,0.0,NO_PREDICTION,LOW,confidence=LOW; visit_count=1 — insufficient structural evidence,True,NO_PREDICTION
2026-06-06 22:43 UTC,CASE_00783,783,ZONE_CASE_00783_EP_783,EXHAUSTED_ZONE,2,HEALTH_DEGRADING_FAST,DEGRADING,-57.868227,MEDIUM,NEGATIVE,-4.289409,-6.63636,14.16364,7398.834211,3806.230719,3699.417106,38.217302,19.57395,2,0,0,0,18.776949,195.6582,38785.84348,171.63,36.319812,26.530268,0.730463,-72.868227,FAIL,MEDIUM,trajectory=DEGRADING; breakdown_count=0,True,FAIL
2026-06-06 22:43 UTC,CASE_00788,788,ZONE_CASE_00788_EP_788,EXHAUSTED_ZONE,4,HEALTH_WEAKENING,DEGRADING,-52.670391,HIGH,NEGATIVE,-2.556797,-8.488569,12.311431,12870.572958,3812.828211,3217.64324,70.697025,22.089966,4,0,0,0,21.339162,19.449323,313.596994,13.96,52.244261,27.672341,0.529672,-67.670391,FAIL,HIGH,trajectory=DEGRADING; breakdown_count=0,True,FAIL
2026-06-06 22:43 UTC,CASE_00789,789,ZONE_CASE_00789_EP_789,EXHAUSTED_ZONE,4,HEALTH_COLLAPSING,TERMINAL,-100.0,HIGH,NEGATIVE,-2.40546,-7.471436,13.328564,12003.497742,3635.474914,3000.874435,69.719779,21.260079,3,0,1,0,19.327079,72.092014,3828.583378,45.98,41.49741,29.031684,0.699602,-100.0,FAIL,HIGH,trajectory=TERMINAL; breakdown_count=1,True,FAIL
2026-06-06 22:43 UTC,CASE_00797,797,ZONE_CASE_00797_EP_797,EXHAUSTED_ZONE,3,HEALTH_COLLAPSING,TERMINAL,-100.0,HIGH,NEGATIVE,-1.984314,-5.015626,15.784374,16618.736534,5869.590646,5539.578845,67.755254,25.205141,1,0,2,0,16.040374,28.70216,544.339335,16.42,30.197127,32.756987,1.084772,-100.0,FAIL,HIGH,trajectory=TERMINAL; breakdown_count=2,True,FAIL
2026-06-06 22:43 UTC,CASE_00802,802,ZONE_CASE_00802_EP_802,EXHAUSTED_ZONE,1,UNKNOWN,DEGRADING,-45.0,LOW,NEGATIVE,,-1.088552,19.711448,3716.296742,3716.296742,3716.296742,22.148592,22.148592,1,0,0,0,18.475825,50.562419,2123.409236,36.36,46.214385,22.372541,0.484103,0.0,NO_PREDICTION,LOW,confidence=LOW; visit_count=1 — insufficient structural evidence,True,NO_PREDICTION
2026-06-06 22:43 UTC,CASE_00820,820,ZONE_CASE_00820_EP_820,EXHAUSTED_ZONE,2,HEALTH_COLLAPSING,TERMINAL,-98.286854,MEDIUM,NEGATIVE,-1.095618,-2.673231,18.126769,9433.860522,4931.592853,4716.930261,43.221546,22.312625,1,0,1,0,15.913332,4.99928,18.015405,3.12,30.800938,36.634244,1.189387,-100.0,FAIL,MEDIUM,trajectory=TERMINAL; breakdown_count=1,True,FAIL
2026-06-06 22:43 UTC,CASE_00821,821,ZONE_CASE_00821_EP_821,EXHAUSTED_ZONE,3,HEALTH_COLLAPSING,TERMINAL,-100.0,HIGH,NEGATIVE,-2.44005,-5.327441,15.472559,26991.416342,10535.806862,8997.138781,73.708825,29.357479,2,0,1,0,30.821479,50.4735,2019.987325,34.65,29.169153,45.090914,1.545842,-100.0,FAIL,HIGH,trajectory=TERMINAL; breakdown_count=1,True,FAIL
2026-06-06 22:43 UTC,CASE_00834,834,ZONE_CASE_00834_EP_834,EXHAUSTED_ZONE,2,HEALTH_STABLE,STABLE,10.0,MEDIUM,NEUTRAL,-0.110102,-0.58761,20.21239,6268.726461,3880.995726,3134.363231,32.020414,19.418055,2,0,0,0,15.97318,21.85722,440.021903,17.43,29.189904,28.72931,0.984221,10.0,HOLD,MEDIUM,"trajectory=STABLE; growth=0, damage=2, breakdown=0; health_state=HEALTH_STABLE",True,HOLD
2026-06-06 22:43 UTC,CASE_00842,842,ZONE_CASE_00842_EP_842,EXHAUSTED_ZONE,2,HEALTH_COLLAPSING,TERMINAL,-100.0,MEDIUM,NEGATIVE,-5.224708,-5.803172,14.996828,9112.606447,5218.036912,4556.303224,40.183342,22.001394,1,0,1,0,16.392333,272.4695,58865.060071,187.05,21.082345,34.094735,1.617217,-100.0,FAIL,MEDIUM,trajectory=TERMINAL; breakdown_count=1,True,FAIL
2026-06-06 22:43 UTC,CASE_00843,843,ZONE_CASE_00843_EP_843,EXHAUSTED_ZONE,2,HEALTH_DEGRADING_FAST,DEGRADING,-57.852408,MEDIUM,NEGATIVE,-4.284136,-5.589442,15.210558,8227.884616,4243.063722,4113.942308,46.261826,26.074351,2,0,0,0,19.136348,103.365067,8471.676853,70.96,43.030531,26.992851,0.627295,-72.852408,FAIL,MEDIUM,trajectory=DEGRADING; breakdown_count=0,True,FAIL
2026-06-06 22:43 UTC,CASE_00847,847,ZONE_CASE_00847_EP_847,EXHAUSTED_ZONE,5,HEALTH_COLLAPSING,TERMINAL,-97.879178,HIGH,NEGATIVE,-0.959726,-3.50499,17.29501,30042.07123,7383.673725,6008.414246,118.591474,29.23728,4,0,1,0,23.995297,76.59736,3876.753244,43.82,42.280226,34.10805,0.806714,-100.0,FAIL,HIGH,trajectory=TERMINAL; breakdown_count=1,True,FAIL
2026-06-06 22:43 UTC,CASE_00848,848,ZONE_CASE_00848_EP_848,EXHAUSTED_ZONE,4,HEALTH_COLLAPSING,TERMINAL,-100.0,HIGH,NEGATIVE,-1.982189,-6.291779,14.508221,17438.225037,6182.013399,4359.556259,75.882398,26.114413,2,0,1,1,23.506016,6.664375,36.254533,4.71,47.05127,32.956557,0.700439,-100.0,FAIL,HIGH,trajectory=TERMINAL; breakdown_count=1,True,FAIL
2026-06-06 22:43 UTC,CASE_00853,853,ZONE_CASE_00853_EP_853,FATIGUE_ZONE,3,HEALTH_STRENGTHENING,STRENGTHENING,88.744288,HIGH,POSITIVE,6.248096,20.705882,75.705882,7676.136005,3064.325346,2558.712002,58.759507,22.51225,0,3,0,0,10.45449,784.3,185340.2859,204.6,24.9796,26.277955,1.051977,71.744288,HOLD,HIGH,"trajectory=STRENGTHENING; growth=3, damage=0, breakdown=0; health_state=HEALTH_STRENGTHENING",True,HOLD
2026-06-06 22:43 UTC,CASE_00855,855,ZONE_CASE_00855_EP_855,EXHAUSTED_ZONE,5,HEALTH_WEAKENING,DEGRADING,-47.614872,HIGH,NEGATIVE,-0.871624,-5.025887,15.774113,24599.877869,5910.918775,4919.975574,90.211841,20.40088,4,0,0,1,21.197195,186.6636,35301.764033,163.74,39.726379,35.970853,0.905465,-62.614872,FAIL,HIGH,trajectory=DEGRADING; breakdown_count=0,True,FAIL
2026-06-06 22:43 UTC,CASE_00856,856,ZONE_CASE_00856_EP_856,EXHAUSTED_ZONE,6,HEALTH_COLLAPSING,TERMINAL,-95.929874,HIGH,NEGATIVE,-0.309958,-0.969178,19.830822,25070.790549,5839.335827,4178.465092,107.765204,24.0309,3,0,1,2,21.522055,138.7038,19491.885505,121.67,41.859953,37.668798,0.899877,-100.0,FAIL,HIGH,trajectory=TERMINAL; breakdown_count=1,True,FAIL
2026-06-06 22:43 UTC,CASE_00860,860,ZONE_CASE_00860_EP_860,FATIGUE_ZONE,5,HEALTH_STRENGTHENING,STRENGTHENING,81.860248,HIGH,POSITIVE,3.953416,19.60266,74.60266,10412.299201,2500.917872,2082.45984,95.863992,24.17845,0,5,0,0,11.048196,325.169771,41395.445044,110.22,67.6192,27.743871,0.410296,76.860248,HOLD,HIGH,"trajectory=STRENGTHENING; growth=5, damage=0, breakdown=0; health_state=HEALTH_STRENGTHENING",True,HOLD
2026-06-06 22:43 UTC,CASE_00861,861,ZONE_CASE_00861_EP_861,EXHAUSTED_ZONE,5,HEALTH_COLLAPSING,TERMINAL,-97.995818,HIGH,NEGATIVE,-0.998606,-6.695999,14.104001,18492.341491,4410.605669,3698.468298,93.964992,23.460469,3,0,1,1,19.788858,61.952033,3043.217058,42.53,44.885611,34.906988,0.777688,-100.0,FAIL,HIGH,trajectory=TERMINAL; breakdown_count=1,True,FAIL
2026-06-06 22:43 UTC,CASE_00870,870,ZONE_CASE_00870_EP_870,RECOVERED_ZONE,3,HEALTH_STRENGTHENING,STRENGTHENING,79.965085,HIGH,POSITIVE,3.321695,11.076923,103.076923,14689.508853,5359.844313,4896.502951,72.010614,30.132443,0,3,0,0,22.43623,11.552658,187.513676,21.62,99.4851,24.624021,0.247515,86.965085,HOLD,HIGH,"trajectory=STRENGTHENING; growth=3, damage=0, breakdown=0; health_state=HEALTH_STRENGTHENING",True,HOLD
2026-06-06 22:43 UTC,CASE_00874,874,ZONE_CASE_00874_EP_874,EXHAUSTED_ZONE,4,HEALTH_COLLAPSING,TERMINAL,-99.389966,HIGH,NEGATIVE,-1.463322,-4.812277,15.987723,10632.205531,3404.833695,2658.051383,62.335309,20.885715,3,0,1,0,15.60079,333.882567,88391.252775,229.21,18.561358,35.929411,1.93571,-100.0,FAIL,HIGH,trajectory=TERMINAL; breakdown_count=1,True,FAIL
2026-06-06 22:43 UTC,CASE_00875,875,ZONE_CASE_00875_EP_875,RECOVERED_ZONE,3,HEALTH_STRENGTHENING,STRENGTHENING,92.019418,HIGH,POSITIVE,7.339806,18.640777,103.640777,15560.86983,5257.701415,5186.95661,56.368496,19.767705,0,3,0,0,23.87395,156.5955,26681.166055,226.95,91.609599,25.615609,0.279617,99.019418,HOLD,HIGH,"trajectory=STRENGTHENING; growth=3, damage=0, breakdown=0; health_state=HEALTH_STRENGTHENING",True,HOLD
2026-06-06 22:43 UTC,CASE_00887,887,ZONE_CASE_00887_EP_887,EXHAUSTED_ZONE,4,HEALTH_COLLAPSING,TERMINAL,-98.429765,HIGH,NEGATIVE,-1.143255,-5.137449,15.662551,11884.341352,5262.931814,2971.085338,54.740491,25.454104,2,0,1,1,19.739105,19.308117,268.725545,12.05,48.65854,32.548918,0.668925,-100.0,FAIL,HIGH,trajectory=TERMINAL; breakdown_count=1,True,FAIL
2026-06-06 22:43 UTC,CASE_00903,903,ZONE_CASE_00903_EP_903,RIGID_ZONE,1,UNKNOWN,DEGRADING,-45.0,LOW,NEGATIVE,,-0.467807,76.452193,15564.783814,15564.783814,15564.783814,15.962884,15.962884,1,0,0,0,18.54338,,0.0,0.0,67.06362,13.974658,0.208379,0.0,NO_PREDICTION,LOW,confidence=LOW; visit_count=1 — insufficient structural evidence,True,NO_PREDICTION
2026-06-06 22:43 UTC,CASE_00911,911,ZONE_CASE_00911_EP_911,FATIGUE_ZONE,1,UNKNOWN,UNKNOWN,5.0,LOW,NEUTRAL,,5.660377,60.660377,2248.352194,2248.352194,2248.352194,23.214417,23.214417,0,1,0,0,9.518532,181.315971,8613.4424,41.13,80.9513,20.858855,0.257672,0.0,NO_PREDICTION,LOW,confidence=LOW; visit_count=1 — insufficient structural evidence,True,NO_PREDICTION
2026-06-06 22:43 UTC,CASE_00913,913,ZONE_CASE_00913_EP_913,FATIGUE_ZONE,1,UNKNOWN,UNKNOWN,5.0,LOW,NEUTRAL,,2.461538,57.461538,1942.047456,1942.047456,1942.047456,21.398437,21.398437,0,1,0,0,9.547368,52.409225,1027.84448,16.98,94.5106,20.574678,0.217697,0.0,NO_PREDICTION,LOW,confidence=LOW; visit_count=1 — insufficient structural evidence,True,NO_PREDICTION
2026-06-06 22:43 UTC,CASE_00915,915,ZONE_CASE_00915_EP_915,RIGID_ZONE,1,UNKNOWN,STABLE,15.0,LOW,NEUTRAL,,-0.020316,76.899684,4746.547019,4746.547019,4746.547019,11.142787,11.142787,0,0,0,1,14.832589,,0.0,0.0,67.85198,8.834493,0.130202,0.0,NO_PREDICTION,LOW,confidence=LOW; visit_count=1 — insufficient structural evidence,True,NO_PREDICTION
2026-06-06 22:43 UTC,CASE_00918,918,ZONE_CASE_00918_EP_918,FATIGUE_ZONE,2,HEALTH_STRENGTHENING,STRENGTHENING,78.917533,MEDIUM,POSITIVE,2.972511,20.930236,75.930236,7260.784536,4337.855191,3630.392268,42.373525,25.603254,0,2,0,0,11.913635,370.88981,54823.781956,127.98,68.8685,24.149421,0.35066,73.917533,HOLD,MEDIUM,"trajectory=STRENGTHENING; growth=2, damage=0, breakdown=0; health_state=HEALTH_STRENGTHENING",True,HOLD
2026-06-06 22:43 UTC,CASE_00925,925,ZONE_CASE_00925_EP_925,FATIGUE_ZONE,2,HEALTH_STRENGTHENING,STRENGTHENING,90.399535,MEDIUM,POSITIVE,6.799845,16.76445,71.76445,6591.339837,3432.844354,3295.669918,49.481853,27.362086,0,2,0,0,11.063511,44.775198,689.365665,13.33,95.9529,23.27251,0.242541,92.399535,HOLD,MEDIUM,"trajectory=STRENGTHENING; growth=2, damage=0, breakdown=0; health_state=HEALTH_STRENGTHENING",True,HOLD
2026-06-06 22:43 UTC,CASE_00929,929,ZONE_CASE_00929_EP_929,FATIGUE_ZONE,3,HEALTH_STRENGTHENING,STRENGTHENING,77.991436,HIGH,POSITIVE,2.663812,12.655938,67.655938,9058.779472,3358.884279,3019.593157,69.187564,26.156396,0,3,0,0,12.270448,459.54,53023.79313,99.9,62.549,26.709822,0.427022,72.991436,HOLD,HIGH,"trajectory=STRENGTHENING; growth=3, damage=0, breakdown=0; health_state=HEALTH_STRENGTHENING",True,HOLD
2026-06-06 22:43 UTC,CASE_00970,970,ZONE_CASE_00970_EP_970,FATIGUE_ZONE,3,HEALTH_STRENGTHENING,STRENGTHENING,85.369525,HIGH,POSITIVE,5.123175,22.117647,77.117647,7620.835219,3021.542943,2540.278406,61.489444,24.116091,0,3,0,0,9.557949,199.281298,13969.011182,60.69,79.1502,24.745326,0.312638,80.369525,HOLD,HIGH,"trajectory=STRENGTHENING; growth=3, damage=0, breakdown=0; health_state=HEALTH_STRENGTHENING",True,HOLD
2026-06-06 22:43 UTC,CASE_00971,971,ZONE_CASE_00971_EP_971,FATIGUE_ZONE,3,HEALTH_STRENGTHENING,STRENGTHENING,81.461494,HIGH,POSITIVE,3.820498,16.058824,71.058824,7614.029326,3018.84466,2538.009775,61.489444,24.116091,0,3,0,0,9.549413,64.965874,1210.323978,16.13,93.1969,24.11661,0.258771,83.461494,HOLD,HIGH,"trajectory=STRENGTHENING; growth=3, damage=0, breakdown=0; health_state=HEALTH_STRENGTHENING",True,HOLD
2026-06-06 22:43 UTC,CASE_00976,976,ZONE_CASE_00976_EP_976,FATIGUE_ZONE,3,HEALTH_STRENGTHENING,STRENGTHENING,85.186027,HIGH,POSITIVE,5.062009,16.131876,71.131876,8382.141496,2875.921241,2794.047165,70.811131,24.853098,0,3,0,0,10.807601,164.406599,11983.934035,63.11,84.7879,24.372748,0.287455,87.186027,HOLD,HIGH,"trajectory=STRENGTHENING; growth=3, damage=0, breakdown=0; health_state=HEALTH_STRENGTHENING",True,HOLD
2026-06-06 22:43 UTC,CASE_01004,1004,ZONE_CASE_01004_EP_1004,RECOVERED_ZONE,1,UNKNOWN,UNKNOWN,5.0,LOW,NEUTRAL,,15.421002,107.421002,4317.199008,4317.199008,4317.199008,21.386159,21.386159,0,1,0,0,19.525005,12.431562,203.552625,21.81,99.3633,19.255019,0.193784,0.0,NO_PREDICTION,LOW,confidence=LOW; visit_count=1 — insufficient structural evidence,True,NO_PREDICTION
2026-06-06 22:43 UTC,CASE_01010,1010,ZONE_CASE_01010_EP_1010,EXHAUSTED_ZONE,2,HEALTH_COLLAPSING,TERMINAL,-100.0,MEDIUM,NEGATIVE,-2.603241,-5.356258,15.943742,5840.308121,2924.969302,2920.154061,47.871202,24.53714,1,0,1,0,15.123143,28.42248,533.782701,16.26,31.281485,28.131561,0.899304,-100.0,FAIL,MEDIUM,trajectory=TERMINAL; breakdown_count=1,True,FAIL
2026-06-06 22:43 UTC,CASE_01028,1028,ZONE_CASE_01028_EP_1028,EXHAUSTED_ZONE,7,HEALTH_COLLAPSING,TERMINAL,-96.308606,HIGH,NEGATIVE,-0.436202,-1.678546,19.121454,18838.214879,3425.447669,2691.173554,114.224088,19.30569,6,0,1,0,19.183885,89.81224,5329.808589,51.38,43.698732,34.572813,0.791163,-100.0,FAIL,HIGH,trajectory=TERMINAL; breakdown_count=1,True,FAIL
2026-06-06 22:43 UTC,CASE_01037,1037,ZONE_CASE_01037_EP_1037,ELASTIC_ZONE,3,HEALTH_STRENGTHENING,STRENGTHENING,83.880682,HIGH,POSITIVE,4.626894,10.093458,65.093458,6478.437067,2271.879663,2159.479022,55.906366,19.906241,0,3,0,0,11.966053,622.44,124300.95678,172.9,47.218779,25.65144,0.543247,78.880682,HOLD,HIGH,"trajectory=STRENGTHENING; growth=3, damage=0, breakdown=0; health_state=HEALTH_STRENGTHENING",True,HOLD
2026-06-06 22:43 UTC,CASE_01038,1038,ZONE_CASE_01038_EP_1038,RECOVERED_ZONE,5,HEALTH_STRENGTHENING,STRENGTHENING,80.805616,HIGH,POSITIVE,3.601872,21.098469,106.098469,22316.508459,5410.547566,4463.301692,92.180028,28.335713,0,5,0,0,28.263584,51.805691,3099.781865,79.7,98.1671,26.642656,0.271401,87.805616,HOLD,HIGH,"trajectory=STRENGTHENING; growth=5, damage=0, breakdown=0; health_state=HEALTH_STRENGTHENING",True,HOLD
2026-06-06 22:43 UTC,CASE_01039,1039,ZONE_CASE_01039_EP_1039,EXHAUSTED_ZONE,5,HEALTH_WEAKENING,DEGRADING,-48.029793,HIGH,NEGATIVE,-1.009931,-4.739396,16.060604,13320.691514,4018.71567,2664.138303,77.48279,21.896304,4,0,0,1,21.505419,83.561683,5033.191743,52.15,50.964252,30.40239,0.596543,-63.029793,FAIL,HIGH,trajectory=DEGRADING; breakdown_count=0,True,FAIL
2026-06-06 22:43 UTC,CASE_01051,1051,ZONE_CASE_01051_EP_1051,EXHAUSTED_ZONE,4,HEALTH_STABLE,STABLE,10.0,HIGH,NEUTRAL,-0.263115,-2.435962,18.364038,12760.544252,4259.81838,3190.136063,69.928092,23.665938,3,0,0,1,21.391126,103.670967,8521.893443,71.17,49.508356,29.433474,0.594515,-5.0,UNCERTAIN,MEDIUM,trajectory=STABLE; mixed structural signals,True,UNCERTAIN
2026-06-06 22:43 UTC,CASE_01063,1063,ZONE_CASE_01063_EP_1063,FATIGUE_ZONE,6,HEALTH_STRENGTHENING,STRENGTHENING,81.66838,HIGH,POSITIVE,3.88946,22.336634,77.336634,13624.087613,2828.570165,2270.681269,128.069093,27.239886,0,6,0,0,9.115546,180.838801,15285.019893,73.18,80.1615,27.88868,0.347906,76.66838,HOLD,HIGH,"trajectory=STRENGTHENING; growth=6, damage=0, breakdown=0; health_state=HEALTH_STRENGTHENING",True,HOLD
2026-06-06 22:43 UTC,CASE_01065,1065,ZONE_CASE_01065_EP_1065,FATIGUE_ZONE,5,HEALTH_STRENGTHENING,STRENGTHENING,79.209151,HIGH,POSITIVE,3.069717,12.412966,67.412966,12243.973071,2826.545207,2448.794614,113.004824,27.239886,0,5,0,0,9.10902,72.206036,2235.065638,26.8,92.0731,26.665808,0.289616,81.209151,HOLD,HIGH,"trajectory=STRENGTHENING; growth=5, damage=0, breakdown=0; health_state=HEALTH_STRENGTHENING",True,HOLD
2026-06-06 22:43 UTC,CASE_01070,1070,ZONE_CASE_01070_EP_1070,EXHAUSTED_ZONE,4,HEALTH_COLLAPSING,TERMINAL,-98.937809,HIGH,NEGATIVE,-1.312603,-6.057497,14.742503,15108.20635,4515.948568,3777.051588,78.268547,22.303165,2,0,2,0,15.689195,19.38,380.5263,17.0,30.126839,38.706278,1.284777,-100.0,FAIL,HIGH,trajectory=TERMINAL; breakdown_count=2,True,FAIL
2026-06-06 22:43 UTC,CASE_01073,1073,ZONE_CASE_01073_EP_1073,RIGID_ZONE,1,UNKNOWN,DEGRADING,-45.0,LOW,NEGATIVE,,-0.284541,76.635459,3736.417982,3736.417982,3736.417982,8.801181,8.801181,1,0,0,0,14.144901,,0.0,0.0,67.08414,9.745367,0.145271,0.0,NO_PREDICTION,LOW,confidence=LOW; visit_count=1 — insufficient structural evidence,True,NO_PREDICTION
2026-06-06 22:43 UTC,CASE_01079,1079,ZONE_CASE_01079_EP_1079,RECOVERED_ZONE,6,HEALTH_STRENGTHENING,STRENGTHENING,77.219986,HIGH,POSITIVE,2.406662,18.453084,103.453084,27029.817865,5469.868803,4504.969644,107.482561,21.898938,0,6,0,0,20.644588,120.84336,18456.718149,203.44,93.838471,28.770532,0.306596,77.219986,HOLD,HIGH,"trajectory=STRENGTHENING; growth=6, damage=0, breakdown=0; health_state=HEALTH_STRENGTHENING",True,HOLD
2026-06-06 22:43 UTC,CASE_01080,1080,ZONE_CASE_01080_EP_1080,FATIGUE_ZONE,6,HEALTH_STRENGTHENING,STRENGTHENING,78.878461,HIGH,POSITIVE,2.959487,15.920792,70.920792,8369.266931,1896.983835,1394.877822,105.214742,25.109942,0,6,0,0,9.417329,319.93,30840.068259,83.46,66.0275,28.146038,0.426278,73.878461,HOLD,HIGH,"trajectory=STRENGTHENING; growth=6, damage=0, breakdown=0; health_state=HEALTH_STRENGTHENING",True,HOLD
2026-06-06 22:43 UTC,CASE_01081,1081,ZONE_CASE_01081_EP_1081,EXHAUSTED_ZONE,6,HEALTH_COLLAPSING,TERMINAL,-98.272598,HIGH,NEGATIVE,-1.090866,-5.445823,15.354177,19707.475594,4156.548415,3284.579266,116.653281,27.717644,3,0,2,1,18.827891,77.33418,5508.424707,61.67,43.456014,37.968282,0.873718,-100.0,FAIL,HIGH,trajectory=TERMINAL; breakdown_count=2,True,FAIL
2026-06-06 22:43 UTC,CASE_01082,1082,ZONE_CASE_01082_EP_1082,FATIGUE_ZONE,6,HEALTH_STRENGTHENING,STRENGTHENING,81.695854,HIGH,POSITIVE,3.898618,21.483871,76.483871,12306.670673,3280.990938,2051.111779,132.701844,34.552349,0,6,0,0,12.158534,174.130357,7839.67952,38.98,85.6783,29.38969,0.343024,76.695854,HOLD,HIGH,"trajectory=STRENGTHENING; growth=6, damage=0, breakdown=0; health_state=HEALTH_STRENGTHENING",True,HOLD
2026-06-06 22:43 UTC,CASE_01086,1086,ZONE_CASE_01086_EP_1086,EXHAUSTED_ZONE,2,HEALTH_STABLE,STABLE,10.0,MEDIUM,NEUTRAL,0.31548,-3.50266,17.29734,8728.885487,5022.259385,4364.442743,34.95063,20.360807,1,0,0,1,18.897355,244.87732,39622.117641,140.09,35.458682,30.462179,0.859089,-5.0,UNCERTAIN,MEDIUM,trajectory=STABLE; mixed structural signals,True,UNCERTAIN
2026-06-06 22:43 UTC,CASE_01087,1087,ZONE_CASE_01087_EP_1087,EXHAUSTED_ZONE,4,HEALTH_COLLAPSING,TERMINAL,-100.0,HIGH,NEGATIVE,-1.916918,-8.330873,12.469127,14631.251051,4871.891809,3657.812763,59.432408,19.643388,2,0,2,0,19.17733,319.21976,67331.77902,182.62,35.295111,35.675953,1.01079,-100.0,FAIL,HIGH,trajectory=TERMINAL; breakdown_count=2,True,FAIL
2026-06-06 22:43 UTC,CASE_01089,1089,ZONE_CASE_01089_EP_1089,FATIGUE_ZONE,3,HEALTH_STRENGTHENING,STRENGTHENING,86.630557,HIGH,POSITIVE,5.543519,17.133461,72.133461,19841.226926,7540.443014,6613.742309,66.894461,27.281368,0,3,0,0,22.339874,919.184044,234392.758486,220.78,56.51048,25.878614,0.457944,86.630557,HOLD,HIGH,"trajectory=STRENGTHENING; growth=3, damage=0, breakdown=0; health_state=HEALTH_STRENGTHENING",True,HOLD
2026-06-06 22:43 UTC,CASE_01091,1091,ZONE_CASE_01091_EP_1091,EXHAUSTED_ZONE,4,HEALTH_COLLAPSING,TERMINAL,-99.436475,HIGH,NEGATIVE,-1.478825,-5.96972,14.83028,35626.833925,9595.808653,8906.708481,109.364481,36.151018,3,0,1,0,33.138725,29.152128,694.289996,20.62,47.772377,33.719095,0.705828,-100.0,FAIL,HIGH,trajectory=TERMINAL; breakdown_count=1,True,FAIL
2026-06-06 22:43 UTC,CASE_01099,1099,ZONE_CASE_01099_EP_1099,FATIGUE_ZONE,4,HEALTH_STRENGTHENING,STRENGTHENING,80.19547,HIGH,POSITIVE,3.39849,15.72963,70.72963,38785.249885,11086.723997,9696.312471,90.183206,25.033515,0,4,0,0,23.052779,115.146427,3670.6378,27.6,95.0051,26.093478,0.274653,87.19547,HOLD,HIGH,"trajectory=STRENGTHENING; growth=4, damage=0, breakdown=0; health_state=HEALTH_STRENGTHENING",True,HOLD
2026-06-06 22:43 UTC,CASE_01101,1101,ZONE_CASE_01101_EP_1101,FATIGUE_ZONE,4,HEALTH_STRENGTHENING,STRENGTHENING,85.96855,HIGH,POSITIVE,5.32285,20.673525,75.673525,11762.018261,4122.423822,2940.504565,79.034186,28.239638,0,4,0,0,11.645408,686.82,181612.859274,228.94,38.905881,27.118878,0.697038,80.96855,HOLD,HIGH,"trajectory=STRENGTHENING; growth=4, damage=0, breakdown=0; health_state=HEALTH_STRENGTHENING",True,HOLD
2026-06-06 22:43 UTC,CASE_01102,1102,ZONE_CASE_01102_EP_1102,ELASTIC_ZONE,5,HEALTH_STRENGTHENING,STRENGTHENING,83.158126,HIGH,POSITIVE,4.386042,18.484668,116.484668,13346.483815,4081.349396,2669.296763,85.195594,26.116931,0,5,0,0,13.478987,444.52127,78224.986105,152.36,67.0212,27.464841,0.409793,78.158126,HOLD,HIGH,"trajectory=STRENGTHENING; growth=5, damage=0, breakdown=0; health_state=HEALTH_STRENGTHENING",True,HOLD
2026-06-06 22:43 UTC,CASE_01103,1103,ZONE_CASE_01103_EP_1103,EXHAUSTED_ZONE,6,HEALTH_WEAKENING,DEGRADING,-48.035133,HIGH,NEGATIVE,-1.011711,-4.316681,16.483319,24057.127223,5674.069855,4009.521204,93.84075,21.863747,4,0,0,2,24.187053,134.20761,13138.629762,84.76,48.869816,33.306225,0.68153,-63.035133,FAIL,HIGH,trajectory=DEGRADING; breakdown_count=0,True,FAIL
2026-06-06 22:43 UTC,CASE_01111,1111,ZONE_CASE_01111_EP_1111,FATIGUE_ZONE,3,HEALTH_STRENGTHENING,STRENGTHENING,94.138732,HIGH,POSITIVE,8.046244,19.181598,74.181598,11517.403779,4326.044613,3839.134593,58.542479,24.149097,0,3,0,0,13.710056,543.378221,117600.033764,187.38,60.3664,24.89719,0.412435,89.138732,HOLD,HIGH,"trajectory=STRENGTHENING; growth=3, damage=0, breakdown=0; health_state=HEALTH_STRENGTHENING",True,HOLD
2026-06-06 22:43 UTC,CASE_01112,1112,ZONE_CASE_01112_EP_1112,RECOVERED_ZONE,3,HEALTH_STRENGTHENING,STRENGTHENING,87.10891,HIGH,POSITIVE,5.70297,22.336634,107.336634,20277.768037,7000.762971,6759.256012,68.420118,25.168517,0,3,0,0,21.436022,157.32,26928.62172,228.0,92.661,26.207085,0.282828,94.10891,HOLD,HIGH,"trajectory=STRENGTHENING; growth=3, damage=0, breakdown=0; health_state=HEALTH_STRENGTHENING",True,HOLD
2026-06-06 22:43 UTC,CASE_01114,1114,ZONE_CASE_01114_EP_1114,EXHAUSTED_ZONE,4,HEALTH_COLLAPSING,TERMINAL,-96.279668,HIGH,NEGATIVE,-0.426556,-2.808739,17.991261,16484.507063,4209.417572,4121.126766,81.735399,23.228573,2,0,2,0,15.997061,83.25306,6383.882105,66.39,27.737411,41.343693,1.490539,-100.0,FAIL,HIGH,trajectory=TERMINAL; breakdown_count=2,True,FAIL
2026-06-06 22:43 UTC,CASE_01129,1129,ZONE_CASE_01129_EP_1129,ELASTIC_ZONE,1,UNKNOWN,UNKNOWN,5.0,LOW,NEUTRAL,,11.275348,66.275348,3272.874321,3272.874321,3272.874321,20.758287,20.758287,0,1,0,0,13.224233,633.124709,129995.919344,177.77,51.668014,20.191526,0.390794,0.0,NO_PREDICTION,LOW,confidence=LOW; visit_count=1 — insufficient structural evidence,True,NO_PREDICTION
2026-06-06 22:43 UTC,CASE_01139,1139,ZONE_CASE_01139_EP_1139,EXHAUSTED_ZONE,4,HEALTH_COLLAPSING,TERMINAL,-100.0,HIGH,NEGATIVE,-1.801038,-5.026666,16.273334,14434.66124,5563.295325,3608.66531,77.276414,34.62312,2,0,2,0,15.120788,143.10648,18862.66478,114.12,28.048851,34.242699,1.220824,-100.0,FAIL,HIGH,trajectory=TERMINAL; breakdown_count=2,True,FAIL
2026-06-06 22:43 UTC,CASE_01146,1146,ZONE_CASE_01146_EP_1146,EXHAUSTED_ZONE,4,HEALTH_COLLAPSING,TERMINAL,-100.0,HIGH,NEGATIVE,-2.893182,-9.842314,10.957686,11092.590387,3516.910208,2773.147597,69.623214,20.865255,3,0,1,0,18.757504,240.2189,45754.746113,164.91,33.716785,28.905503,0.857303,-100.0,FAIL,HIGH,trajectory=TERMINAL; breakdown_count=1,True,FAIL
2026-06-06 22:43 UTC,CASE_01147,1147,ZONE_CASE_01147_EP_1147,FATIGUE_ZONE,4,HEALTH_STRENGTHENING,STRENGTHENING,85.591429,HIGH,POSITIVE,5.197143,18.030596,73.030596,11001.25629,3114.024452,2750.314072,86.16893,24.780283,0,4,0,0,13.399811,8.907462,25.000128,2.43,99.3353,26.188029,0.263633,87.591429,HOLD,HIGH,"trajectory=STRENGTHENING; growth=4, damage=0, breakdown=0; health_state=HEALTH_STRENGTHENING",True,HOLD
2026-06-06 22:43 UTC,CASE_01149,1149,ZONE_CASE_01149_EP_1149,RECOVERED_ZONE,3,HEALTH_STRENGTHENING,STRENGTHENING,89.665648,HIGH,POSITIVE,6.555216,16.582821,101.582821,16871.844354,5905.255732,5623.948118,66.282828,22.867433,0,3,0,0,20.873756,27.429573,727.541926,35.33,98.6859,24.479005,0.24805,96.665648,HOLD,HIGH,"trajectory=STRENGTHENING; growth=3, damage=0, breakdown=0; health_state=HEALTH_STRENGTHENING",True,HOLD
2026-06-06 22:43 UTC,CASE_01150,1150,ZONE_CASE_01150_EP_1150,EXHAUSTED_ZONE,6,HEALTH_COLLAPSING,TERMINAL,-96.889358,HIGH,NEGATIVE,-0.629786,-2.943654,17.856346,22817.92065,4413.512747,3802.986775,124.381128,32.185229,3,0,3,0,15.826855,3.300807,7.85361,2.06,31.424811,39.966767,1.271822,-100.0,FAIL,HIGH,trajectory=TERMINAL; breakdown_count=3,True,FAIL
2026-06-06 22:43 UTC,CASE_01154,1154,ZONE_CASE_01154_EP_1154,EXHAUSTED_ZONE,7,HEALTH_WEAKENING,DEGRADING,-48.874167,HIGH,NEGATIVE,-1.291389,-8.522286,12.277714,17976.934203,3229.321509,2568.133458,109.396682,19.128078,6,0,0,1,21.101848,58.6454,2479.116994,36.6,51.724066,34.075636,0.658797,-63.874167,FAIL,HIGH,trajectory=DEGRADING; breakdown_count=0,True,FAIL
2026-06-06 22:43 UTC,CASE_01156,1156,ZONE_CASE_01156_EP_1156,FATIGUE_ZONE,5,HEALTH_STRENGTHENING,STRENGTHENING,80.207473,HIGH,POSITIVE,3.402491,16.612738,71.612738,6072.305954,1516.664981,1214.461191,82.64654,19.639379,0,5,0,0,9.653667,76.286943,1699.669276,19.29,92.0976,27.023293,0.29342,82.207473,HOLD,HIGH,"trajectory=STRENGTHENING; growth=5, damage=0, breakdown=0; health_state=HEALTH_STRENGTHENING",True,HOLD
2026-06-06 22:43 UTC,CASE_01173,1173,ZONE_CASE_01173_EP_1173,EXHAUSTED_ZONE,5,HEALTH_COLLAPSING,TERMINAL,-96.793211,HIGH,NEGATIVE,-0.597737,-3.903939,16.896061,13394.084558,3453.567314,2678.816912,102.203856,31.713735,3,0,2,0,16.611271,168.492,28763.100828,147.8,20.582706,54.241029,2.635272,-100.0,FAIL,HIGH,trajectory=TERMINAL; breakdown_count=2,True,FAIL
2026-06-06 22:43 UTC,CASE_01174,1174,ZONE_CASE_01174_EP_1174,EXHAUSTED_ZONE,5,HEALTH_COLLAPSING,TERMINAL,-98.596553,HIGH,NEGATIVE,-1.198851,-5.574276,15.725724,13481.424724,3534.105178,2696.284945,101.625478,31.713735,3,0,2,0,16.998649,205.229767,33396.619263,140.89,23.46499,53.620428,2.285125,-100.0,FAIL,HIGH,trajectory=TERMINAL; breakdown_count=2,True,FAIL
2026-06-06 22:43 UTC,CASE_01182,1182,ZONE_CASE_01182_EP_1182,FATIGUE_ZONE,2,HEALTH_STRENGTHENING,STRENGTHENING,95.0,MEDIUM,POSITIVE,15.920792,18.29703,73.29703,3734.316145,2796.206731,1867.158073,30.660132,22.428399,0,2,0,0,11.581205,513.752902,80575.69508,135.79,55.6391,25.311993,0.454932,90.0,HOLD,MEDIUM,"trajectory=STRENGTHENING; growth=2, damage=0, breakdown=0; health_state=HEALTH_STRENGTHENING",True,HOLD
2026-06-06 22:43 UTC,CASE_01184,1184,ZONE_CASE_01184_EP_1184,FATIGUE_ZONE,1,UNKNOWN,UNKNOWN,5.0,LOW,NEUTRAL,,2.490566,57.490566,787.869697,787.869697,787.869697,9.261534,9.261534,0,1,0,0,12.063256,15.871037,95.688069,5.22,98.6843,20.414806,0.20687,0.0,NO_PREDICTION,LOW,confidence=LOW; visit_count=1 — insufficient structural evidence,True,NO_PREDICTION
2026-06-06 22:43 UTC,CASE_01185,1185,ZONE_CASE_01185_EP_1185,EXHAUSTED_ZONE,1,HEALTH_COLLAPSING,TERMINAL,-90.0,LOW,NEGATIVE,,-3.910917,16.889083,5071.567554,5071.567554,5071.567554,28.396107,28.396107,0,0,1,0,16.381413,35.644633,1007.418916,24.47,30.514428,38.137256,1.249811,0.0,NO_PREDICTION,LOW,confidence=LOW; visit_count=1 — insufficient structural evidence,True,NO_PREDICTION
2026-06-06 22:43 UTC,CASE_01193,1193,ZONE_CASE_01193_EP_1193,RECOVERED_ZONE,1,UNKNOWN,UNKNOWN,5.0,LOW,NEUTRAL,,17.584158,102.584158,4556.337415,4556.337415,4556.337415,20.507348,20.507348,0,1,0,0,24.299096,112.5666,13786.859429,163.14,92.747049,20.039326,0.216064,0.0,NO_PREDICTION,LOW,confidence=LOW; visit_count=1 — insufficient structural evidence,True,NO_PREDICTION
2026-06-06 22:43 UTC,CASE_01194,1194,ZONE_CASE_01194_EP_1194,ELASTIC_ZONE,2,HEALTH_STRENGTHENING,STRENGTHENING,79.267327,MEDIUM,POSITIVE,3.089109,16.871287,71.871287,4871.846559,3033.420127,2435.923279,39.696553,24.208415,0,2,0,0,15.3775,527.22,107014.957434,175.74,59.930925,23.543043,0.392836,79.267327,HOLD,MEDIUM,"trajectory=STRENGTHENING; growth=2, damage=0, breakdown=0; health_state=HEALTH_STRENGTHENING",True,HOLD
2026-06-06 22:43 UTC,CASE_01196,1196,ZONE_CASE_01196_EP_1196,EXHAUSTED_ZONE,2,HEALTH_DEGRADING_FAST,DEGRADING,-54.127197,MEDIUM,NEGATIVE,-3.042399,-4.665706,16.134294,5596.68418,3436.069061,2798.34209,34.104996,20.264263,2,0,0,0,18.442252,144.6888,21210.307383,126.92,38.721257,28.904102,0.746466,-69.127197,FAIL,MEDIUM,trajectory=DEGRADING; breakdown_count=0,True,FAIL
2026-06-06 22:43 UTC,CASE_01216,1216,ZONE_CASE_01216_EP_1216,RECOVERED_ZONE,5,HEALTH_STRENGTHENING,STRENGTHENING,79.648336,HIGH,POSITIVE,3.216112,20.970874,105.970874,18868.147737,4023.407715,3773.629547,103.266946,23.126751,0,5,0,0,24.629947,81.739104,7968.941014,129.86,94.739514,27.199574,0.287099,86.648336,HOLD,HIGH,"trajectory=STRENGTHENING; growth=5, damage=0, breakdown=0; health_state=HEALTH_STRENGTHENING",True,HOLD
2026-06-06 22:43 UTC,CASE_01219,1219,ZONE_CASE_01219_EP_1219,FATIGUE_ZONE,3,HEALTH_STRENGTHENING,STRENGTHENING,87.718168,HIGH,POSITIVE,5.906056,15.012113,70.012113,5346.45728,1963.740496,1782.152427,72.380582,26.597345,0,3,0,0,11.751464,108.059718,3639.42969,29.16,90.8046,24.419861,0.268928,89.718168,HOLD,HIGH,"trajectory=STRENGTHENING; growth=3, damage=0, breakdown=0; health_state=HEALTH_STRENGTHENING",True,HOLD
2026-06-06 22:43 UTC,CASE_01232,1232,ZONE_CASE_01232_EP_1232,FATIGUE_ZONE,5,HEALTH_STRENGTHENING,STRENGTHENING,79.273135,HIGH,POSITIVE,3.091045,21.692308,76.692308,11416.599684,3564.912163,2283.319937,80.93293,21.161294,0,5,0,0,12.887681,491.9806,67597.544063,118.96,61.8255,28.530824,0.461473,74.273135,HOLD,HIGH,"trajectory=STRENGTHENING; growth=5, damage=0, breakdown=0; health_state=HEALTH_STRENGTHENING",True,HOLD
2026-06-06 22:43 UTC,CASE_01233,1233,ZONE_CASE_01233_EP_1233,EXHAUSTED_ZONE,5,HEALTH_COLLAPSING,TERMINAL,-97.580204,HIGH,NEGATIVE,-0.860068,-3.303114,17.496886,15200.751785,4764.293884,3040.150357,77.72044,20.813797,2,0,3,0,17.660444,76.95,5999.214375,67.5,27.695094,56.55383,2.042016,-100.0,FAIL,HIGH,trajectory=TERMINAL; breakdown_count=3,True,FAIL
2026-06-06 22:43 UTC,CASE_01236,1236,ZONE_CASE_01236_EP_1236,EXHAUSTED_ZONE,5,HEALTH_COLLAPSING,TERMINAL,-96.526346,HIGH,NEGATIVE,-0.508782,-2.82053,17.97947,22403.087743,5936.894422,4480.617549,89.225088,22.484176,2,0,3,0,17.094336,14.196673,145.278814,8.86,27.751236,53.314422,1.921155,-100.0,FAIL,HIGH,trajectory=TERMINAL; breakdown_count=3,True,FAIL
2026-06-06 22:43 UTC,CASE_01240,1240,ZONE_CASE_01240_EP_1240,FATIGUE_ZONE,3,HEALTH_STRENGTHENING,STRENGTHENING,83.418691,HIGH,POSITIVE,4.472897,22.09901,77.09901,10577.544621,4179.897339,3525.848207,72.227967,27.25761,0,3,0,0,14.531009,136.906871,7488.915369,47.36,90.5783,28.071857,0.309918,78.418691,HOLD,HIGH,"trajectory=STRENGTHENING; growth=3, damage=0, breakdown=0; health_state=HEALTH_STRENGTHENING",True,HOLD
2026-06-06 22:43 UTC,CASE_01242,1242,ZONE_CASE_01242_EP_1242,RECOVERED_ZONE,4,HEALTH_STRENGTHENING,STRENGTHENING,83.059582,HIGH,POSITIVE,4.353194,21.176471,113.176471,22585.586338,6844.405922,5646.396584,85.358238,23.48234,0,4,0,0,22.743829,11.118211,180.629013,21.64,99.5112,28.222638,0.283613,90.059582,HOLD,HIGH,"trajectory=STRENGTHENING; growth=4, damage=0, breakdown=0; health_state=HEALTH_STRENGTHENING",True,HOLD
2026-06-06 22:43 UTC,CASE_01243,1243,ZONE_CASE_01243_EP_1243,EXHAUSTED_ZONE,5,HEALTH_COLLAPSING,TERMINAL,-97.181783,HIGH,NEGATIVE,-0.727261,-5.14734,16.15266,18998.447951,5019.944362,3799.68959,90.976515,21.945666,2,0,2,1,16.785518,132.74844,16230.926086,105.86,28.997191,54.974129,1.895843,-100.0,FAIL,HIGH,trajectory=TERMINAL; breakdown_count=2,True,FAIL
2026-06-06 22:43 UTC,CASE_01246,1246,ZONE_CASE_01246_EP_1246,FATIGUE_ZONE,5,HEALTH_STRENGTHENING,STRENGTHENING,83.955553,HIGH,POSITIVE,4.651851,20.571429,75.571429,10026.460121,2978.413338,2005.292024,86.624467,26.686563,0,5,0,0,14.46255,399.567609,63691.696204,138.01,72.225008,29.363026,0.406549,78.955553,HOLD,HIGH,"trajectory=STRENGTHENING; growth=5, damage=0, breakdown=0; health_state=HEALTH_STRENGTHENING",True,HOLD
2026-06-06 22:43 UTC,CASE_01251,1251,ZONE_CASE_01251_EP_1251,EXHAUSTED_ZONE,5,HEALTH_COLLAPSING,TERMINAL,-99.063932,HIGH,NEGATIVE,-1.354644,-7.198418,13.601582,12055.600192,2854.496522,2411.120038,96.798227,26.28689,2,0,3,0,16.200906,12.0612,147.386658,10.58,25.708445,51.611112,2.007555,-100.0,FAIL,HIGH,trajectory=TERMINAL; breakdown_count=3,True,FAIL
2026-06-06 22:43 UTC,CASE_01261,1261,ZONE_CASE_01261_EP_1261,EXHAUSTED_ZONE,2,HEALTH_DEGRADING_FAST,DEGRADING,-54.861501,MEDIUM,NEGATIVE,-3.287167,-3.363147,17.436853,3308.740357,2854.566114,1654.370179,25.872089,21.430098,1,0,0,1,20.888865,51.494445,2121.511915,35.67,42.169424,36.46079,0.864626,-69.861501,FAIL,MEDIUM,trajectory=DEGRADING; breakdown_count=0,True,FAIL
2026-06-06 22:43 UTC,CASE_01273,1273,ZONE_CASE_01273_EP_1273,EXHAUSTED_ZONE,6,HEALTH_WEAKENING,DEGRADING,-46.513383,HIGH,NEGATIVE,-0.504461,-3.214853,18.085147,16975.522612,3945.606177,2829.253769,93.873121,22.204922,4,0,0,2,18.645029,168.86991,20555.765786,105.39,43.220222,35.210851,0.814685,-61.513383,FAIL,HIGH,trajectory=DEGRADING; breakdown_count=0,True,FAIL
2026-06-06 22:43 UTC,CASE_01275,1275,ZONE_CASE_01275_EP_1275,FATIGUE_ZONE,3,HEALTH_STRENGTHENING,STRENGTHENING,87.647059,HIGH,POSITIVE,5.882353,16.470588,71.470588,5126.808239,2043.387492,1708.93608,57.908624,22.204922,0,3,0,0,9.656062,363.113322,40505.254758,96.58,62.3953,26.303372,0.42156,82.647059,HOLD,HIGH,"trajectory=STRENGTHENING; growth=3, damage=0, breakdown=0; health_state=HEALTH_STRENGTHENING",True,HOLD
2026-06-06 22:43 UTC,CASE_01278,1278,ZONE_CASE_01278_EP_1278,FATIGUE_ZONE,2,HEALTH_STRENGTHENING,STRENGTHENING,92.099011,MEDIUM,POSITIVE,7.366337,12.118812,67.118812,3163.025165,2073.500087,1581.512583,36.206663,22.204922,0,2,0,0,9.79836,480.277003,75918.970778,136.86,50.9839,25.751096,0.505083,87.099011,HOLD,MEDIUM,"trajectory=STRENGTHENING; growth=2, damage=0, breakdown=0; health_state=HEALTH_STRENGTHENING",True,HOLD
2026-06-06 22:43 UTC,CASE_01280,1280,ZONE_CASE_01280_EP_1280,RECOVERED_ZONE,3,HEALTH_STRENGTHENING,STRENGTHENING,95.0,HIGH,POSITIVE,9.42056,20.635514,105.635514,13624.155534,5569.313387,4541.385178,57.628273,23.738591,0,3,0,0,26.152562,92.589274,11594.501096,166.8,93.611283,28.471239,0.304143,95.0,HOLD,HIGH,"trajectory=STRENGTHENING; growth=3, damage=0, breakdown=0; health_state=HEALTH_STRENGTHENING",True,HOLD
2026-06-06 22:43 UTC,CASE_01281,1281,ZONE_CASE_01281_EP_1281,EXHAUSTED_ZONE,3,HEALTH_DEGRADING_FAST,DEGRADING,-54.194778,HIGH,NEGATIVE,-3.064926,-6.155577,15.144423,10035.369166,5087.627815,3345.123055,47.439752,25.275253,2,0,0,1,30.86405,4.084241,12.595187,2.67,57.066032,34.684006,0.607787,-69.194778,FAIL,HIGH,trajectory=DEGRADING; breakdown_count=0,True,FAIL
2026-06-06 22:43 UTC,CASE_01284,1284,ZONE_CASE_01284_EP_1284,EXHAUSTED_ZONE,4,HEALTH_COLLAPSING,TERMINAL,-97.692596,HIGH,NEGATIVE,-0.897532,-2.792243,18.007757,31498.248067,10914.294766,7874.562017,68.399795,20.872138,1,0,3,0,27.01282,133.1976,14067.424768,91.44,28.256305,71.359078,2.525421,-100.0,FAIL,HIGH,trajectory=TERMINAL; breakdown_count=3,True,FAIL
2026-06-06 22:43 UTC,CASE_01286,1286,ZONE_CASE_01286_EP_1286,RECOVERED_ZONE,3,HEALTH_STRENGTHENING,STRENGTHENING,89.684509,HIGH,POSITIVE,6.561503,17.584158,102.584158,24406.969675,9863.327367,8135.656558,64.585682,24.799693,0,3,0,0,29.287985,97.307836,13253.430896,181.42,96.6776,27.046271,0.279757,96.684509,HOLD,HIGH,"trajectory=STRENGTHENING; growth=3, damage=0, breakdown=0; health_state=HEALTH_STRENGTHENING",True,HOLD
2026-06-06 22:43 UTC,CASE_01288,1288,ZONE_CASE_01288_EP_1288,FATIGUE_ZONE,5,HEALTH_STRENGTHENING,STRENGTHENING,82.696897,HIGH,POSITIVE,4.232299,19.846154,74.846154,16801.098846,3530.887792,3360.219769,99.063576,25.550101,0,5,0,0,12.791858,35.522169,467.310118,11.39,97.2231,28.132049,0.289356,84.696897,HOLD,HIGH,"trajectory=STRENGTHENING; growth=5, damage=0, breakdown=0; health_state=HEALTH_STRENGTHENING",True,HOLD
2026-06-06 22:43 UTC,CASE_01294,1294,ZONE_CASE_01294_EP_1294,EXHAUSTED_ZONE,7,HEALTH_COLLAPSING,TERMINAL,-97.533128,HIGH,NEGATIVE,-0.844376,-6.320296,14.479704,30452.522576,5685.980995,4350.360368,102.134427,18.242453,2,0,4,1,15.381245,62.939653,2855.471353,39.28,30.049396,48.993483,1.630432,-100.0,FAIL,HIGH,trajectory=TERMINAL; breakdown_count=4,True,FAIL
2026-06-06 22:43 UTC,CASE_01295,1295,ZONE_CASE_01295_EP_1295,EXHAUSTED_ZONE,7,HEALTH_COLLAPSING,TERMINAL,-97.341875,HIGH,NEGATIVE,-0.780625,-5.606762,15.193238,29367.638509,6043.731108,4195.37693,94.77835,18.653912,4,0,3,0,15.70568,210.42424,29257.154863,120.38,25.39912,49.443177,1.946649,-100.0,FAIL,HIGH,trajectory=TERMINAL; breakdown_count=3,True,FAIL
2026-06-06 22:43 UTC,CASE_01297,1297,ZONE_CASE_01297_EP_1297,EXHAUSTED_ZONE,5,HEALTH_COLLAPSING,TERMINAL,-100.0,HIGH,NEGATIVE,-1.819788,-7.789873,13.010127,24852.321107,6191.169864,4970.464221,91.251497,22.152969,2,0,2,1,19.325604,244.59764,39531.662669,139.93,38.560669,36.126028,0.936862,-100.0,FAIL,HIGH,trajectory=TERMINAL; breakdown_count=2,True,FAIL
2026-06-06 22:43 UTC,CASE_01298,1298,ZONE_CASE_01298_EP_1298,FATIGUE_ZONE,6,HEALTH_STRENGTHENING,STRENGTHENING,79.972099,HIGH,POSITIVE,3.324033,20.859813,75.859813,15996.535622,3633.219902,2666.08927,120.975373,31.622904,0,6,0,0,10.003642,613.724414,132789.188618,187.33,38.6499,31.266319,0.808962,74.972099,HOLD,HIGH,"trajectory=STRENGTHENING; growth=6, damage=0, breakdown=0; health_state=HEALTH_STRENGTHENING",True,HOLD
2026-06-06 22:43 UTC,CASE_01299,1299,ZONE_CASE_01299_EP_1299,FATIGUE_ZONE,6,HEALTH_STRENGTHENING,STRENGTHENING,80.298403,HIGH,POSITIVE,3.432801,21.386139,76.386139,15303.257421,3698.107879,2550.542903,119.95335,31.85598,0,6,0,0,10.272751,58.332855,1544.222337,22.92,94.3216,30.715096,0.325642,75.298403,HOLD,HIGH,"trajectory=STRENGTHENING; growth=6, damage=0, breakdown=0; health_state=HEALTH_STRENGTHENING",True,HOLD
2026-06-06 22:43 UTC,CASE_01305,1305,ZONE_CASE_01305_EP_1305,FATIGUE_ZONE,5,HEALTH_STRENGTHENING,STRENGTHENING,83.461819,HIGH,POSITIVE,4.487273,19.247525,74.247525,14818.612846,4086.846651,2963.722569,91.371732,24.345809,0,5,0,0,12.169854,356.591705,48995.272357,118.96,70.6988,28.586306,0.404339,78.461819,HOLD,HIGH,"trajectory=STRENGTHENING; growth=5, damage=0, breakdown=0; health_state=HEALTH_STRENGTHENING",True,HOLD
2026-06-06 22:43 UTC,CASE_01306,1306,ZONE_CASE_01306_EP_1306,EXHAUSTED_ZONE,5,HEALTH_COLLAPSING,TERMINAL,-96.501458,HIGH,NEGATIVE,-0.500486,-1.655637,19.144363,19202.233959,5153.487497,3840.446792,83.099934,24.345809,3,0,2,0,16.415218,293.0959,68114.769075,201.21,21.023788,61.164905,2.909319,-100.0,FAIL,HIGH,trajectory=TERMINAL; breakdown_count=2,True,FAIL
2026-06-06 22:43 UTC,CASE_01307,1307,ZONE_CASE_01307_EP_1307,FATIGUE_ZONE,4,HEALTH_STRENGTHENING,STRENGTHENING,87.285976,HIGH,POSITIVE,5.761992,18.119263,73.119263,8323.626103,2650.560878,2080.906526,80.856305,29.552389,0,4,0,0,12.394209,278.575379,34546.787402,107.37,77.5237,27.739186,0.357816,82.285976,HOLD,HIGH,"trajectory=STRENGTHENING; growth=4, damage=0, breakdown=0; health_state=HEALTH_STRENGTHENING",True,HOLD
2026-06-06 22:43 UTC,CASE_01308,1308,ZONE_CASE_01308_EP_1308,FATIGUE_ZONE,3,HEALTH_STRENGTHENING,STRENGTHENING,82.294159,HIGH,POSITIVE,4.098053,14.367535,69.367535,6937.551515,2641.335193,2312.517172,67.424628,29.563015,0,3,0,0,12.541121,575.7015,90783.607293,136.53,53.979256,27.357579,0.506817,77.294159,HOLD,HIGH,"trajectory=STRENGTHENING; growth=3, damage=0, breakdown=0; health_state=HEALTH_STRENGTHENING",True,HOLD
2026-06-06 22:43 UTC,CASE_01316,1316,ZONE_CASE_01316_EP_1316,FATIGUE_ZONE,6,HEALTH_STRENGTHENING,STRENGTHENING,80.021044,HIGH,POSITIVE,3.340348,22.117647,77.117647,14151.381021,2861.333345,2358.563504,117.288085,31.111346,0,6,0,0,15.140235,464.26258,67161.965807,125.25,69.3358,30.444604,0.439089,80.021044,HOLD,HIGH,"trajectory=STRENGTHENING; growth=6, damage=0, breakdown=0; health_state=HEALTH_STRENGTHENING",True,HOLD
2026-06-06 22:43 UTC,CASE_01317,1317,ZONE_CASE_01317_EP_1317,FATIGUE_ZONE,7,HEALTH_STRENGTHENING,STRENGTHENING,78.659146,HIGH,POSITIVE,2.886382,20.235294,75.235294,14269.59703,2814.067286,2038.513861,123.479952,31.111346,0,7,0,0,15.274339,358.059578,50135.73485,121.23,76.5581,31.622483,0.413052,78.659146,HOLD,HIGH,"trajectory=STRENGTHENING; growth=7, damage=0, breakdown=0; health_state=HEALTH_STRENGTHENING",True,HOLD
2026-06-06 22:43 UTC,CASE_01320,1320,ZONE_CASE_01320_EP_1320,EXHAUSTED_ZONE,7,HEALTH_COLLAPSING,TERMINAL,-96.540461,HIGH,NEGATIVE,-0.513487,-3.819629,16.980371,16514.73842,3748.130956,2359.248346,114.689519,26.275734,2,0,4,1,16.800648,16.3704,271.51618,14.36,31.07657,64.8588,2.087064,-100.0,FAIL,HIGH,trajectory=TERMINAL; breakdown_count=4,True,FAIL
2026-06-06 22:43 UTC,CASE_01322,1322,ZONE_CASE_01322_EP_1322,RIGID_ZONE,1,UNKNOWN,STABLE,15.0,LOW,NEUTRAL,,0.0,78.02,583.987728,583.987728,583.987728,0.976978,0.976978,0,0,0,1,33.746389,,0.0,0.0,70.710745,9.665762,0.136694,0.0,NO_PREDICTION,LOW,confidence=LOW; visit_count=1 — insufficient structural evidence,True,NO_PREDICTION
2026-06-06 22:43 UTC,CASE_01346,1346,ZONE_CASE_01346_EP_1346,EXHAUSTED_ZONE,3,HEALTH_COLLAPSING,TERMINAL,-98.168282,HIGH,NEGATIVE,-1.056094,-2.666397,18.133603,12372.665258,4658.806326,4124.221753,60.32819,23.116128,2,0,1,0,15.267709,69.140683,3445.850645,43.15,28.38147,35.480486,1.250129,-100.0,FAIL,HIGH,trajectory=TERMINAL; breakdown_count=1,True,FAIL
2026-06-06 22:43 UTC,CASE_01371,1371,ZONE_CASE_01371_EP_1371,EXHAUSTED_ZONE,1,UNKNOWN,DEGRADING,-45.0,LOW,NEGATIVE,,-0.596894,20.203106,4235.138026,4235.138026,4235.138026,19.460923,19.460923,1,0,0,0,16.832405,30.123867,654.109648,18.8,31.030401,57.559064,1.854925,0.0,NO_PREDICTION,LOW,confidence=LOW; visit_count=1 — insufficient structural evidence,True,NO_PREDICTION
2026-06-06 22:43 UTC,CASE_01388,1388,ZONE_CASE_01388_EP_1388,EXHAUSTED_ZONE,3,HEALTH_COLLAPSING,TERMINAL,-100.0,HIGH,NEGATIVE,-1.684901,-3.988625,16.811375,12661.476501,5864.904596,4220.492167,47.614224,20.562122,1,0,1,1,19.196308,193.161283,26894.859529,120.55,38.599059,31.724536,0.821899,-100.0,FAIL,HIGH,trajectory=TERMINAL; breakdown_count=1,True,FAIL
2026-06-06 22:43 UTC,CASE_01390,1390,ZONE_CASE_01390_EP_1390,EXHAUSTED_ZONE,3,HEALTH_WEAKENING,DEGRADING,-50.170323,HIGH,NEGATIVE,-1.723441,-3.582468,17.717532,14757.369538,5917.259456,4919.123179,54.58581,20.562122,3,0,0,0,19.36767,346.55544,110619.040915,276.36,34.695489,33.602023,0.968484,-65.170323,FAIL,HIGH,trajectory=DEGRADING; breakdown_count=0,True,FAIL
2026-06-06 22:43 UTC,CASE_01401,1401,ZONE_CASE_01401_EP_1401,EXHAUSTED_ZONE,4,HEALTH_COLLAPSING,TERMINAL,-99.68474,HIGH,NEGATIVE,-1.56158,-4.668439,16.131561,11634.929716,4744.249732,2908.732429,49.673091,19.214135,1,0,2,1,16.211763,307.589733,75017.998463,211.16,20.039321,46.00751,2.295862,-100.0,FAIL,HIGH,trajectory=TERMINAL; breakdown_count=2,True,FAIL
2026-06-06 22:43 UTC,CASE_01402,1402,ZONE_CASE_01402_EP_1402,EXHAUSTED_ZONE,5,HEALTH_COLLAPSING,TERMINAL,-99.416492,HIGH,NEGATIVE,-1.472164,-7.398804,13.901196,14367.45693,4773.957849,2873.491386,68.62682,20.259787,1,0,4,0,16.31328,315.35668,65711.990928,180.41,23.405644,45.754448,1.954847,-100.0,FAIL,HIGH,trajectory=TERMINAL; breakdown_count=4,True,FAIL
2026-06-06 22:43 UTC,CASE_01409,1409,ZONE_CASE_01409_EP_1409,RECOVERED_ZONE,4,HEALTH_STRENGTHENING,STRENGTHENING,87.910177,HIGH,POSITIVE,5.970059,20.235294,105.235294,38458.882917,13635.717933,9614.720729,71.210123,25.766166,0,4,0,0,38.545769,189.637732,42303.978482,297.14,94.370635,27.587718,0.292334,94.910177,HOLD,HIGH,"trajectory=STRENGTHENING; growth=4, damage=0, breakdown=0; health_state=HEALTH_STRENGTHENING",True,HOLD
2026-06-06 22:43 UTC,CASE_01411,1411,ZONE_CASE_01411_EP_1411,EXHAUSTED_ZONE,3,HEALTH_COLLAPSING,TERMINAL,-97.616291,HIGH,NEGATIVE,-0.872097,-2.674935,18.125065,28570.110618,12883.216076,9523.370206,60.212702,24.444924,2,0,1,0,30.637294,86.498358,7675.747516,76.83,29.281458,54.206042,1.851207,-100.0,FAIL,HIGH,trajectory=TERMINAL; breakdown_count=1,True,FAIL
2026-06-06 22:43 UTC,CASE_01415,1415,ZONE_CASE_01415_EP_1415,FATIGUE_ZONE,5,HEALTH_STRENGTHENING,STRENGTHENING,80.169217,HIGH,POSITIVE,3.389739,21.861386,76.861386,11426.527063,3637.411,2285.305413,72.833674,18.403906,0,5,0,0,14.246137,156.860584,7246.958981,40.0,88.955413,29.019931,0.32623,75.169217,HOLD,HIGH,"trajectory=STRENGTHENING; growth=5, damage=0, breakdown=0; health_state=HEALTH_STRENGTHENING",True,HOLD
2026-06-06 22:43 UTC,CASE_01416,1416,ZONE_CASE_01416_EP_1416,EXHAUSTED_ZONE,5,HEALTH_COLLAPSING,TERMINAL,-96.035825,HIGH,NEGATIVE,-0.345275,-4.431265,16.368735,19887.682365,6287.899991,3977.536473,66.909459,17.952031,2,0,2,1,25.050832,87.9624,7839.191496,77.16,42.479801,38.334757,0.902423,-100.0,FAIL,HIGH,trajectory=TERMINAL; breakdown_count=2,True,FAIL
2026-06-06 22:43 UTC,CASE_01431,1431,ZONE_CASE_01431_EP_1431,EXHAUSTED_ZONE,2,HEALTH_COLLAPSING,TERMINAL,-80.040831,MEDIUM,NEGATIVE,3.319723,-1.748493,19.051507,9790.002155,5015.971442,4895.001078,51.427748,27.398731,0,0,2,0,16.130368,9.374304,73.625784,6.8,29.815957,33.32112,1.11756,-100.0,FAIL,MEDIUM,trajectory=TERMINAL; breakdown_count=2,True,FAIL
2026-06-06 22:43 UTC,CASE_01438,1438,ZONE_CASE_01438_EP_1438,FATIGUE_ZONE,2,HEALTH_STRENGTHENING,STRENGTHENING,85.361731,MEDIUM,POSITIVE,5.120577,8.649989,63.649989,6262.975363,3728.411829,3131.487681,45.083513,27.75257,0,2,0,0,8.963933,73.694929,1926.212261,22.63,91.7787,23.043083,0.251072,87.361731,HOLD,MEDIUM,"trajectory=STRENGTHENING; growth=2, damage=0, breakdown=0; health_state=HEALTH_STRENGTHENING",True,HOLD
2026-06-06 22:43 UTC,CASE_01449,1449,ZONE_CASE_01449_EP_1449,FATIGUE_ZONE,1,UNKNOWN,UNKNOWN,5.0,LOW,NEUTRAL,,4.061538,59.061538,1376.963481,1376.963481,1376.963481,12.26849,12.26849,0,1,0,0,9.568839,21.238566,154.051815,6.28,97.7804,20.903755,0.213783,0.0,NO_PREDICTION,LOW,confidence=LOW; visit_count=1 — insufficient structural evidence,True,NO_PREDICTION
2026-06-06 22:43 UTC,CASE_01453,1453,ZONE_CASE_01453_EP_1453,EXHAUSTED_ZONE,1,HEALTH_COLLAPSING,TERMINAL,-90.0,LOW,NEGATIVE,,-5.701645,15.098355,8050.656557,8050.656557,8050.656557,20.302893,20.302893,0,0,1,0,18.52847,230.624803,54973.780604,206.38,34.484583,24.300847,0.704687,0.0,NO_PREDICTION,LOW,confidence=LOW; visit_count=1 — insufficient structural evidence,True,NO_PREDICTION
2026-06-06 22:43 UTC,CASE_01455,1455,ZONE_CASE_01455_EP_1455,FATIGUE_ZONE,3,HEALTH_STRENGTHENING,STRENGTHENING,87.821782,HIGH,POSITIVE,5.940594,20.910891,75.910891,13326.476762,5902.993154,4442.158921,57.373678,22.584495,0,3,0,0,13.797572,466.990468,66747.531329,123.75,66.1542,25.08352,0.379167,82.821782,HOLD,HIGH,"trajectory=STRENGTHENING; growth=3, damage=0, breakdown=0; health_state=HEALTH_STRENGTHENING",True,HOLD
2026-06-06 22:43 UTC,CASE_01457,1457,ZONE_CASE_01457_EP_1457,FATIGUE_ZONE,2,HEALTH_STRENGTHENING,STRENGTHENING,82.473568,MEDIUM,POSITIVE,4.157856,17.769231,72.769231,6763.357974,3445.277352,3381.678987,47.309985,25.590488,0,2,0,0,10.955893,90.405913,3152.404463,30.19,91.7482,22.995272,0.250635,84.473568,HOLD,MEDIUM,"trajectory=STRENGTHENING; growth=2, damage=0, breakdown=0; health_state=HEALTH_STRENGTHENING",True,HOLD
2026-06-06 22:43 UTC,CASE_01458,1458,ZONE_CASE_01458_EP_1458,EXHAUSTED_ZONE,2,HEALTH_STABLE,STABLE,10.0,MEDIUM,NEUTRAL,-0.154299,-4.179266,16.620734,12701.712754,6680.907233,6350.856377,46.494503,25.827092,2,0,0,0,19.706646,64.189473,2970.001983,40.06,46.501507,27.959546,0.601261,-5.0,UNCERTAIN,MEDIUM,trajectory=STABLE; mixed structural signals,True,UNCERTAIN
2026-06-06 22:43 UTC,CASE_01465,1465,ZONE_CASE_01465_EP_1465,FATIGUE_ZONE,1,UNKNOWN,UNKNOWN,5.0,LOW,NEUTRAL,,2.588235,57.588235,1238.19937,1238.19937,1238.19937,12.222846,12.222846,0,1,0,0,9.637315,690.900833,130750.737218,163.85,28.3098,20.637734,0.728996,0.0,NO_PREDICTION,LOW,confidence=LOW; visit_count=1 — insufficient structural evidence,True,NO_PREDICTION
2026-06-06 22:43 UTC,CASE_01466,1466,ZONE_CASE_01466_EP_1466,FATIGUE_ZONE,2,UNKNOWN,UNKNOWN,5.0,MEDIUM,NEUTRAL,-0.284505,17.715495,72.715495,4749.649979,2442.47002,2374.824989,44.990064,23.492314,0,2,0,0,9.81103,585.230086,112091.254461,165.83,39.268692,24.569444,0.625675,0.0,NO_PREDICTION,LOW,trajectory=UNKNOWN; no structural classification available,True,NO_PREDICTION
2026-06-06 22:43 UTC,CASE_01467,1467,ZONE_CASE_01467_EP_1467,EXHAUSTED_ZONE,2,HEALTH_WEAKENING,DEGRADING,-49.96584,MEDIUM,NEGATIVE,-1.65528,-5.433925,15.366075,10046.363101,5734.985361,5023.18155,38.995917,22.208332,2,0,0,0,18.881852,27.8806,616.34806,19.14,41.852405,29.246868,0.69881,-64.96584,FAIL,MEDIUM,trajectory=DEGRADING; breakdown_count=0,True,FAIL
2026-06-06 22:43 UTC,CASE_01468,1468,ZONE_CASE_01468_EP_1468,EXHAUSTED_ZONE,2,HEALTH_COLLAPSING,TERMINAL,-94.827605,MEDIUM,NEGATIVE,0.057465,-2.955355,17.844645,10559.265126,5328.69928,5279.632563,48.857502,25.740838,1,0,1,0,19.029575,56.690553,2316.597089,35.38,45.879243,30.066177,0.655333,-100.0,FAIL,MEDIUM,trajectory=TERMINAL; breakdown_count=1,True,FAIL
2026-06-06 22:43 UTC,CASE_01470,1470,ZONE_CASE_01470_EP_1470,EXHAUSTED_ZONE,2,HEALTH_COLLAPSING,TERMINAL,-100.0,MEDIUM,NEGATIVE,-6.779689,-8.019991,12.780009,8992.260048,5609.388198,4496.130024,40.733963,26.35784,1,0,1,0,18.65122,97.422631,7540.175531,67.01,44.353572,28.958615,0.652904,-100.0,FAIL,MEDIUM,trajectory=TERMINAL; breakdown_count=1,True,FAIL
2026-06-06 22:43 UTC,CASE_01477,1477,ZONE_CASE_01477_EP_1477,ELASTIC_ZONE,3,HEALTH_STRENGTHENING,STRENGTHENING,93.06796,HIGH,POSITIVE,7.68932,18.174757,73.174757,10442.120001,3793.534591,3480.706667,76.033712,30.666297,0,3,0,0,13.014693,373.989,48953.720242,113.33,71.2641,25.96141,0.364299,88.06796,HOLD,HIGH,"trajectory=STRENGTHENING; growth=3, damage=0, breakdown=0; health_state=HEALTH_STRENGTHENING",True,HOLD
2026-06-06 22:43 UTC,CASE_01488,1488,ZONE_CASE_01488_EP_1488,EXHAUSTED_ZONE,2,HEALTH_WEAKENING,DEGRADING,-50.285412,MEDIUM,NEGATIVE,-1.761804,-6.890322,14.409678,7692.191746,4027.641867,3846.095873,39.81062,20.625977,2,0,0,0,18.359009,230.750567,42218.942903,158.41,38.695799,27.704101,0.715946,-65.285412,FAIL,MEDIUM,trajectory=DEGRADING; breakdown_count=0,True,FAIL
2026-06-06 22:43 UTC,CASE_01503,1503,ZONE_CASE_01503_EP_1503,EXHAUSTED_ZONE,5,HEALTH_COLLAPSING,TERMINAL,-97.399094,HIGH,NEGATIVE,-0.799698,-3.420164,17.379836,14853.787998,4714.013002,2970.7576,73.656716,26.303575,3,0,1,1,16.814691,73.407965,4387.685828,51.75,28.264985,46.88396,1.658729,-100.0,FAIL,HIGH,trajectory=TERMINAL; breakdown_count=1,True,FAIL
2026-06-06 22:43 UTC,CASE_01508,1508,ZONE_CASE_01508_EP_1508,FATIGUE_ZONE,1,UNKNOWN,UNKNOWN,5.0,LOW,NEUTRAL,,11.77312,66.77312,3444.410512,3444.410512,3444.410512,21.970396,21.970396,0,1,0,0,11.985697,118.638169,4219.063953,30.79,90.1017,19.997278,0.221941,0.0,NO_PREDICTION,LOW,confidence=LOW; visit_count=1 — insufficient structural evidence,True,NO_PREDICTION
2026-06-06 22:43 UTC,CASE_01510,1510,ZONE_CASE_01510_EP_1510,FATIGUE_ZONE,4,HEALTH_STRENGTHENING,STRENGTHENING,78.06769,HIGH,POSITIVE,2.68923,18.657328,73.657328,17657.935956,4578.911453,4414.483989,80.801009,20.934694,0,4,0,0,13.742843,68.595453,1537.810593,19.41,95.0086,26.08827,0.274589,80.06769,HOLD,HIGH,"trajectory=STRENGTHENING; growth=4, damage=0, breakdown=0; health_state=HEALTH_STRENGTHENING",True,HOLD
2026-06-06 22:43 UTC,CASE_01517,1517,ZONE_CASE_01517_EP_1517,EXHAUSTED_ZONE,6,HEALTH_COLLAPSING,TERMINAL,-98.635832,HIGH,NEGATIVE,-1.211944,-6.669222,14.130778,16886.181811,4131.768513,2814.363635,99.919993,27.352969,2,0,3,1,16.533121,117.363633,10921.666037,80.57,26.404054,55.868567,2.115909,-100.0,FAIL,HIGH,trajectory=TERMINAL; breakdown_count=3,True,FAIL
2026-06-06 22:43 UTC,CASE_01519,1519,ZONE_CASE_01519_EP_1519,FATIGUE_ZONE,3,HEALTH_STRENGTHENING,STRENGTHENING,84.257425,HIGH,POSITIVE,4.752475,20.435644,75.435644,5599.910361,2708.212003,1866.636787,63.594517,32.339236,0,3,0,0,10.559722,394.375414,65683.619577,144.2,62.6529,27.036861,0.431534,79.257425,HOLD,HIGH,"trajectory=STRENGTHENING; growth=3, damage=0, breakdown=0; health_state=HEALTH_STRENGTHENING",True,HOLD
2026-06-06 22:43 UTC,CASE_01520,1520,ZONE_CASE_01520_EP_1520,EXHAUSTED_ZONE,5,HEALTH_COLLAPSING,TERMINAL,-99.194351,HIGH,NEGATIVE,-1.398117,-4.911618,16.388382,22670.787831,4965.14723,4534.157566,117.386953,28.659777,3,0,1,1,20.443747,39.883533,1261.272859,27.38,49.770184,39.772781,0.799129,-100.0,FAIL,HIGH,trajectory=TERMINAL; breakdown_count=1,True,FAIL
2026-06-06 22:43 UTC,CASE_01523,1523,ZONE_CASE_01523_EP_1523,FATIGUE_ZONE,2,HEALTH_STRENGTHENING,STRENGTHENING,95.0,MEDIUM,POSITIVE,12.195191,18.588235,73.588235,6498.011224,3250.229713,3249.005612,50.393912,25.535653,0,2,0,0,12.710094,71.624017,2132.669568,25.78,94.3648,28.031921,0.297059,97.0,HOLD,MEDIUM,"trajectory=STRENGTHENING; growth=2, damage=0, breakdown=0; health_state=HEALTH_STRENGTHENING",True,HOLD
2026-06-06 22:43 UTC,CASE_01530,1530,ZONE_CASE_01530_EP_1530,RECOVERED_ZONE,5,HEALTH_STRENGTHENING,STRENGTHENING,80.367523,HIGH,POSITIVE,3.455841,18.407767,103.407767,22997.759924,5117.288876,4599.551985,99.365691,22.211276,0,5,0,0,24.894659,70.70382,6318.218678,119.03,97.1599,29.392064,0.302512,80.367523,HOLD,HIGH,"trajectory=STRENGTHENING; growth=5, damage=0, breakdown=0; health_state=HEALTH_STRENGTHENING",True,HOLD
2026-06-06 22:43 UTC,CASE_01533,1533,ZONE_CASE_01533_EP_1533,EXHAUSTED_ZONE,3,HEALTH_COLLAPSING,TERMINAL,-94.376948,HIGH,NEGATIVE,0.207684,-2.423829,18.376171,12094.699501,4286.262883,4031.5665,54.282687,18.518905,2,0,1,0,18.796153,9.89368,64.677954,5.66,48.83159,31.046939,0.635796,-100.0,FAIL,HIGH,trajectory=TERMINAL; breakdown_count=1,True,FAIL
2026-06-06 22:43 UTC,CASE_01541,1541,ZONE_CASE_01541_EP_1541,RECOVERED_ZONE,5,HEALTH_STRENGTHENING,STRENGTHENING,83.905882,HIGH,POSITIVE,4.635294,19.294118,111.294118,45195.954192,13311.714557,9039.190838,75.106382,25.068066,0,5,0,0,25.805933,13.947198,229.625936,21.93,99.4595,28.515133,0.286701,90.905882,HOLD,HIGH,"trajectory=STRENGTHENING; growth=5, damage=0, breakdown=0; health_state=HEALTH_STRENGTHENING",True,HOLD
2026-06-06 22:43 UTC,CASE_01544,1544,ZONE_CASE_01544_EP_1544,RECOVERED_ZONE,4,HEALTH_STRENGTHENING,STRENGTHENING,76.960378,HIGH,POSITIVE,2.320126,18.994517,103.994517,31463.777425,9608.013877,7865.944356,76.007013,23.852356,0,4,0,0,29.208403,164.7789,29542.649969,238.81,93.718164,26.106333,0.278562,83.960378,HOLD,HIGH,"trajectory=STRENGTHENING; growth=4, damage=0, breakdown=0; health_state=HEALTH_STRENGTHENING",True,HOLD
2026-06-06 22:43 UTC,CASE_01545,1545,ZONE_CASE_01545_EP_1545,FATIGUE_ZONE,7,HEALTH_STRENGTHENING,STRENGTHENING,78.412651,HIGH,POSITIVE,2.804217,20.435644,75.435644,17521.071688,3133.242948,2503.010241,133.310498,24.141748,0,7,0,0,10.926431,710.508333,152105.091047,185.35,34.9734,29.26988,0.836918,73.412651,HOLD,HIGH,"trajectory=STRENGTHENING; growth=7, damage=0, breakdown=0; health_state=HEALTH_STRENGTHENING",True,HOLD
2026-06-06 22:43 UTC,CASE_01546,1546,ZONE_CASE_01546_EP_1546,EXHAUSTED_ZONE,8,HEALTH_STABLE,STABLE,10.0,HIGH,NEUTRAL,-0.447664,-2.540352,18.259648,34621.420817,6193.035695,4327.677602,128.056868,24.158355,5,0,0,3,21.769437,51.464859,2445.440266,41.14,53.015937,34.733537,0.655153,-5.0,UNCERTAIN,MEDIUM,trajectory=STABLE; mixed structural signals,True,UNCERTAIN
2026-06-06 22:43 UTC,CASE_01551,1551,ZONE_CASE_01551_EP_1551,RECOVERED_ZONE,6,HEALTH_STRENGTHENING,STRENGTHENING,79.510648,HIGH,POSITIVE,3.170216,18.603789,103.603789,33549.794545,8662.094029,5591.632424,98.173293,29.877233,0,6,0,0,20.89588,172.2861,32295.850819,249.69,91.755,29.862824,0.325463,79.510648,HOLD,HIGH,"trajectory=STRENGTHENING; growth=6, damage=0, breakdown=0; health_state=HEALTH_STRENGTHENING",True,HOLD
2026-06-06 22:43 UTC,CASE_01552,1552,ZONE_CASE_01552_EP_1552,EXHAUSTED_ZONE,7,HEALTH_COLLAPSING,TERMINAL,-96.895439,HIGH,NEGATIVE,-0.631813,-1.811687,18.988313,24321.803818,5926.019022,3474.543403,112.749972,32.216647,3,0,4,0,16.652648,93.96222,8131.880462,74.93,27.765525,60.510385,2.179335,-100.0,FAIL,HIGH,trajectory=TERMINAL; breakdown_count=4,True,FAIL
2026-06-06 22:43 UTC,CASE_01554,1554,ZONE_CASE_01554_EP_1554,FATIGUE_ZONE,5,HEALTH_STRENGTHENING,STRENGTHENING,78.078736,HIGH,POSITIVE,2.692912,13.577755,68.577755,19688.810628,5417.222593,3937.762126,106.481012,29.942208,0,5,0,0,11.837402,736.704601,154598.897094,181.69,37.7647,29.927629,0.792476,73.078736,HOLD,HIGH,"trajectory=STRENGTHENING; growth=5, damage=0, breakdown=0; health_state=HEALTH_STRENGTHENING",True,HOLD
2026-06-06 22:43 UTC,CASE_01555,1555,ZONE_CASE_01555_EP_1555,FATIGUE_ZONE,3,HEALTH_STRENGTHENING,STRENGTHENING,80.031181,HIGH,POSITIVE,3.343727,12.628049,67.628049,13805.778388,5528.340318,4601.926129,77.756066,29.942208,0,3,0,0,12.08021,511.750194,78606.595337,132.99,57.242773,27.384315,0.478389,75.031181,HOLD,HIGH,"trajectory=STRENGTHENING; growth=3, damage=0, breakdown=0; health_state=HEALTH_STRENGTHENING",True,HOLD
2026-06-06 22:43 UTC,CASE_01558,1558,ZONE_CASE_01558_EP_1558,EXHAUSTED_ZONE,5,HEALTH_WEAKENING,DEGRADING,-48.813969,HIGH,NEGATIVE,-1.271323,-3.849667,16.950333,20718.748739,4935.804139,4143.749748,88.913459,26.628544,3,0,0,2,19.471941,70.546367,3946.12744,48.43,46.092628,35.247487,0.76471,-63.813969,FAIL,HIGH,trajectory=DEGRADING; breakdown_count=0,True,FAIL
2026-06-06 22:43 UTC,CASE_01562,1562,ZONE_CASE_01562_EP_1562,ELASTIC_ZONE,5,HEALTH_STRENGTHENING,STRENGTHENING,83.703334,HIGH,POSITIVE,4.567778,17.580165,72.580165,8778.859881,2340.24449,1755.771976,83.121137,21.971907,0,5,0,0,11.035238,444.398333,59504.55905,115.93,56.640985,29.267959,0.516728,78.703334,HOLD,HIGH,"trajectory=STRENGTHENING; growth=5, damage=0, breakdown=0; health_state=HEALTH_STRENGTHENING",True,HOLD
2026-06-06 22:43 UTC,CASE_01574,1574,ZONE_CASE_01574_EP_1574,FATIGUE_ZONE,6,HEALTH_STRENGTHENING,STRENGTHENING,78.789862,HIGH,POSITIVE,2.929954,13.692873,68.692873,13130.581967,4415.145437,2188.430328,76.442361,22.657038,0,6,0,0,12.752394,272.802443,30787.133345,97.71,78.6077,32.007052,0.407175,73.789862,HOLD,HIGH,"trajectory=STRENGTHENING; growth=6, damage=0, breakdown=0; health_state=HEALTH_STRENGTHENING",True,HOLD
2026-06-06 22:43 UTC,CASE_01580,1580,ZONE_CASE_01580_EP_1580,EXHAUSTED_ZONE,2,HEALTH_COLLAPSING,TERMINAL,-100.0,MEDIUM,NEGATIVE,-2.853688,-4.684925,16.115075,9227.713514,5752.093776,4613.856757,30.806172,18.165697,1,0,1,0,19.470585,29.657253,726.87258,21.22,47.519842,32.687077,0.687862,-100.0,FAIL,MEDIUM,trajectory=TERMINAL; breakdown_count=1,True,FAIL
2026-06-06 22:43 UTC,CASE_01581,1581,ZONE_CASE_01581_EP_1581,FATIGUE_ZONE,5,HEALTH_STRENGTHENING,STRENGTHENING,83.56339,HIGH,POSITIVE,4.52113,19.657143,74.657143,9356.732155,2652.30465,1871.346431,86.727304,23.575925,0,5,0,0,11.122386,232.304399,19417.709106,72.37,79.1138,27.731369,0.350525,78.56339,HOLD,HIGH,"trajectory=STRENGTHENING; growth=5, damage=0, breakdown=0; health_state=HEALTH_STRENGTHENING",True,HOLD
2026-06-06 22:43 UTC,CASE_01582,1582,ZONE_CASE_01582_EP_1582,RECOVERED_ZONE,4,HEALTH_STRENGTHENING,STRENGTHENING,85.047553,HIGH,POSITIVE,5.015851,20.150943,105.150943,18883.626688,6718.47581,4720.906672,75.32088,23.096334,0,4,0,0,29.48376,75.56274,7216.461369,127.21,92.781458,29.897007,0.32223,85.047553,HOLD,HIGH,"trajectory=STRENGTHENING; growth=4, damage=0, breakdown=0; health_state=HEALTH_STRENGTHENING",True,HOLD
2026-06-06 22:43 UTC,CASE_01585,1585,ZONE_CASE_01585_EP_1585,FATIGUE_ZONE,4,HEALTH_STRENGTHENING,STRENGTHENING,85.820203,HIGH,POSITIVE,5.273401,16.158416,71.158416,6792.823397,2385.654255,1698.205849,68.260768,19.522221,0,4,0,0,11.674949,799.049921,192849.739573,208.96,30.725743,28.564668,0.929666,80.820203,HOLD,HIGH,"trajectory=STRENGTHENING; growth=4, damage=0, breakdown=0; health_state=HEALTH_STRENGTHENING",True,HOLD
2026-06-06 22:43 UTC,CASE_01589,1589,ZONE_CASE_01589_EP_1589,RECOVERED_ZONE,4,HEALTH_STRENGTHENING,STRENGTHENING,80.646907,HIGH,POSITIVE,3.548969,17.845381,102.845381,20469.776657,6766.739246,5117.444164,64.851604,21.615431,0,4,0,0,22.970401,154.62984,31053.634262,267.5,91.930142,29.114951,0.316707,80.646907,HOLD,HIGH,"trajectory=STRENGTHENING; growth=4, damage=0, breakdown=0; health_state=HEALTH_STRENGTHENING",True,HOLD
2026-06-06 22:43 UTC,CASE_01590,1590,ZONE_CASE_01590_EP_1590,RECOVERED_ZONE,5,HEALTH_STRENGTHENING,STRENGTHENING,80.538493,HIGH,POSITIVE,3.512831,21.359155,106.359155,30402.524444,8542.939799,6080.504889,98.769396,35.205918,0,5,0,0,24.675187,97.019303,11734.808015,161.11,96.0681,29.507753,0.307155,80.538493,HOLD,HIGH,"trajectory=STRENGTHENING; growth=5, damage=0, breakdown=0; health_state=HEALTH_STRENGTHENING",True,HOLD
2026-06-06 22:43 UTC,CASE_01593,1593,ZONE_CASE_01593_EP_1593,EXHAUSTED_ZONE,5,HEALTH_COLLAPSING,TERMINAL,-100.0,HIGH,NEGATIVE,-1.678518,-6.320851,14.479149,20971.41581,6089.705449,4194.283162,90.020239,30.504001,3,0,2,0,17.904964,23.256,547.957872,20.4,31.017354,61.931755,1.996681,-100.0,FAIL,HIGH,trajectory=TERMINAL; breakdown_count=2,True,FAIL
2026-06-06 22:43 UTC,CASE_01600,1600,ZONE_CASE_01600_EP_1600,EXHAUSTED_ZONE,4,HEALTH_COLLAPSING,TERMINAL,-95.06306,HIGH,NEGATIVE,-0.02102,-1.447761,19.352239,12035.957222,3564.89817,3008.989305,80.869576,24.891915,3,0,1,0,20.01737,0.9462,0.907075,0.83,49.282079,38.665776,0.784581,-100.0,FAIL,HIGH,trajectory=TERMINAL; breakdown_count=1,True,FAIL
2026-06-06 22:43 UTC,CASE_01611,1611,ZONE_CASE_01611_EP_1611,EXHAUSTED_ZONE,1,UNKNOWN,DEGRADING,-45.0,LOW,NEGATIVE,,-0.39535,20.40465,2723.635369,2723.635369,2723.635369,10.540477,10.540477,1,0,0,0,16.085504,55.823227,2321.774537,36.01,30.075303,28.503114,0.947725,0.0,NO_PREDICTION,LOW,confidence=LOW; visit_count=1 — insufficient structural evidence,True,NO_PREDICTION
2026-06-06 22:43 UTC,CASE_01612,1612,ZONE_CASE_01612_EP_1612,EXHAUSTED_ZONE,2,HEALTH_COLLAPSING,TERMINAL,-100.0,MEDIUM,NEGATIVE,-3.515889,-3.620315,17.179685,8155.862624,6794.339334,4077.931312,26.107038,20.051138,1,0,1,0,15.911104,163.97988,17767.310187,93.81,26.794934,32.700048,1.220382,-100.0,FAIL,MEDIUM,trajectory=TERMINAL; breakdown_count=1,True,FAIL
2026-06-06 22:43 UTC,CASE_01614,1614,ZONE_CASE_01614_EP_1614,EXHAUSTED_ZONE,5,HEALTH_COLLAPSING,TERMINAL,-95.028029,HIGH,NEGATIVE,-0.009343,-1.927367,18.872633,25353.72733,7578.74195,5070.745466,95.701049,22.868736,2,0,1,2,18.691932,21.138305,365.000397,14.95,48.569307,36.804782,0.757779,-100.0,FAIL,HIGH,trajectory=TERMINAL; breakdown_count=1,True,FAIL
2026-06-06 22:43 UTC,CASE_01618,1618,ZONE_CASE_01618_EP_1618,RIGID_ZONE,6,HEALTH_STABLE,STABLE,10.0,HIGH,NEUTRAL,-0.116639,-0.484941,76.435059,54298.462028,11301.20521,9049.743671,111.386707,28.217545,3,0,0,3,14.596915,,0.0,0.0,68.05634,29.517681,0.433724,5.0,HOLD,HIGH,"trajectory=STABLE; growth=0, damage=3, breakdown=0; health_state=HEALTH_STABLE",True,HOLD
2026-06-06 22:43 UTC,CASE_01619,1619,ZONE_CASE_01619_EP_1619,EXHAUSTED_ZONE,5,HEALTH_COLLAPSING,TERMINAL,-97.106195,HIGH,NEGATIVE,-0.702065,-2.807005,17.992995,37944.982817,13013.647094,7588.996563,92.016653,29.964366,4,0,1,0,19.102387,103.3505,7699.353874,64.5,41.630857,34.419895,0.826788,-100.0,FAIL,HIGH,trajectory=TERMINAL; breakdown_count=1,True,FAIL
2026-06-06 22:43 UTC,CASE_01641,1641,ZONE_CASE_01641_EP_1641,EXHAUSTED_ZONE,5,HEALTH_COLLAPSING,TERMINAL,-98.628071,HIGH,NEGATIVE,-1.209357,-6.651109,14.148891,21667.091131,6004.324607,4333.418226,72.50615,19.641426,3,0,1,1,18.233466,180.0972,32861.777783,157.98,40.391047,34.394894,0.851547,-100.0,FAIL,HIGH,trajectory=TERMINAL; breakdown_count=1,True,FAIL
2026-06-06 22:43 UTC,CASE_01643,1643,ZONE_CASE_01643_EP_1643,EXHAUSTED_ZONE,5,HEALTH_WEAKENING,DEGRADING,-48.208698,HIGH,NEGATIVE,-1.069566,-5.588426,15.211574,23513.190812,5631.756449,4702.638162,98.971138,25.706733,5,0,0,0,21.592287,104.74776,9263.719061,76.57,50.295784,33.093984,0.657987,-63.208698,FAIL,HIGH,trajectory=DEGRADING; breakdown_count=0,True,FAIL
2026-06-06 22:43 UTC,CASE_01646,1646,ZONE_CASE_01646_EP_1646,EXHAUSTED_ZONE,5,HEALTH_COLLAPSING,TERMINAL,-99.341609,HIGH,NEGATIVE,-1.447203,-7.119255,14.180745,16383.513405,4185.965069,3276.702681,78.079077,19.578444,2,0,3,0,15.060496,406.81641,119296.044177,253.89,18.758602,45.142047,2.406472,-100.0,FAIL,HIGH,trajectory=TERMINAL; breakdown_count=3,True,FAIL
2026-06-06 22:43 UTC,CASE_01661,1661,ZONE_CASE_01661_EP_1661,RECOVERED_ZONE,5,HEALTH_STRENGTHENING,STRENGTHENING,82.514836,HIGH,POSITIVE,4.171612,19.764706,104.764706,25475.822084,6018.773848,5095.164417,108.815035,28.272156,0,5,0,0,26.330203,39.67263,2300.235849,77.23,98.4933,28.051569,0.284807,89.514836,HOLD,HIGH,"trajectory=STRENGTHENING; growth=5, damage=0, breakdown=0; health_state=HEALTH_STRENGTHENING",True,HOLD
2026-06-06 22:43 UTC,CASE_01663,1663,ZONE_CASE_01663_EP_1663,EXHAUSTED_ZONE,5,HEALTH_COLLAPSING,TERMINAL,-97.591346,HIGH,NEGATIVE,-0.863782,-3.568622,17.731378,21067.352004,5469.433521,4213.470401,96.130468,26.5199,3,0,1,1,19.527006,44.264778,1631.936129,31.92,49.516653,38.795394,0.783482,-100.0,FAIL,HIGH,trajectory=TERMINAL; breakdown_count=1,True,FAIL
2026-06-06 22:43 UTC,CASE_01664,1664,ZONE_CASE_01664_EP_1664,FATIGUE_ZONE,5,HEALTH_STRENGTHENING,STRENGTHENING,83.756446,HIGH,POSITIVE,4.585482,21.461538,76.461538,16692.302946,4147.959276,3338.460589,108.747713,28.230987,0,5,0,0,14.479491,91.506218,3042.805939,28.79,93.6803,28.372582,0.302866,78.756446,HOLD,HIGH,"trajectory=STRENGTHENING; growth=5, damage=0, breakdown=0; health_state=HEALTH_STRENGTHENING",True,HOLD
2026-06-06 22:43 UTC,CASE_01665,1665,ZONE_CASE_01665_EP_1665,EXHAUSTED_ZONE,6,HEALTH_COLLAPSING,TERMINAL,-95.292242,HIGH,NEGATIVE,-0.097414,-1.106492,19.693508,19700.026235,4742.130567,3283.337706,107.888545,30.443336,3,0,2,1,20.237118,82.65,6920.904375,72.5,44.363214,40.056989,0.902933,-100.0,FAIL,HIGH,trajectory=TERMINAL; breakdown_count=2,True,FAIL
2026-06-06 22:43 UTC,CASE_01666,1666,ZONE_CASE_01666_EP_1666,EXHAUSTED_ZONE,6,HEALTH_COLLAPSING,TERMINAL,-96.922163,HIGH,NEGATIVE,-0.640721,-4.697794,16.602206,15954.043196,3832.551316,2659.007199,99.356774,28.474204,2,0,3,1,16.687362,192.8652,34260.381263,153.8,24.106011,51.619438,2.141351,-100.0,FAIL,HIGH,trajectory=TERMINAL; breakdown_count=3,True,FAIL
2026-06-06 22:43 UTC,CASE_01669,1669,ZONE_CASE_01669_EP_1669,EXHAUSTED_ZONE,5,HEALTH_WEAKENING,DEGRADING,-47.988183,HIGH,NEGATIVE,-0.996061,-4.016373,16.783627,12756.890098,3297.62778,2551.37802,98.579511,29.274049,3,0,0,2,19.912114,152.8626,21522.213336,121.9,37.60427,40.23262,1.069895,-74.988183,FAIL,HIGH,trajectory=DEGRADING; breakdown_count=0,True,FAIL
2026-06-06 22:43 UTC,CASE_01670,1670,ZONE_CASE_01670_EP_1670,EXHAUSTED_ZONE,5,HEALTH_COLLAPSING,TERMINAL,-100.0,HIGH,NEGATIVE,-2.017406,-9.3296,11.4704,13885.283561,3202.908792,2777.056712,115.663186,32.126059,4,0,1,0,21.370812,73.2792,5440.496957,64.28,42.714383,45.871923,1.073922,-100.0,FAIL,HIGH,trajectory=TERMINAL; breakdown_count=1,True,FAIL
2026-06-06 22:43 UTC,CASE_01672,1672,ZONE_CASE_01672_EP_1672,EXHAUSTED_ZONE,5,HEALTH_COLLAPSING,TERMINAL,-100.0,HIGH,NEGATIVE,-1.818121,-8.61148,12.18852,14063.756536,3376.753517,2812.751307,115.285541,32.126059,3,0,2,0,22.530758,115.9494,13621.161562,101.71,38.651953,46.159068,1.194223,-100.0,FAIL,HIGH,trajectory=TERMINAL; breakdown_count=2,True,FAIL
2026-06-06 22:43 UTC,CASE_01688,1688,ZONE_CASE_01688_EP_1688,EXHAUSTED_ZONE,3,HEALTH_COLLAPSING,TERMINAL,-88.299816,HIGH,NEGATIVE,0.566728,-2.749549,18.050451,9712.042592,3952.999582,3237.347531,44.948668,17.834752,0,0,3,0,15.382479,298.2012,81903.643391,237.8,18.742269,44.328922,2.365184,-100.0,FAIL,HIGH,trajectory=TERMINAL; breakdown_count=3,True,FAIL
2026-06-06 22:43 UTC,CASE_01690,1690,ZONE_CASE_01690_EP_1690,EXHAUSTED_ZONE,6,HEALTH_COLLAPSING,TERMINAL,-97.141229,HIGH,NEGATIVE,-0.713743,-1.743992,19.556008,18956.226515,4643.99305,3159.371086,96.691478,28.982595,2,0,3,1,15.874321,134.66706,16703.489387,107.39,22.963544,53.464161,2.328219,-100.0,FAIL,HIGH,trajectory=TERMINAL; breakdown_count=3,True,FAIL
2026-06-06 22:43 UTC,CASE_01695,1695,ZONE_CASE_01695_EP_1695,RECOVERED_ZONE,4,HEALTH_STRENGTHENING,STRENGTHENING,82.996255,HIGH,POSITIVE,4.332085,19.100479,104.100479,14963.525111,4859.473341,3740.881278,81.816584,29.973799,0,4,0,0,29.643698,70.245148,5715.586732,108.38,93.161525,28.075245,0.301361,82.996255,HOLD,HIGH,"trajectory=STRENGTHENING; growth=4, damage=0, breakdown=0; health_state=HEALTH_STRENGTHENING",True,HOLD
2026-06-06 22:43 UTC,CASE_01696,1696,ZONE_CASE_01696_EP_1696,FATIGUE_ZONE,5,HEALTH_STRENGTHENING,STRENGTHENING,81.25294,HIGH,POSITIVE,3.75098,20.85199,75.85199,6587.404554,1438.711642,1317.480911,99.136808,23.159521,0,5,0,0,9.868847,271.245119,29793.699494,95.1,72.515,30.676891,0.423042,76.25294,HOLD,HIGH,"trajectory=STRENGTHENING; growth=5, damage=0, breakdown=0; health_state=HEALTH_STRENGTHENING",True,HOLD
2026-06-06 22:43 UTC,CASE_01697,1697,ZONE_CASE_01697_EP_1697,EXHAUSTED_ZONE,7,HEALTH_COLLAPSING,TERMINAL,-97.201238,HIGH,NEGATIVE,-0.733746,-2.111611,18.688389,18501.487588,3285.759125,2643.069655,138.979758,31.003742,4,0,2,1,20.342536,15.302283,168.788007,9.55,47.048559,43.265706,0.919597,-100.0,FAIL,HIGH,trajectory=TERMINAL; breakdown_count=2,True,FAIL
2026-06-06 22:43 UTC,CASE_01701,1701,ZONE_CASE_01701_EP_1701,FATIGUE_ZONE,4,HEALTH_STRENGTHENING,STRENGTHENING,85.61188,HIGH,POSITIVE,5.20396,18.29703,73.29703,8156.884237,2395.862938,2039.221059,74.464075,20.894378,0,4,0,0,12.855467,475.547501,82300.72337,149.84,62.266241,31.89617,0.512255,80.61188,HOLD,HIGH,"trajectory=STRENGTHENING; growth=4, damage=0, breakdown=0; health_state=HEALTH_STRENGTHENING",True,HOLD
2026-06-06 22:43 UTC,CASE_01720,1720,ZONE_CASE_01720_EP_1720,EXHAUSTED_ZONE,2,HEALTH_COLLAPSING,TERMINAL,-99.59585,MEDIUM,NEGATIVE,-1.53195,-3.78018,17.01982,14252.95922,8977.880521,7126.47961,33.132559,20.504053,1,0,1,0,21.420133,20.91045,315.177985,13.05,44.130551,27.346847,0.619681,-100.0,FAIL,MEDIUM,trajectory=TERMINAL; breakdown_count=1,True,FAIL
2026-06-06 22:43 UTC,CASE_01725,1725,ZONE_CASE_01725_EP_1725,EXHAUSTED_ZONE,2,HEALTH_COLLAPSING,TERMINAL,-100.0,MEDIUM,NEGATIVE,-4.680051,-8.573772,12.226228,16550.996234,8731.32136,8275.498117,39.812385,20.291576,1,0,1,0,18.702143,176.8539,24799.965959,121.41,42.251421,33.582118,0.794816,-100.0,FAIL,MEDIUM,trajectory=TERMINAL; breakdown_count=1,True,FAIL
2026-06-06 22:43 UTC,CASE_01729,1729,ZONE_CASE_01729_EP_1729,FATIGUE_ZONE,3,HEALTH_STRENGTHENING,STRENGTHENING,95.0,HIGH,POSITIVE,10.574257,22.09901,77.09901,9032.404528,4224.826189,3010.801509,51.486041,20.862441,0,3,0,0,11.582708,622.079587,149628.025462,208.25,46.2924,25.551964,0.551969,90.0,HOLD,HIGH,"trajectory=STRENGTHENING; growth=3, damage=0, breakdown=0; health_state=HEALTH_STRENGTHENING",True,HOLD
2026-06-06 22:43 UTC,CASE_01743,1743,ZONE_CASE_01743_EP_1743,EXHAUSTED_ZONE,1,UNKNOWN,DEGRADING,-45.0,LOW,NEGATIVE,,-0.200455,20.599545,3005.583192,3005.583192,3005.583192,12.244649,12.244649,1,0,0,0,15.651363,384.73974,136338.509572,306.81,17.525175,44.114469,2.517206,0.0,NO_PREDICTION,LOW,confidence=LOW; visit_count=1 — insufficient structural evidence,True,NO_PREDICTION
2026-06-06 22:43 UTC,CASE_01745,1745,ZONE_CASE_01745_EP_1745,FATIGUE_ZONE,4,HEALTH_STRENGTHENING,STRENGTHENING,86.564503,HIGH,POSITIVE,5.521501,21.411765,76.411765,15595.552348,4344.582926,3898.888087,86.421795,23.951934,0,4,0,0,13.808299,69.538724,1396.716564,17.39,94.964,27.959758,0.294425,88.564503,HOLD,HIGH,"trajectory=STRENGTHENING; growth=4, damage=0, breakdown=0; health_state=HEALTH_STRENGTHENING",True,HOLD
2026-06-06 22:43 UTC,CASE_01751,1751,ZONE_CASE_01751_EP_1751,FATIGUE_ZONE,1,UNKNOWN,UNKNOWN,5.0,LOW,NEUTRAL,,2.352941,57.352941,2288.391253,2288.391253,2288.391253,12.899888,12.899888,0,1,0,0,15.699557,277.563438,25159.571299,78.48,82.3203,21.590304,0.262272,0.0,NO_PREDICTION,LOW,confidence=LOW; visit_count=1 — insufficient structural evidence,True,NO_PREDICTION
2026-06-06 22:43 UTC,CASE_01758,1758,ZONE_CASE_01758_EP_1758,EXHAUSTED_ZONE,1,HEALTH_COLLAPSING,TERMINAL,-90.0,LOW,NEGATIVE,,-1.973538,18.826462,5413.38774,5413.38774,5413.38774,25.434963,25.434963,0,0,1,0,19.361163,125.22235,11302.976284,78.15,43.046146,26.251993,0.609857,0.0,NO_PREDICTION,LOW,confidence=LOW; visit_count=1 — insufficient structural evidence,True,NO_PREDICTION
2026-06-06 22:43 UTC,CASE_01759,1759,ZONE_CASE_01759_EP_1759,EXHAUSTED_ZONE,1,HEALTH_COLLAPSING,TERMINAL,-90.0,LOW,NEGATIVE,,-2.136173,18.663827,5426.857691,5426.857691,5426.857691,24.873675,24.873675,0,0,1,0,19.152908,35.08236,813.238925,20.07,46.418998,26.28804,0.566321,0.0,NO_PREDICTION,LOW,confidence=LOW; visit_count=1 — insufficient structural evidence,True,NO_PREDICTION
2026-06-06 22:43 UTC,CASE_01775,1775,ZONE_CASE_01775_EP_1775,EXHAUSTED_ZONE,2,HEALTH_STABLE,STABLE,10.0,MEDIUM,NEUTRAL,-0.221058,-1.621828,19.178172,4129.936948,2720.049093,2064.968474,31.362892,19.291261,2,0,0,0,15.407942,124.093433,12210.105089,85.19,24.561672,40.229025,1.637878,-17.0,UNCERTAIN,MEDIUM,trajectory=STABLE; mixed structural signals,True,UNCERTAIN
2026-06-06 22:43 UTC,CASE_01787,1787,ZONE_CASE_01787_EP_1787,RECOVERED_ZONE,4,HEALTH_STRENGTHENING,STRENGTHENING,82.521154,HIGH,POSITIVE,4.173718,16.786182,101.786182,19489.10029,5755.126336,4872.275073,111.381317,33.36562,0,4,0,0,26.24146,74.272723,6260.76051,112.28,97.1696,26.561504,0.273352,89.521154,HOLD,HIGH,"trajectory=STRENGTHENING; growth=4, damage=0, breakdown=0; health_state=HEALTH_STRENGTHENING",True,HOLD
2026-06-06 22:43 UTC,CASE_01792,1792,ZONE_CASE_01792_EP_1792,ELASTIC_ZONE,4,HEALTH_STRENGTHENING,STRENGTHENING,77.554888,HIGH,POSITIVE,2.518296,14.482759,69.482759,6162.731805,2309.597196,1540.682951,52.028507,18.191965,0,4,0,0,10.884874,219.652927,13699.753057,54.0,79.8204,27.08194,0.339286,72.554888,HOLD,HIGH,"trajectory=STRENGTHENING; growth=4, damage=0, breakdown=0; health_state=HEALTH_STRENGTHENING",True,HOLD
2026-06-06 22:43 UTC,CASE_01793,1793,ZONE_CASE_01793_EP_1793,RECOVERED_ZONE,5,HEALTH_STRENGTHENING,STRENGTHENING,83.544556,HIGH,POSITIVE,4.514852,22.574257,107.574257,22004.371493,5487.2154,4400.874299,67.631908,18.214388,0,5,0,0,24.843762,44.722367,2109.201416,62.82,98.1999,28.503277,0.290258,90.544556,HOLD,HIGH,"trajectory=STRENGTHENING; growth=5, damage=0, breakdown=0; health_state=HEALTH_STRENGTHENING",True,HOLD
2026-06-06 22:43 UTC,CASE_01800,1800,ZONE_CASE_01800_EP_1800,FATIGUE_ZONE,4,HEALTH_STRENGTHENING,STRENGTHENING,82.854841,HIGH,POSITIVE,4.284947,18.514286,73.514286,22918.54289,6331.015597,5729.635723,85.047099,33.249379,0,4,0,0,24.636024,29.783643,297.560931,8.65,98.7911,26.360277,0.266828,89.854841,HOLD,HIGH,"trajectory=STRENGTHENING; growth=4, damage=0, breakdown=0; health_state=HEALTH_STRENGTHENING",True,HOLD
2026-06-06 22:43 UTC,CASE_01801,1801,ZONE_CASE_01801_EP_1801,EXHAUSTED_ZONE,4,HEALTH_COLLAPSING,TERMINAL,-97.175819,HIGH,NEGATIVE,-0.725273,-3.026399,17.773601,29972.555065,9021.496279,7493.138766,79.491697,31.352317,3,0,1,0,31.306533,0.993745,0.723099,0.63,31.992275,50.725241,1.585547,-100.0,FAIL,HIGH,trajectory=TERMINAL; breakdown_count=1,True,FAIL
2026-06-06 22:43 UTC,CASE_01803,1803,ZONE_CASE_01803_EP_1803,EXHAUSTED_ZONE,3,HEALTH_WEAKENING,DEGRADING,-51.875634,HIGH,NEGATIVE,-2.291878,-4.845776,15.954224,9833.987302,4293.677635,3277.995767,45.264743,18.782219,2,0,0,1,21.422637,73.35482,3878.702127,45.78,51.677204,30.896536,0.597876,-66.875634,FAIL,HIGH,trajectory=DEGRADING; breakdown_count=0,True,FAIL
2026-06-06 22:43 UTC,CASE_01804,1804,ZONE_CASE_01804_EP_1804,EXHAUSTED_ZONE,6,HEALTH_COLLAPSING,TERMINAL,-96.731369,HIGH,NEGATIVE,-0.577123,-3.601526,17.698474,16048.814338,3800.875527,2674.80239,91.192377,20.817156,2,0,2,2,19.376958,156.824733,19500.732122,107.66,42.642392,35.908327,0.842081,-100.0,FAIL,HIGH,trajectory=TERMINAL; breakdown_count=2,True,FAIL
2026-06-06 22:43 UTC,CASE_01805,1805,ZONE_CASE_01805_EP_1805,EXHAUSTED_ZONE,4,HEALTH_COLLAPSING,TERMINAL,-99.055118,HIGH,NEGATIVE,-1.351706,-4.838422,15.961578,13001.90167,3685.190957,3250.475417,76.549703,25.19068,1,0,2,1,15.960658,138.7551,17733.005846,110.65,16.269997,51.199451,3.146863,-100.0,FAIL,HIGH,trajectory=TERMINAL; breakdown_count=2,True,FAIL
2026-06-06 22:43 UTC,CASE_01806,1806,ZONE_CASE_01806_EP_1806,EXHAUSTED_ZONE,3,HEALTH_COLLAPSING,TERMINAL,-98.642228,HIGH,NEGATIVE,-1.214076,-4.694707,16.105293,11119.844681,3779.105188,3706.614894,65.492384,25.19068,1,0,2,0,16.367403,292.338433,67763.157137,200.69,19.255665,48.970573,2.543177,-100.0,FAIL,HIGH,trajectory=TERMINAL; breakdown_count=2,True,FAIL
2026-06-06 22:43 UTC,CASE_01807,1807,ZONE_CASE_01807_EP_1807,EXHAUSTED_ZONE,5,HEALTH_COLLAPSING,TERMINAL,-99.321323,HIGH,NEGATIVE,-1.440441,-7.330305,13.469695,17338.626695,3826.862024,3467.725339,113.318307,27.342546,1,0,2,2,19.737497,63.434201,4126.369401,56.32,32.673284,39.284913,1.202356,-100.0,FAIL,HIGH,trajectory=TERMINAL; breakdown_count=2,True,FAIL
2026-06-06 22:43 UTC,CASE_01808,1808,ZONE_CASE_01808_EP_1808,ELASTIC_ZONE,5,HEALTH_STRENGTHENING,STRENGTHENING,83.789086,HIGH,POSITIVE,4.596362,20.308475,118.308475,14331.409579,3156.947267,2866.281916,114.037808,27.342546,0,5,0,0,16.282332,31.317155,299.860193,8.29,98.0766,28.191454,0.287443,90.789086,HOLD,HIGH,"trajectory=STRENGTHENING; growth=5, damage=0, breakdown=0; health_state=HEALTH_STRENGTHENING",True,HOLD
2026-06-06 22:43 UTC,CASE_01814,1814,ZONE_CASE_01814_EP_1814,RIGID_ZONE,1,UNKNOWN,DEGRADING,-45.0,LOW,NEGATIVE,,-0.254775,76.665225,2634.649425,2634.649425,2634.649425,12.982087,12.982087,1,0,0,0,21.569997,,0.0,0.0,67.75034,12.496622,0.184451,0.0,NO_PREDICTION,LOW,confidence=LOW; visit_count=1 — insufficient structural evidence,True,NO_PREDICTION
2026-06-06 22:43 UTC,CASE_01815,1815,ZONE_CASE_01815_EP_1815,FATIGUE_ZONE,5,HEALTH_STRENGTHENING,STRENGTHENING,83.777569,HIGH,POSITIVE,4.592523,19.428571,74.428571,13666.6752,3749.99355,2733.33504,89.364032,26.485536,0,5,0,0,12.288629,922.3,256300.7139,240.6,23.961018,29.570002,1.234088,66.777569,HOLD,HIGH,"trajectory=STRENGTHENING; growth=5, damage=0, breakdown=0; health_state=HEALTH_STRENGTHENING",True,HOLD
2026-06-06 22:43 UTC,CASE_01818,1818,ZONE_CASE_01818_EP_1818,EXHAUSTED_ZONE,4,HEALTH_WEAKENING,DEGRADING,-46.796088,HIGH,NEGATIVE,-0.598696,-2.021754,18.778246,13341.319023,4384.750343,3335.329756,71.273324,26.121113,2,0,0,2,20.43548,31.27172,646.165987,17.89,47.466118,38.159935,0.803941,-61.796088,FAIL,HIGH,trajectory=DEGRADING; breakdown_count=0,True,FAIL
2026-06-06 22:43 UTC,CASE_01819,1819,ZONE_CASE_01819_EP_1819,ELASTIC_ZONE,5,HEALTH_STRENGTHENING,STRENGTHENING,82.401946,HIGH,POSITIVE,4.133982,20.4,118.4,34437.72001,8225.766334,6887.544002,121.884215,28.281141,0,5,0,0,26.707332,432.228094,72766.809864,145.76,83.509601,30.863137,0.369576,82.401946,HOLD,HIGH,"trajectory=STRENGTHENING; growth=5, damage=0, breakdown=0; health_state=HEALTH_STRENGTHENING",True,HOLD
2026-06-06 22:43 UTC,CASE_01823,1823,ZONE_CASE_01823_EP_1823,FATIGUE_ZONE,4,HEALTH_STRENGTHENING,STRENGTHENING,80.989885,HIGH,POSITIVE,3.663295,19.330248,74.330248,7893.018084,2794.38446,1973.254521,64.641746,21.987497,0,4,0,0,9.423838,48.703586,819.038465,14.56,94.8319,25.776321,0.271811,82.989885,HOLD,HIGH,"trajectory=STRENGTHENING; growth=4, damage=0, breakdown=0; health_state=HEALTH_STRENGTHENING",True,HOLD
2026-06-06 22:43 UTC,CASE_01828,1828,ZONE_CASE_01828_EP_1828,FATIGUE_ZONE,5,HEALTH_STRENGTHENING,STRENGTHENING,81.393736,HIGH,POSITIVE,3.797912,20.271845,75.271845,18866.181377,4231.734856,3773.236275,117.882926,31.32582,0,5,0,0,17.162102,373.12323,57459.540896,133.33,78.2589,29.126829,0.372186,81.393736,HOLD,HIGH,"trajectory=STRENGTHENING; growth=5, damage=0, breakdown=0; health_state=HEALTH_STRENGTHENING",True,HOLD
2026-06-06 22:43 UTC,CASE_01836,1836,ZONE_CASE_01836_EP_1836,EXHAUSTED_ZONE,4,HEALTH_COLLAPSING,TERMINAL,-99.717434,HIGH,NEGATIVE,-1.572478,-6.659409,14.140591,17134.654675,4771.51639,4283.663669,71.308375,19.701727,2,0,2,0,15.010675,104.968857,7942.368844,65.51,27.625397,39.569579,1.432362,-100.0,FAIL,HIGH,trajectory=TERMINAL; breakdown_count=2,True,FAIL
2026-06-06 22:43 UTC,CASE_01847,1847,ZONE_CASE_01847_EP_1847,ELASTIC_ZONE,1,UNKNOWN,UNKNOWN,5.0,LOW,NEUTRAL,,7.92233,62.92233,2234.419647,2234.419647,2234.419647,16.726433,16.726433,0,1,0,0,10.84246,42.118541,510.792606,10.5,96.1154,19.320101,0.201009,0.0,NO_PREDICTION,LOW,confidence=LOW; visit_count=1 — insufficient structural evidence,True,NO_PREDICTION
2026-06-06 22:43 UTC,CASE_01856,1856,ZONE_CASE_01856_EP_1856,EXHAUSTED_ZONE,4,HEALTH_COLLAPSING,TERMINAL,-100.0,HIGH,NEGATIVE,-2.155682,-6.711584,14.588416,16469.907334,5145.097377,4117.476834,71.284428,18.878894,1,0,2,1,15.775786,452.6446,162456.27437,310.74,18.255879,45.352174,2.48425,-100.0,FAIL,HIGH,trajectory=TERMINAL; breakdown_count=2,True,FAIL
2026-06-06 22:43 UTC,CASE_01858,1858,ZONE_CASE_01858_EP_1858,FATIGUE_ZONE,6,HEALTH_STRENGTHENING,STRENGTHENING,76.613473,HIGH,POSITIVE,2.204491,15.294118,70.294118,11651.700927,2284.659031,1941.950155,109.635834,23.220393,0,6,0,0,13.484743,362.13,50488.182706,120.71,73.1452,28.7029,0.39241,71.613473,HOLD,HIGH,"trajectory=STRENGTHENING; growth=6, damage=0, breakdown=0; health_state=HEALTH_STRENGTHENING",True,HOLD
2026-06-06 22:43 UTC,CASE_01869,1869,ZONE_CASE_01869_EP_1869,RECOVERED_ZONE,6,HEALTH_STRENGTHENING,STRENGTHENING,77.872528,HIGH,POSITIVE,2.624176,18.0,103.0,19604.659834,4650.516498,3267.443306,86.524198,21.259762,0,6,0,0,24.075207,27.2826,674.895474,32.95,98.8668,28.123758,0.284461,84.872528,HOLD,HIGH,"trajectory=STRENGTHENING; growth=6, damage=0, breakdown=0; health_state=HEALTH_STRENGTHENING",True,HOLD
2026-06-06 22:43 UTC,CASE_01887,1887,ZONE_CASE_01887_EP_1887,RECOVERED_ZONE,5,HEALTH_STRENGTHENING,STRENGTHENING,82.48,HIGH,POSITIVE,4.16,16.457143,108.457143,23610.371921,7079.602157,4722.074384,98.416894,26.036065,0,5,0,0,21.811562,12.85746,163.517383,16.94,99.4105,29.183612,0.293567,89.48,HOLD,HIGH,"trajectory=STRENGTHENING; growth=5, damage=0, breakdown=0; health_state=HEALTH_STRENGTHENING",True,HOLD
2026-06-06 22:43 UTC,CASE_01889,1889,ZONE_CASE_01889_EP_1889,FATIGUE_ZONE,4,HEALTH_STRENGTHENING,STRENGTHENING,82.413793,HIGH,POSITIVE,4.137931,13.034483,68.034483,10591.416466,3486.73584,2647.854116,75.378648,20.721554,0,4,0,0,12.333695,69.997707,1805.321361,22.33,94.3247,28.760594,0.304911,77.413793,HOLD,HIGH,"trajectory=STRENGTHENING; growth=4, damage=0, breakdown=0; health_state=HEALTH_STRENGTHENING",True,HOLD
2026-06-06 22:43 UTC,CASE_01904,1904,ZONE_CASE_01904_EP_1904,ELASTIC_ZONE,5,HEALTH_STRENGTHENING,STRENGTHENING,84.262858,HIGH,POSITIVE,4.754286,21.714286,76.714286,13396.24184,3618.769252,2679.248368,113.211337,27.859997,0,5,0,0,13.16432,752.253333,155003.303771,178.4,42.691205,29.389372,0.688417,79.262858,HOLD,HIGH,"trajectory=STRENGTHENING; growth=5, damage=0, breakdown=0; health_state=HEALTH_STRENGTHENING",True,HOLD
2026-06-06 22:43 UTC,CASE_01906,1906,ZONE_CASE_01906_EP_1906,EXHAUSTED_ZONE,6,HEALTH_COLLAPSING,TERMINAL,-97.768985,HIGH,NEGATIVE,-0.922995,-6.66532,14.13468,17400.96227,4343.823404,2900.160378,118.14368,27.468793,2,0,4,0,16.122798,210.9798,45098.166482,185.07,20.39918,51.989751,2.54862,-100.0,FAIL,HIGH,trajectory=TERMINAL; breakdown_count=4,True,FAIL
2026-06-06 22:43 UTC,CASE_01907,1907,ZONE_CASE_01907_EP_1907,EXHAUSTED_ZONE,7,HEALTH_COLLAPSING,TERMINAL,-97.204976,HIGH,NEGATIVE,-0.734992,-6.102127,14.697873,23349.750405,4366.650008,3335.678629,152.080758,27.468793,3,0,3,1,16.207522,246.1944,61409.204731,215.96,10.96134,57.489183,5.244722,-100.0,FAIL,HIGH,trajectory=TERMINAL; breakdown_count=3,True,FAIL
2026-06-06 22:43 UTC,CASE_01908,1908,ZONE_CASE_01908_EP_1908,RECOVERED_ZONE,6,HEALTH_STRENGTHENING,STRENGTHENING,79.725589,HIGH,POSITIVE,3.241863,18.29703,103.29703,26427.380068,5047.600554,4404.563345,148.041694,28.310611,0,6,0,0,22.279812,130.906513,19366.675417,197.06,92.51427,30.146048,0.325853,79.725589,HOLD,HIGH,"trajectory=STRENGTHENING; growth=6, damage=0, breakdown=0; health_state=HEALTH_STRENGTHENING",True,HOLD
2026-06-06 22:43 UTC,CASE_01912,1912,ZONE_CASE_01912_EP_1912,FATIGUE_ZONE,4,HEALTH_STRENGTHENING,STRENGTHENING,83.577154,HIGH,POSITIVE,4.525718,19.28972,74.28972,11324.522247,3499.07936,2831.130562,71.771396,20.882501,0,4,0,0,11.849748,1.153585,0.652871,0.49,99.9026,26.364357,0.263901,85.577154,HOLD,HIGH,"trajectory=STRENGTHENING; growth=4, damage=0, breakdown=0; health_state=HEALTH_STRENGTHENING",True,HOLD
2026-06-06 22:43 UTC,CASE_01914,1914,ZONE_CASE_01914_EP_1914,RECOVERED_ZONE,4,HEALTH_STRENGTHENING,STRENGTHENING,86.860531,HIGH,POSITIVE,5.620177,20.673267,105.673267,19553.239112,5810.104182,4888.309778,68.634162,19.610774,0,4,0,0,20.691919,160.1283,27898.601667,232.07,91.974792,28.6917,0.311952,86.860531,HOLD,HIGH,"trajectory=STRENGTHENING; growth=4, damage=0, breakdown=0; health_state=HEALTH_STRENGTHENING",True,HOLD
2026-06-06 22:43 UTC,CASE_01923,1923,ZONE_CASE_01923_EP_1923,ELASTIC_ZONE,3,HEALTH_STRENGTHENING,STRENGTHENING,88.705882,HIGH,POSITIVE,6.235294,21.411765,76.411765,8969.829491,3353.700968,2989.943164,69.42541,25.31495,0,3,0,0,13.860555,214.104,16044.182986,64.88,84.553,28.186909,0.333364,83.705882,HOLD,HIGH,"trajectory=STRENGTHENING; growth=3, damage=0, breakdown=0; health_state=HEALTH_STRENGTHENING",True,HOLD
2026-06-06 22:43 UTC,CASE_01927,1927,ZONE_CASE_01927_EP_1927,EXHAUSTED_ZONE,1,HEALTH_COLLAPSING,TERMINAL,-90.0,LOW,NEGATIVE,,-6.202767,14.597233,2638.62791,2638.62791,2638.62791,24.490436,24.490436,0,0,1,0,15.951064,210.007633,34969.704519,144.17,19.032793,48.246213,2.534899,0.0,NO_PREDICTION,LOW,confidence=LOW; visit_count=1 — insufficient structural evidence,True,NO_PREDICTION
2026-06-06 22:43 UTC,CASE_01933,1933,ZONE_CASE_01933_EP_1933,EXHAUSTED_ZONE,5,HEALTH_COLLAPSING,TERMINAL,-93.71072,HIGH,NEGATIVE,0.42976,2.747867,28.337699,25640.63664,7226.620245,5128.127328,90.792775,30.268521,3,0,1,1,24.457905,26.0452,448.224869,14.9,60.470592,36.52228,0.603968,-100.0,FAIL,HIGH,trajectory=TERMINAL; breakdown_count=1,True,FAIL
2026-06-06 22:43 UTC,CASE_01937,1937,ZONE_CASE_01937_EP_1937,RECOVERED_ZONE,4,HEALTH_STRENGTHENING,STRENGTHENING,86.711353,HIGH,POSITIVE,5.570451,22.574257,107.574257,28827.262086,8988.42608,7206.815522,90.880508,34.008414,0,4,0,0,26.749866,41.688238,1991.769379,63.64,98.4416,26.568497,0.269891,93.711353,HOLD,HIGH,"trajectory=STRENGTHENING; growth=4, damage=0, breakdown=0; health_state=HEALTH_STRENGTHENING",True,HOLD
2026-06-06 22:43 UTC,CASE_01941,1941,ZONE_CASE_01941_EP_1941,FATIGUE_ZONE,3,HEALTH_STRENGTHENING,STRENGTHENING,84.679609,HIGH,POSITIVE,4.893203,21.203883,76.203883,4413.179843,1488.223785,1471.059948,61.242672,20.991451,0,3,0,0,9.58692,361.280093,33398.971733,80.04,62.3153,24.291106,0.38981,79.679609,HOLD,HIGH,"trajectory=STRENGTHENING; growth=3, damage=0, breakdown=0; health_state=HEALTH_STRENGTHENING",True,HOLD
2026-06-06 22:43 UTC,CASE_01949,1949,ZONE_CASE_01949_EP_1949,EXHAUSTED_ZONE,5,HEALTH_COLLAPSING,TERMINAL,-95.111963,HIGH,NEGATIVE,-0.037321,-1.627787,19.672213,15106.878557,3590.139753,3021.375711,98.739082,26.752448,2,0,3,0,16.22134,59.373733,2795.184727,40.76,30.920712,42.946895,1.388936,-100.0,FAIL,HIGH,trajectory=TERMINAL; breakdown_count=3,True,FAIL
2026-06-06 22:43 UTC,CASE_01950,1950,ZONE_CASE_01950_EP_1950,EXHAUSTED_ZONE,5,HEALTH_WEAKENING,DEGRADING,-46.636332,HIGH,NEGATIVE,-0.545444,-2.93023,18.36977,13627.782156,3235.061908,2725.556431,85.833727,23.069235,3,0,0,2,19.605418,15.91117,182.487595,9.93,50.836465,37.663778,0.740881,-61.636332,FAIL,HIGH,trajectory=DEGRADING; breakdown_count=0,True,FAIL
2026-06-06 22:43 UTC,CASE_01955,1955,ZONE_CASE_01955_EP_1955,FATIGUE_ZONE,5,HEALTH_STRENGTHENING,STRENGTHENING,83.350189,HIGH,POSITIVE,4.450063,19.789474,74.789474,11191.591817,3061.591522,2238.318363,104.652269,30.333302,0,5,0,0,11.674515,62.53174,1330.369022,18.42,94.6437,28.612808,0.302321,78.350189,HOLD,HIGH,"trajectory=STRENGTHENING; growth=5, damage=0, breakdown=0; health_state=HEALTH_STRENGTHENING",True,HOLD
2026-06-06 22:43 UTC,CASE_01958,1958,ZONE_CASE_01958_EP_1958,FATIGUE_ZONE,4,HEALTH_STRENGTHENING,STRENGTHENING,80.833576,HIGH,POSITIVE,3.611192,15.207921,70.207921,17689.605168,5156.815052,4422.401292,78.397024,22.128926,0,4,0,0,18.278391,181.272202,10945.831882,52.28,90.0827,25.455415,0.282578,87.833576,HOLD,HIGH,"trajectory=STRENGTHENING; growth=4, damage=0, breakdown=0; health_state=HEALTH_STRENGTHENING",True,HOLD
2026-06-06 22:43 UTC,CASE_01968,1968,ZONE_CASE_01968_EP_1968,EXHAUSTED_ZONE,3,HEALTH_WEAKENING,DEGRADING,-47.551437,HIGH,NEGATIVE,-0.850479,-4.034948,16.765052,11131.283276,5174.102597,3710.427759,57.306469,28.592264,2,0,0,1,18.907653,42.10704,1496.943168,30.78,45.616775,33.140982,0.726509,-62.551437,FAIL,HIGH,trajectory=DEGRADING; breakdown_count=0,True,FAIL
2026-06-06 22:43 UTC,CASE_01970,1970,ZONE_CASE_01970_EP_1970,FATIGUE_ZONE,3,HEALTH_STRENGTHENING,STRENGTHENING,77.539144,HIGH,POSITIVE,2.513048,5.947833,60.947833,7018.348898,3157.360055,2339.449633,49.301899,21.105115,0,3,0,0,10.076692,242.045074,21238.329734,75.97,75.9797,25.219406,0.331923,72.539144,HOLD,HIGH,"trajectory=STRENGTHENING; growth=3, damage=0, breakdown=0; health_state=HEALTH_STRENGTHENING",True,HOLD
2026-06-06 22:43 UTC,CASE_01974,1974,ZONE_CASE_01974_EP_1974,EXHAUSTED_ZONE,3,HEALTH_WEAKENING,DEGRADING,-48.158751,HIGH,NEGATIVE,-1.052917,-2.689409,18.110591,14923.240521,6365.707529,4974.413507,59.561286,25.431904,3,0,0,0,20.023936,0.888567,0.62604,0.61,47.95202,35.002412,0.729947,-63.158751,FAIL,HIGH,trajectory=DEGRADING; breakdown_count=0,True,FAIL
2026-06-06 22:43 UTC,CASE_01983,1983,ZONE_CASE_01983_EP_1983,FATIGUE_ZONE,4,HEALTH_STRENGTHENING,STRENGTHENING,80.750299,HIGH,POSITIVE,3.583433,15.058824,70.058824,27804.160771,7755.604708,6951.040193,87.73721,22.578578,0,4,0,0,15.116941,307.213213,24582.709763,69.28,79.6776,27.232135,0.341779,80.750299,HOLD,HIGH,"trajectory=STRENGTHENING; growth=4, damage=0, breakdown=0; health_state=HEALTH_STRENGTHENING",True,HOLD
2026-06-06 22:43 UTC,CASE_01984,1984,ZONE_CASE_01984_EP_1984,FATIGUE_ZONE,1,UNKNOWN,UNKNOWN,5.0,LOW,NEUTRAL,,5.940594,60.940594,4210.651973,4210.651973,4210.651973,24.916715,24.916715,0,1,0,0,13.336883,674.330718,146151.573914,187.65,49.4387,21.757356,0.440088,0.0,NO_PREDICTION,LOW,confidence=LOW; visit_count=1 — insufficient structural evidence,True,NO_PREDICTION
2026-06-06 22:43 UTC,CASE_01989,1989,ZONE_CASE_01989_EP_1989,EXHAUSTED_ZONE,3,HEALTH_COLLAPSING,TERMINAL,-100.0,HIGH,NEGATIVE,-3.173892,-6.87343,13.92657,20033.747393,8795.000661,6677.915798,54.767973,25.524413,1,0,2,0,16.32497,239.5767,52865.653458,191.05,23.595484,43.508706,1.843942,-100.0,FAIL,HIGH,trajectory=TERMINAL; breakdown_count=2,True,FAIL
2026-06-06 22:43 UTC,CASE_02001,2001,ZONE_CASE_02001_EP_2001,EXHAUSTED_ZONE,1,UNKNOWN,DEGRADING,-45.0,LOW,NEGATIVE,,-1.282359,19.517641,5286.396278,5286.396278,5286.396278,17.151921,17.151921,1,0,0,0,19.128032,46.344366,1772.303562,33.11,47.723457,25.286001,0.529844,0.0,NO_PREDICTION,LOW,confidence=LOW; visit_count=1 — insufficient structural evidence,True,NO_PREDICTION
2026-06-06 22:43 UTC,CASE_02002,2002,ZONE_CASE_02002_EP_2002,FATIGUE_ZONE,1,UNKNOWN,UNKNOWN,5.0,LOW,NEUTRAL,,4.752475,59.752475,2093.137723,2093.137723,2093.137723,17.186347,17.186347,0,1,0,0,10.461259,350.945893,52876.929962,130.45,66.4528,20.508348,0.308615,0.0,NO_PREDICTION,LOW,confidence=LOW; visit_count=1 — insufficient structural evidence,True,NO_PREDICTION
2026-06-06 22:43 UTC,CASE_02006,2006,ZONE_CASE_02006_EP_2006,FATIGUE_ZONE,3,HEALTH_STRENGTHENING,STRENGTHENING,94.594057,HIGH,POSITIVE,8.198019,18.772277,73.772277,13679.097773,6301.813497,4559.699258,60.440426,25.912921,0,3,0,0,13.052677,65.749677,1673.736928,22.04,94.9627,25.352417,0.266972,96.594057,HOLD,HIGH,"trajectory=STRENGTHENING; growth=3, damage=0, breakdown=0; health_state=HEALTH_STRENGTHENING",True,HOLD
2026-06-06 22:43 UTC,CASE_02012,2012,ZONE_CASE_02012_EP_2012,RIGID_ZONE,2,HEALTH_WEAKENING,DEGRADING,-46.646247,MEDIUM,NEGATIVE,-0.548749,-0.808162,76.111838,6284.891829,3157.257374,3142.445915,40.375833,20.561124,2,0,0,0,13.813766,,0.0,0.0,66.86314,18.265269,0.273174,-44.646247,FAIL,MEDIUM,trajectory=DEGRADING; breakdown_count=0,True,FAIL
2026-06-06 22:43 UTC,CASE_02017,2017,ZONE_CASE_02017_EP_2017,EXHAUSTED_ZONE,4,HEALTH_COLLAPSING,TERMINAL,-100.0,HIGH,NEGATIVE,-2.491917,-9.706817,11.093183,18730.73665,5038.575037,4682.684162,75.783126,20.031327,1,0,2,1,19.399311,158.878633,20014.870839,109.07,40.473858,30.011238,0.741497,-100.0,FAIL,HIGH,trajectory=TERMINAL; breakdown_count=2,True,FAIL
2026-06-06 22:43 UTC,CASE_02019,2019,ZONE_CASE_02019_EP_2019,EXHAUSTED_ZONE,3,HEALTH_WEAKENING,DEGRADING,-51.788778,HIGH,NEGATIVE,-2.262926,-5.105993,15.694007,12421.402416,4263.87516,4140.467472,57.898927,20.194524,3,0,0,0,21.791181,216.591767,37196.80946,148.69,42.63481,28.306382,0.663927,-66.788778,FAIL,HIGH,trajectory=DEGRADING; breakdown_count=0,True,FAIL
2026-06-06 22:43 UTC,CASE_02021,2021,ZONE_CASE_02021_EP_2021,RECOVERED_ZONE,4,HEALTH_STRENGTHENING,STRENGTHENING,86.743492,HIGH,POSITIVE,5.581164,18.700219,103.700219,22052.268694,7418.375435,5513.067173,98.157043,37.830033,0,4,0,0,24.634014,99.18612,12433.995312,166.98,93.803426,26.257831,0.279924,93.743492,HOLD,HIGH,"trajectory=STRENGTHENING; growth=4, damage=0, breakdown=0; health_state=HEALTH_STRENGTHENING",True,HOLD
2026-06-06 22:43 UTC,CASE_02023,2023,ZONE_CASE_02023_EP_2023,EXHAUSTED_ZONE,4,HEALTH_COLLAPSING,TERMINAL,-98.041706,HIGH,NEGATIVE,-1.013902,-3.94154,17.35846,15300.180473,4353.90057,3825.045118,102.217322,32.831536,2,0,2,0,16.39814,138.2364,16133.950394,101.05,27.398834,42.792299,1.561829,-100.0,FAIL,HIGH,trajectory=TERMINAL; breakdown_count=2,True,FAIL
2026-06-06 22:43 UTC,CASE_02031,2031,ZONE_CASE_02031_EP_2031,FATIGUE_ZONE,8,HEALTH_STRENGTHENING,STRENGTHENING,78.174052,HIGH,POSITIVE,2.724684,20.470588,75.470588,13869.119115,2202.095289,1733.639889,141.770829,24.011559,0,8,0,0,9.589043,267.670239,27734.665197,89.71,72.0858,32.180383,0.446418,73.174052,HOLD,HIGH,"trajectory=STRENGTHENING; growth=8, damage=0, breakdown=0; health_state=HEALTH_STRENGTHENING",True,HOLD
2026-06-06 22:43 UTC,CASE_02032,2032,ZONE_CASE_02032_EP_2032,RECOVERED_ZONE,6,HEALTH_STRENGTHENING,STRENGTHENING,80.463385,HIGH,POSITIVE,3.487795,18.059406,110.059406,28435.187137,6124.304652,4739.197856,105.192481,25.272836,0,6,0,0,25.967672,21.3948,636.382228,39.62,99.1761,30.831677,0.310878,80.463385,HOLD,HIGH,"trajectory=STRENGTHENING; growth=6, damage=0, breakdown=0; health_state=HEALTH_STRENGTHENING",True,HOLD
2026-06-06 22:43 UTC,CASE_02033,2033,ZONE_CASE_02033_EP_2033,EXHAUSTED_ZONE,5,HEALTH_WEAKENING,DEGRADING,-47.90268,HIGH,NEGATIVE,-0.96756,-3.408727,17.391273,13883.985901,3605.811835,2776.79718,90.941801,23.214452,2,0,0,3,23.195814,0.204152,0.030653,0.13,55.413798,39.801005,0.718251,-62.90268,FAIL,HIGH,trajectory=DEGRADING; breakdown_count=0,True,FAIL
2026-06-06 22:43 UTC,CASE_02052,2052,ZONE_CASE_02052_EP_2052,ELASTIC_ZONE,4,HEALTH_STRENGTHENING,STRENGTHENING,88.024411,HIGH,POSITIVE,6.008137,21.176471,119.176471,6440.713177,1852.94446,1610.178294,84.792747,24.807681,0,4,0,0,11.642733,8.54307,23.089355,2.34,99.2662,27.40987,0.276125,90.024411,HOLD,HIGH,"trajectory=STRENGTHENING; growth=4, damage=0, breakdown=0; health_state=HEALTH_STRENGTHENING",True,HOLD
2026-06-06 22:43 UTC,CASE_02059,2059,ZONE_CASE_02059_EP_2059,FATIGUE_ZONE,4,HEALTH_STRENGTHENING,STRENGTHENING,81.042238,HIGH,POSITIVE,3.680746,18.148112,73.148112,12987.351404,3595.72599,3246.837851,86.222418,24.696348,0,4,0,0,12.41388,664.17,169831.888726,221.39,45.910393,29.598863,0.644709,76.042238,HOLD,HIGH,"trajectory=STRENGTHENING; growth=4, damage=0, breakdown=0; health_state=HEALTH_STRENGTHENING",True,HOLD
2026-06-06 22:43 UTC,CASE_02063,2063,ZONE_CASE_02063_EP_2063,RECOVERED_ZONE,6,HEALTH_STRENGTHENING,STRENGTHENING,83.642593,HIGH,POSITIVE,4.547531,22.135922,107.135922,23941.584246,5283.939921,3990.264041,107.334793,25.872624,0,6,0,0,30.365908,53.92008,3368.38241,83.21,98.2243,30.236784,0.307834,83.642593,HOLD,HIGH,"trajectory=STRENGTHENING; growth=6, damage=0, breakdown=0; health_state=HEALTH_STRENGTHENING",True,HOLD
2026-06-06 22:43 UTC,CASE_02064,2064,ZONE_CASE_02064_EP_2064,EXHAUSTED_ZONE,5,HEALTH_WEAKENING,DEGRADING,-48.074463,HIGH,NEGATIVE,-1.024821,-4.453525,16.346475,14919.28346,3907.532978,2983.856692,84.862507,23.741044,2,0,0,3,23.077893,249.258973,44784.808345,155.56,40.873691,39.109418,0.956836,-63.074463,FAIL,HIGH,trajectory=DEGRADING; breakdown_count=0,True,FAIL
2026-06-06 22:43 UTC,CASE_02074,2074,ZONE_CASE_02074_EP_2074,RECOVERED_ZONE,7,HEALTH_STRENGTHENING,STRENGTHENING,79.92808,HIGH,POSITIVE,3.30936,21.111111,106.111111,20199.775842,4657.96594,2885.682263,127.854078,37.283103,0,7,0,0,22.668475,71.77896,6511.832472,120.84,96.287901,32.645597,0.339042,79.92808,HOLD,HIGH,"trajectory=STRENGTHENING; growth=7, damage=0, breakdown=0; health_state=HEALTH_STRENGTHENING",True,HOLD
2026-06-06 22:43 UTC,CASE_02080,2080,ZONE_CASE_02080_EP_2080,FATIGUE_ZONE,2,HEALTH_STRENGTHENING,STRENGTHENING,76.827586,MEDIUM,POSITIVE,2.275862,6.62069,61.62069,1826.07029,994.12815,913.035145,28.433091,15.275113,0,2,0,0,11.549461,113.993405,4193.446891,31.85,87.865249,22.571798,0.256891,78.827586,HOLD,MEDIUM,"trajectory=STRENGTHENING; growth=2, damage=0, breakdown=0; health_state=HEALTH_STRENGTHENING",True,HOLD
2026-06-06 22:43 UTC,CASE_02082,2082,ZONE_CASE_02082_EP_2082,RIGID_ZONE,1,UNKNOWN,DEGRADING,-45.0,LOW,NEGATIVE,,-0.12105,76.79895,2756.12733,2756.12733,2756.12733,15.828376,15.828376,1,0,0,0,16.967475,,0.0,0.0,67.53164,13.216207,0.195704,0.0,NO_PREDICTION,LOW,confidence=LOW; visit_count=1 — insufficient structural evidence,True,NO_PREDICTION
2026-06-06 22:43 UTC,CASE_02088,2088,ZONE_CASE_02088_EP_2088,EXHAUSTED_ZONE,4,HEALTH_COLLAPSING,TERMINAL,-99.533243,HIGH,NEGATIVE,-1.511081,-4.232439,17.067561,14767.092644,3990.74789,3691.773161,107.212291,30.137503,3,0,1,0,19.448224,84.7343,5692.988337,58.17,43.708122,35.106336,0.803199,-100.0,FAIL,HIGH,trajectory=TERMINAL; breakdown_count=1,True,FAIL
2026-06-06 22:43 UTC,CASE_02099,2099,ZONE_CASE_02099_EP_2099,EXHAUSTED_ZONE,5,HEALTH_COLLAPSING,TERMINAL,-97.944845,HIGH,NEGATIVE,-0.981615,-6.074619,14.725381,14870.159727,3964.756908,2974.031945,87.528293,26.055369,2,0,2,1,16.742129,208.207193,31247.88127,129.94,22.501435,57.027926,2.534413,-100.0,FAIL,HIGH,trajectory=TERMINAL; breakdown_count=2,True,FAIL
2026-06-06 22:43 UTC,CASE_02104,2104,ZONE_CASE_02104_EP_2104,FATIGUE_ZONE,3,HEALTH_STRENGTHENING,STRENGTHENING,91.742575,HIGH,POSITIVE,7.247525,18.059406,73.059406,4150.392768,1462.338056,1383.464256,67.594849,24.966751,0,3,0,0,9.658029,287.795147,23387.902857,70.36,70.2015,25.57532,0.364313,86.742575,HOLD,HIGH,"trajectory=STRENGTHENING; growth=3, damage=0, breakdown=0; health_state=HEALTH_STRENGTHENING",True,HOLD
2026-06-06 22:43 UTC,CASE_02111,2111,ZONE_CASE_02111_EP_2111,ELASTIC_ZONE,2,HEALTH_STRENGTHENING,STRENGTHENING,78.592525,MEDIUM,POSITIVE,2.864175,3.81467,58.81467,3111.208539,1855.719268,1555.60427,30.902748,18.097772,0,2,0,0,15.40995,73.310862,1674.005882,19.77,95.2426,23.600044,0.247789,85.592525,HOLD,MEDIUM,"trajectory=STRENGTHENING; growth=2, damage=0, breakdown=0; health_state=HEALTH_STRENGTHENING",True,HOLD
2026-06-06 22:43 UTC,CASE_02112,2112,ZONE_CASE_02112_EP_2112,RECOVERED_ZONE,4,HEALTH_STRENGTHENING,STRENGTHENING,92.463916,HIGH,POSITIVE,7.487972,22.352941,107.352941,10289.38892,3578.977499,2572.34723,72.863368,22.974594,0,4,0,0,21.035392,40.75071,1642.570144,53.69,98.0628,28.755435,0.293235,99.463916,HOLD,HIGH,"trajectory=STRENGTHENING; growth=4, damage=0, breakdown=0; health_state=HEALTH_STRENGTHENING",True,HOLD
2026-06-06 22:43 UTC,CASE_02120,2120,ZONE_CASE_02120_EP_2120,FATIGUE_ZONE,4,HEALTH_STRENGTHENING,STRENGTHENING,84.672037,HIGH,POSITIVE,4.890679,15.561573,70.561573,9210.154734,2436.076603,2302.538683,91.837788,25.566,0,4,0,0,11.447808,5.288065,10.566347,1.73,99.5381,25.419033,0.25537,86.672037,HOLD,HIGH,"trajectory=STRENGTHENING; growth=4, damage=0, breakdown=0; health_state=HEALTH_STRENGTHENING",True,HOLD
2026-06-06 22:43 UTC,CASE_02133,2133,ZONE_CASE_02133_EP_2133,FATIGUE_ZONE,1,UNKNOWN,UNKNOWN,5.0,LOW,NEUTRAL,,3.437861,58.437861,3862.458325,3862.458325,3862.458325,22.119744,22.119744,0,1,0,0,11.350899,116.572054,4766.281572,35.4,89.7301,19.670797,0.219222,0.0,NO_PREDICTION,LOW,confidence=LOW; visit_count=1 — insufficient structural evidence,True,NO_PREDICTION
2026-06-06 22:43 UTC,CASE_02135,2135,ZONE_CASE_02135_EP_2135,RIGID_ZONE,2,HEALTH_WEAKENING,DEGRADING,-47.611461,MEDIUM,NEGATIVE,-0.870487,-0.907872,76.012128,5654.939068,4501.372828,2827.469534,36.706914,24.244296,1,0,0,1,18.118704,,0.0,0.0,67.57724,22.790285,0.337248,-47.611461,FAIL,MEDIUM,trajectory=DEGRADING; breakdown_count=0,True,FAIL
2026-06-06 22:43 UTC,CASE_02140,2140,ZONE_CASE_02140_EP_2140,RECOVERED_ZONE,2,HEALTH_STRENGTHENING,STRENGTHENING,95.0,MEDIUM,POSITIVE,11.448104,15.487708,100.487708,12265.458449,7516.327041,6132.729224,37.293691,23.295668,0,2,0,0,25.95082,67.919892,4847.700957,95.07,97.3827,23.748236,0.243865,100.0,HOLD,MEDIUM,"trajectory=STRENGTHENING; growth=2, damage=0, breakdown=0; health_state=HEALTH_STRENGTHENING",True,HOLD
2026-06-06 22:43 UTC,CASE_02143,2143,ZONE_CASE_02143_EP_2143,FATIGUE_ZONE,2,HEALTH_STRENGTHENING,STRENGTHENING,93.524752,MEDIUM,POSITIVE,7.841584,11.643564,66.643564,8802.346728,4868.021979,4401.173364,47.832452,24.247,0,2,0,0,12.358601,345.194924,53346.07836,133.8,72.0684,23.899584,0.331624,88.524752,HOLD,MEDIUM,"trajectory=STRENGTHENING; growth=2, damage=0, breakdown=0; health_state=HEALTH_STRENGTHENING",True,HOLD
2026-06-06 22:43 UTC,CASE_02150,2150,ZONE_CASE_02150_EP_2150,EXHAUSTED_ZONE,3,HEALTH_WEAKENING,DEGRADING,-46.581825,HIGH,NEGATIVE,-0.527275,-1.054549,20.105451,8652.465232,4060.181489,2884.155077,46.31283,22.654498,1,0,0,2,18.609369,154.7322,24049.162905,135.73,39.47451,30.392857,0.769936,-46.581825,FAIL,HIGH,trajectory=DEGRADING; breakdown_count=0,True,FAIL
2026-06-06 22:43 UTC,CASE_02165,2165,ZONE_CASE_02165_EP_2165,FATIGUE_ZONE,2,HEALTH_STRENGTHENING,STRENGTHENING,95.0,MEDIUM,POSITIVE,9.176471,17.411765,72.411765,9573.92597,5493.9221,4786.962985,41.830013,24.193928,0,2,0,0,12.199198,559.605239,115553.389446,178.78,54.1277,24.576436,0.454045,90.0,HOLD,MEDIUM,"trajectory=STRENGTHENING; growth=2, damage=0, breakdown=0; health_state=HEALTH_STRENGTHENING",True,HOLD
2026-06-06 22:43 UTC,CASE_02166,2166,ZONE_CASE_02166_EP_2166,FATIGUE_ZONE,3,HEALTH_STRENGTHENING,STRENGTHENING,83.547553,HIGH,POSITIVE,4.515851,19.106796,74.106796,5718.072152,2285.533127,1906.024051,64.596065,29.152094,0,3,0,0,11.780649,148.375804,7809.515623,45.57,87.4051,24.451127,0.279745,85.547553,HOLD,HIGH,"trajectory=STRENGTHENING; growth=3, damage=0, breakdown=0; health_state=HEALTH_STRENGTHENING",True,HOLD
2026-06-06 22:43 UTC,CASE_02167,2167,ZONE_CASE_02167_EP_2167,EXHAUSTED_ZONE,4,HEALTH_COLLAPSING,TERMINAL,-97.074503,HIGH,NEGATIVE,-0.691501,-2.804755,17.995245,15756.34947,5290.597854,3939.087368,77.466395,31.844708,2,0,1,1,21.347318,215.513833,36827.488689,147.95,38.634366,33.196981,0.85926,-100.0,FAIL,HIGH,trajectory=TERMINAL; breakdown_count=1,True,FAIL
2026-06-06 22:43 UTC,CASE_02170,2170,ZONE_CASE_02170_EP_2170,FATIGUE_ZONE,2,HEALTH_STRENGTHENING,STRENGTHENING,92.630065,MEDIUM,POSITIVE,7.543355,10.602179,65.602179,3260.689654,1677.330802,1630.344827,40.348765,21.393384,0,2,0,0,9.608509,4.194074,7.120909,1.47,99.5635,23.047317,0.231484,94.630065,HOLD,MEDIUM,"trajectory=STRENGTHENING; growth=2, damage=0, breakdown=0; health_state=HEALTH_STRENGTHENING",True,HOLD
2026-06-06 22:43 UTC,CASE_02173,2173,ZONE_CASE_02173_EP_2173,EXHAUSTED_ZONE,3,HEALTH_COLLAPSING,TERMINAL,-96.622529,HIGH,NEGATIVE,-0.540843,-4.168429,16.631571,11593.873811,3954.996058,3864.624604,57.329834,19.707264,2,0,1,0,18.782112,20.437033,331.174967,14.03,47.979373,30.987847,0.645858,-100.0,FAIL,HIGH,trajectory=TERMINAL; breakdown_count=1,True,FAIL
2026-06-06 22:43 UTC,CASE_02174,2174,ZONE_CASE_02174_EP_2174,EXHAUSTED_ZONE,4,HEALTH_COLLAPSING,TERMINAL,-98.545493,HIGH,NEGATIVE,-1.181831,-5.686874,15.113126,14178.152603,4206.035678,3544.538151,73.34756,20.626152,2,0,2,0,16.170211,77.276167,4734.923262,53.05,28.266612,43.39901,1.535345,-100.0,FAIL,HIGH,trajectory=TERMINAL; breakdown_count=2,True,FAIL
2026-06-06 22:43 UTC,CASE_02183,2183,ZONE_CASE_02183_EP_2183,EXHAUSTED_ZONE,4,HEALTH_COLLAPSING,TERMINAL,-98.841308,HIGH,NEGATIVE,-1.280436,-4.869131,15.930869,13528.347343,4458.410877,3382.086836,67.530373,24.024247,1,0,3,0,15.926172,407.136877,119484.067484,254.09,15.966254,49.81533,3.120039,-100.0,FAIL,HIGH,trajectory=TERMINAL; breakdown_count=3,True,FAIL
2026-06-06 22:43 UTC,CASE_02192,2192,ZONE_CASE_02192_EP_2192,FATIGUE_ZONE,5,HEALTH_STRENGTHENING,STRENGTHENING,80.538325,HIGH,POSITIVE,3.512775,17.142857,72.142857,19578.126744,4708.944726,3915.625349,100.496496,24.562055,0,5,0,0,12.493734,9.61763,34.102673,3.07,99.2302,27.638654,0.278531,82.538325,HOLD,HIGH,"trajectory=STRENGTHENING; growth=5, damage=0, breakdown=0; health_state=HEALTH_STRENGTHENING",True,HOLD
2026-06-06 22:43 UTC,CASE_02194,2194,ZONE_CASE_02194_EP_2194,EXHAUSTED_ZONE,2,HEALTH_COLLAPSING,TERMINAL,-94.031204,MEDIUM,NEGATIVE,0.322932,-5.034175,15.765825,7779.4918,3994.584953,3889.7459,43.360799,23.264142,1,0,1,0,19.177155,102.372,10617.921468,89.8,41.522755,28.099113,0.676716,-100.0,FAIL,MEDIUM,trajectory=TERMINAL; breakdown_count=1,True,FAIL
2026-06-06 22:43 UTC,CASE_02196,2196,ZONE_CASE_02196_EP_2196,EXHAUSTED_ZONE,3,HEALTH_STABLE,STABLE,10.0,HIGH,NEUTRAL,-0.246792,-1.058846,19.741154,9633.344539,3822.566333,3211.114846,61.85689,25.735196,2,0,0,1,21.72504,164.0498,21338.95819,112.62,44.954149,30.301982,0.674064,-5.0,UNCERTAIN,MEDIUM,trajectory=STABLE; mixed structural signals,True,UNCERTAIN
2026-06-06 22:43 UTC,CASE_02197,2197,ZONE_CASE_02197_EP_2197,EXHAUSTED_ZONE,2,UNKNOWN,DEGRADING,-39.656112,MEDIUM,NEGATIVE,1.781296,-2.754356,18.045644,6856.198845,3474.804876,3428.099423,41.997174,21.745535,1,0,0,1,19.335177,18.015457,332.093331,15.96,47.586507,31.200346,0.655655,-54.656112,FAIL,MEDIUM,trajectory=DEGRADING; breakdown_count=0,True,FAIL
2026-06-06 22:43 UTC,CASE_02207,2207,ZONE_CASE_02207_EP_2207,EXHAUSTED_ZONE,5,HEALTH_COLLAPSING,TERMINAL,-97.147706,HIGH,NEGATIVE,-0.715902,-2.903182,17.896818,18470.024859,5808.336155,3694.004972,69.737883,22.094181,3,0,2,0,15.798168,99.84576,6587.184232,57.12,28.15703,36.74133,1.304872,-100.0,FAIL,HIGH,trajectory=TERMINAL; breakdown_count=2,True,FAIL
2026-06-06 22:43 UTC,CASE_02217,2217,ZONE_CASE_02217_EP_2217,EXHAUSTED_ZONE,4,HEALTH_COLLAPSING,TERMINAL,-98.759231,HIGH,NEGATIVE,-1.253077,-4.219954,16.580046,19451.154632,6255.064926,4862.788658,83.547186,30.548417,3,0,1,0,19.888635,416.029827,124760.771846,259.64,31.294962,35.311278,1.128337,-100.0,FAIL,HIGH,trajectory=TERMINAL; breakdown_count=1,True,FAIL
2026-06-06 22:43 UTC,CASE_02219,2219,ZONE_CASE_02219_EP_2219,FATIGUE_ZONE,2,HEALTH_STRENGTHENING,STRENGTHENING,95.0,MEDIUM,POSITIVE,17.018182,20.290909,75.290909,5771.477441,3924.671082,2885.73872,38.979169,24.567839,0,2,0,0,9.591289,47.567648,770.817087,14.03,95.0405,24.477689,0.25755,97.0,HOLD,MEDIUM,"trajectory=STRENGTHENING; growth=2, damage=0, breakdown=0; health_state=HEALTH_STRENGTHENING",True,HOLD
2026-06-06 22:43 UTC,CASE_02227,2227,ZONE_CASE_02227_EP_2227,FATIGUE_ZONE,3,HEALTH_STRENGTHENING,STRENGTHENING,94.594057,HIGH,POSITIVE,8.198019,17.584158,74.384158,5147.942441,2530.311577,1715.980814,53.677601,25.988883,0,3,0,0,9.825712,520.718684,81547.217201,141.66,47.0045,24.519479,0.521641,89.594057,HOLD,HIGH,"trajectory=STRENGTHENING; growth=3, damage=0, breakdown=0; health_state=HEALTH_STRENGTHENING",True,HOLD
2026-06-06 22:43 UTC,CASE_02232,2232,ZONE_CASE_02232_EP_2232,FATIGUE_ZONE,2,HEALTH_STRENGTHENING,STRENGTHENING,80.867926,MEDIUM,POSITIVE,3.622642,20.603774,75.603774,3394.162605,1791.51742,1697.081302,44.157493,25.90153,0,2,0,0,9.501276,365.669333,36626.025464,86.72,61.5137,23.986171,0.389932,75.867926,HOLD,MEDIUM,"trajectory=STRENGTHENING; growth=2, damage=0, breakdown=0; health_state=HEALTH_STRENGTHENING",True,HOLD
2026-06-06 22:43 UTC,CASE_02233,2233,ZONE_CASE_02233_EP_2233,RECOVERED_ZONE,4,HEALTH_STRENGTHENING,STRENGTHENING,85.842115,HIGH,POSITIVE,5.280705,18.352941,103.352941,19548.060725,5454.421387,4887.015181,95.791477,28.591161,0,4,0,0,25.02918,89.537972,11547.160247,171.78,92.271896,26.321313,0.285258,92.842115,HOLD,HIGH,"trajectory=STRENGTHENING; growth=4, damage=0, breakdown=0; health_state=HEALTH_STRENGTHENING",True,HOLD
2026-06-06 22:43 UTC,CASE_02237,2237,ZONE_CASE_02237_EP_2237,FATIGUE_ZONE,4,HEALTH_STRENGTHENING,STRENGTHENING,87.769591,HIGH,POSITIVE,5.923197,20.830189,75.830189,11864.316758,3662.115093,2966.07919,88.891941,30.390405,0,4,0,0,13.805802,6.072,10.09895,1.44,99.5602,26.629304,0.267469,89.769591,HOLD,HIGH,"trajectory=STRENGTHENING; growth=4, damage=0, breakdown=0; health_state=HEALTH_STRENGTHENING",True,HOLD
2026-06-06 22:43 UTC,CASE_02246,2246,ZONE_CASE_02246_EP_2246,FATIGUE_ZONE,1,UNKNOWN,UNKNOWN,5.0,LOW,NEUTRAL,,7.821907,62.821907,3492.078537,3492.078537,3492.078537,19.949707,19.949707,0,1,0,0,13.701369,256.62136,18844.963909,63.58,81.2704,19.576908,0.240886,0.0,NO_PREDICTION,LOW,confidence=LOW; visit_count=1 — insufficient structural evidence,True,NO_PREDICTION
2026-06-06 22:43 UTC,CASE_02257,2257,ZONE_CASE_02257_EP_2257,FATIGUE_ZONE,3,HEALTH_STRENGTHENING,STRENGTHENING,78.05824,HIGH,POSITIVE,2.68608,18.380612,73.380612,10721.207919,3856.150507,3573.735973,65.007466,23.472384,0,3,0,0,12.273568,39.291056,512.353406,11.29,96.7987,24.109186,0.249065,80.05824,HOLD,HIGH,"trajectory=STRENGTHENING; growth=3, damage=0, breakdown=0; health_state=HEALTH_STRENGTHENING",True,HOLD
2026-06-06 22:43 UTC,CASE_02258,2258,ZONE_CASE_02258_EP_2258,FATIGUE_ZONE,3,HEALTH_STRENGTHENING,STRENGTHENING,77.010517,HIGH,POSITIVE,2.336839,15.950219,70.950219,12163.78018,4632.432957,4054.593393,68.156769,26.299136,0,3,0,0,11.899681,156.989311,8028.967128,44.28,86.8073,24.82555,0.285985,79.010517,HOLD,HIGH,"trajectory=STRENGTHENING; growth=3, damage=0, breakdown=0; health_state=HEALTH_STRENGTHENING",True,HOLD
2026-06-06 22:43 UTC,CASE_02262,2262,ZONE_CASE_02262_EP_2262,EXHAUSTED_ZONE,3,HEALTH_COLLAPSING,TERMINAL,-100.0,HIGH,NEGATIVE,-3.480588,-7.963344,13.336656,10523.481503,4814.516519,3507.827168,49.786505,22.537602,1,0,1,1,16.400413,57.513,3351.268132,50.45,31.652037,36.341012,1.148141,-100.0,FAIL,HIGH,trajectory=TERMINAL; breakdown_count=1,True,FAIL
2026-06-06 22:43 UTC,CASE_02263,2263,ZONE_CASE_02263_EP_2263,EXHAUSTED_ZONE,4,HEALTH_COLLAPSING,TERMINAL,-100.0,HIGH,NEGATIVE,-2.174871,-6.989045,13.810955,14509.994751,4828.420237,3627.498688,67.714026,22.537602,2,0,2,0,16.479034,231.42,54259.8903,203.0,17.624063,40.176843,2.279658,-100.0,FAIL,HIGH,trajectory=TERMINAL; breakdown_count=2,True,FAIL
2026-06-06 22:43 UTC,CASE_02273,2273,ZONE_CASE_02273_EP_2273,ELASTIC_ZONE,3,HEALTH_STRENGTHENING,STRENGTHENING,87.294118,HIGH,POSITIVE,5.764706,17.647059,79.727059,15296.155731,5604.187762,5098.718577,57.371497,20.665104,0,3,0,0,16.110229,736.341564,137949.856555,195.09,54.2935,25.333415,0.466601,87.294118,HOLD,HIGH,"trajectory=STRENGTHENING; growth=3, damage=0, breakdown=0; health_state=HEALTH_STRENGTHENING",True,HOLD
2026-06-06 22:43 UTC,CASE_02275,2275,ZONE_CASE_02275_EP_2275,ELASTIC_ZONE,4,HEALTH_STRENGTHENING,STRENGTHENING,85.690567,HIGH,POSITIVE,5.230189,19.471698,82.991698,20386.107849,5238.138825,5096.526962,79.254791,20.686343,0,4,0,0,16.859187,32.841524,349.54193,11.56,98.052,25.471216,0.259773,92.690567,HOLD,HIGH,"trajectory=STRENGTHENING; growth=4, damage=0, breakdown=0; health_state=HEALTH_STRENGTHENING",True,HOLD
2026-06-06 22:43 UTC,CASE_02276,2276,ZONE_CASE_02276_EP_2276,ELASTIC_ZONE,4,HEALTH_STRENGTHENING,STRENGTHENING,86.147572,HIGH,POSITIVE,5.382524,18.407767,80.007767,21843.857648,6120.973354,5460.964412,70.216477,19.128187,0,4,0,0,15.641918,40.899351,568.5656,14.28,97.3853,25.613721,0.263014,93.147572,HOLD,HIGH,"trajectory=STRENGTHENING; growth=4, damage=0, breakdown=0; health_state=HEALTH_STRENGTHENING",True,HOLD
2026-06-06 22:43 UTC,CASE_02278,2278,ZONE_CASE_02278_EP_2278,ELASTIC_ZONE,3,HEALTH_STRENGTHENING,STRENGTHENING,83.924527,HIGH,POSITIVE,4.641509,16.301887,77.901887,13654.98968,5245.871647,4551.663227,52.25525,20.234397,0,3,0,0,12.048791,226.91658,15116.412178,68.43,81.1669,25.649531,0.31601,78.924527,HOLD,HIGH,"trajectory=STRENGTHENING; growth=3, damage=0, breakdown=0; health_state=HEALTH_STRENGTHENING",True,HOLD
2026-06-06 22:43 UTC,CASE_02279,2279,ZONE_CASE_02279_EP_2279,EXHAUSTED_ZONE,4,HEALTH_COLLAPSING,TERMINAL,-98.273471,HIGH,NEGATIVE,-1.091157,-4.403281,17.716719,21586.974831,6751.643173,5396.743708,63.649885,19.136512,2,0,2,0,15.770561,61.832568,3056.714826,44.19,29.258134,39.343911,1.344717,-100.0,FAIL,HIGH,trajectory=TERMINAL; breakdown_count=2,True,FAIL
2026-06-06 22:43 UTC,CASE_02286,2286,ZONE_CASE_02286_EP_2286,ELASTIC_ZONE,3,HEALTH_STRENGTHENING,STRENGTHENING,88.0,HIGH,POSITIVE,6.0,19.846154,119.846154,20576.744653,7603.984724,6858.914884,66.877811,28.19466,0,3,0,0,20.363497,56.218141,1053.279759,20.95,97.2393,24.842267,0.255476,95.0,HOLD,HIGH,"trajectory=STRENGTHENING; growth=3, damage=0, breakdown=0; health_state=HEALTH_STRENGTHENING",True,HOLD
2026-06-06 22:43 UTC,CASE_02290,2290,ZONE_CASE_02290_EP_2290,ELASTIC_ZONE,3,HEALTH_STRENGTHENING,STRENGTHENING,95.0,HIGH,POSITIVE,8.792079,17.584158,117.584158,18470.999909,11076.306281,6156.99997,42.375005,24.117386,0,3,0,0,34.57343,213.478251,11494.971251,66.6,93.8254,26.164026,0.278859,100.0,HOLD,HIGH,"trajectory=STRENGTHENING; growth=3, damage=0, breakdown=0; health_state=HEALTH_STRENGTHENING",True,HOLD
2026-06-06 22:43 UTC,CASE_02294,2294,ZONE_CASE_02294_EP_2294,ELASTIC_ZONE,2,HEALTH_STRENGTHENING,STRENGTHENING,87.142858,MEDIUM,POSITIVE,5.714286,7.0,68.883137,9778.758325,5066.920587,4889.379162,38.682729,20.381672,0,2,0,0,15.294129,136.019988,4521.286204,34.42,91.1064,24.979807,0.274183,94.142858,HOLD,MEDIUM,"trajectory=STRENGTHENING; growth=2, damage=0, breakdown=0; health_state=HEALTH_STRENGTHENING",True,HOLD
2026-06-06 22:43 UTC,CASE_02299,2299,ZONE_CASE_02299_EP_2299,FATIGUE_ZONE,3,HEALTH_STRENGTHENING,STRENGTHENING,81.212734,HIGH,POSITIVE,3.737578,19.979711,74.979711,8395.442447,3082.96316,2798.480816,70.288748,29.314308,0,3,0,0,11.183155,6.254318,13.797338,1.91,99.4407,24.843295,0.24983,83.212734,HOLD,HIGH,"trajectory=STRENGTHENING; growth=3, damage=0, breakdown=0; health_state=HEALTH_STRENGTHENING",True,HOLD
2026-06-06 22:43 UTC,CASE_02302,2302,ZONE_CASE_02302_EP_2302,EXHAUSTED_ZONE,3,HEALTH_WEAKENING,DEGRADING,-50.781462,HIGH,NEGATIVE,-1.927154,-6.445337,14.354663,18247.075961,6612.910667,6082.358654,64.820485,26.299742,3,0,0,0,19.718364,133.51338,16418.520852,106.47,41.378386,33.868068,0.818497,-65.781462,FAIL,HIGH,trajectory=DEGRADING; breakdown_count=0,True,FAIL
2026-06-06 22:43 UTC,CASE_02303,2303,ZONE_CASE_02303_EP_2303,FATIGUE_ZONE,2,HEALTH_STRENGTHENING,STRENGTHENING,82.248475,MEDIUM,POSITIVE,4.082825,9.367229,64.367229,9442.227748,4909.072457,4721.113874,41.244839,23.885579,0,2,0,0,14.394365,792.446695,158351.889121,173.01,44.931893,26.463643,0.588972,77.248475,HOLD,MEDIUM,"trajectory=STRENGTHENING; growth=2, damage=0, breakdown=0; health_state=HEALTH_STRENGTHENING",True,HOLD
2026-06-06 22:43 UTC,CASE_02304,2304,ZONE_CASE_02304_EP_2304,FATIGUE_ZONE,3,HEALTH_STRENGTHENING,STRENGTHENING,94.628815,HIGH,POSITIVE,8.209605,20.604653,75.604653,14972.550086,5433.995546,4990.850029,59.68855,24.037873,0,3,0,0,14.482647,295.005632,41388.655907,121.47,79.6304,25.759478,0.323488,89.628815,HOLD,HIGH,"trajectory=STRENGTHENING; growth=3, damage=0, breakdown=0; health_state=HEALTH_STRENGTHENING",True,HOLD
2026-06-06 22:43 UTC,CASE_02305,2305,ZONE_CASE_02305_EP_2305,EXHAUSTED_ZONE,2,HEALTH_COLLAPSING,TERMINAL,-100.0,MEDIUM,NEGATIVE,-5.404148,-6.445531,14.354469,13724.535017,7140.028129,6862.267509,37.73757,20.66327,1,0,1,0,19.656949,379.68612,132780.374743,302.78,31.821024,36.462885,1.145874,-100.0,FAIL,MEDIUM,trajectory=TERMINAL; breakdown_count=1,True,FAIL
2026-06-06 22:43 UTC,CASE_02309,2309,ZONE_CASE_02309_EP_2309,FATIGUE_ZONE,3,HEALTH_STRENGTHENING,STRENGTHENING,95.0,HIGH,POSITIVE,8.348679,22.588235,77.588235,10658.542014,3745.9514,3552.847338,74.435544,27.126649,0,3,0,0,10.29242,81.364643,2503.524973,26.64,92.0947,26.064593,0.283019,97.0,HOLD,HIGH,"trajectory=STRENGTHENING; growth=3, damage=0, breakdown=0; health_state=HEALTH_STRENGTHENING",True,HOLD
2026-06-06 22:43 UTC,CASE_02311,2311,ZONE_CASE_02311_EP_2311,FATIGUE_ZONE,3,HEALTH_STRENGTHENING,STRENGTHENING,74.848897,HIGH,POSITIVE,1.616299,20.242308,75.242308,9550.614104,4670.46053,3183.538035,57.816099,26.239258,0,3,0,0,12.188634,357.326221,50305.439505,121.89,70.6837,27.339746,0.38679,69.848897,HOLD,HIGH,"trajectory=STRENGTHENING; growth=3, damage=0, breakdown=0; health_state=HEALTH_STRENGTHENING",True,HOLD
2026-06-06 22:43 UTC,CASE_02319,2319,ZONE_CASE_02319_EP_2319,FATIGUE_ZONE,3,HEALTH_STRENGTHENING,STRENGTHENING,85.460359,HIGH,POSITIVE,5.153453,20.737864,75.737864,7113.490959,2430.460259,2371.163653,60.882562,21.653485,0,3,0,0,11.478141,470.123923,69128.455516,127.31,59.0418,25.35018,0.42936,80.460359,HOLD,HIGH,"trajectory=STRENGTHENING; growth=3, damage=0, breakdown=0; health_state=HEALTH_STRENGTHENING",True,HOLD
2026-06-06 22:43 UTC,CASE_02321,2321,ZONE_CASE_02321_EP_2321,ELASTIC_ZONE,3,HEALTH_STRENGTHENING,STRENGTHENING,85.683166,HIGH,POSITIVE,5.227722,17.821782,72.821782,6750.37919,2268.176634,2250.126397,61.735873,22.27333,0,3,0,0,10.329195,651.808243,143874.969684,191.11,36.550588,25.367935,0.69405,80.683166,HOLD,HIGH,"trajectory=STRENGTHENING; growth=3, damage=0, breakdown=0; health_state=HEALTH_STRENGTHENING",True,HOLD
2026-06-06 22:43 UTC,CASE_02327,2327,ZONE_CASE_02327_EP_2327,EXHAUSTED_ZONE,2,HEALTH_COLLAPSING,TERMINAL,-98.446412,MEDIUM,NEGATIVE,-1.148804,-2.330545,18.469455,10322.21613,5357.866481,5161.108065,52.34036,30.01227,1,0,1,0,17.950177,302.296207,65871.038787,188.66,19.828247,42.60365,2.148634,-100.0,FAIL,MEDIUM,trajectory=TERMINAL; breakdown_count=1,True,FAIL
2026-06-06 22:43 UTC,CASE_02337,2337,ZONE_CASE_02337_EP_2337,RIGID_ZONE,1,UNKNOWN,DEGRADING,-45.0,LOW,NEGATIVE,,-0.717013,76.202987,6680.523308,6680.523308,6680.523308,25.912725,25.912725,1,0,0,0,14.916906,,0.0,0.0,66.9873,12.81746,0.191342,0.0,NO_PREDICTION,LOW,confidence=LOW; visit_count=1 — insufficient structural evidence,True,NO_PREDICTION
2026-06-06 22:43 UTC,CASE_02350,2350,ZONE_CASE_02350_EP_2350,ELASTIC_ZONE,2,HEALTH_STRENGTHENING,STRENGTHENING,95.0,MEDIUM,POSITIVE,13.514563,16.31068,71.31068,4522.459671,2473.332244,2261.229836,44.034849,24.27032,0,2,0,0,12.281044,612.979327,122170.948131,172.56,49.203438,23.637527,0.480404,90.0,HOLD,MEDIUM,"trajectory=STRENGTHENING; growth=2, damage=0, breakdown=0; health_state=HEALTH_STRENGTHENING",True,HOLD
2026-06-06 22:43 UTC,CASE_02351,2351,ZONE_CASE_02351_EP_2351,RECOVERED_ZONE,3,HEALTH_STRENGTHENING,STRENGTHENING,87.023848,HIGH,POSITIVE,5.674616,12.996292,98.356292,14879.511065,5520.549073,4959.837022,56.396858,21.810176,0,3,0,0,28.953987,94.6266,9659.044175,137.14,96.7318,25.130277,0.259793,94.023848,HOLD,HIGH,"trajectory=STRENGTHENING; growth=3, damage=0, breakdown=0; health_state=HEALTH_STRENGTHENING",True,HOLD
2026-06-06 22:43 UTC,CASE_02352,2352,ZONE_CASE_02352_EP_2352,FATIGUE_ZONE,3,HEALTH_STRENGTHENING,STRENGTHENING,95.0,HIGH,POSITIVE,8.943396,21.735849,76.735849,6093.676677,2341.490222,2031.225559,75.740348,32.585353,0,3,0,0,10.96329,102.224757,3056.821797,25.89,90.6757,25.360207,0.27968,97.0,HOLD,HIGH,"trajectory=STRENGTHENING; growth=3, damage=0, breakdown=0; health_state=HEALTH_STRENGTHENING",True,HOLD
2026-06-06 22:43 UTC,CASE_02366,2366,ZONE_CASE_02366_EP_2366,ELASTIC_ZONE,2,HEALTH_STRENGTHENING,STRENGTHENING,92.099011,MEDIUM,POSITIVE,7.366337,15.445545,76.565545,4571.313917,2286.666881,2285.656958,41.5125,21.832067,0,2,0,0,11.592502,120.496131,5706.889558,48.0,89.6057,23.45754,0.261786,94.099011,HOLD,MEDIUM,"trajectory=STRENGTHENING; growth=2, damage=0, breakdown=0; health_state=HEALTH_STRENGTHENING",True,HOLD
2026-06-06 22:43 UTC,CASE_02372,2372,ZONE_CASE_02372_EP_2372,ELASTIC_ZONE,2,HEALTH_STRENGTHENING,STRENGTHENING,76.230769,MEDIUM,POSITIVE,2.076923,4.384615,66.464615,5512.340143,3270.093385,2756.170072,36.239484,20.464909,0,2,0,0,16.038553,406.6975,37668.702712,96.45,74.6425,23.821785,0.319145,76.230769,HOLD,MEDIUM,"trajectory=STRENGTHENING; growth=2, damage=0, breakdown=0; health_state=HEALTH_STRENGTHENING",True,HOLD
2026-06-06 22:43 UTC,CASE_02373,2373,ZONE_CASE_02373_EP_2373,EXHAUSTED_ZONE,1,UNKNOWN,DEGRADING,-45.0,LOW,NEGATIVE,,-2.290718,20.449282,3843.902091,3843.902091,3843.902091,25.815511,25.815511,1,0,0,0,16.215338,156.865871,25188.420994,143.96,26.885103,31.890474,1.186176,0.0,NO_PREDICTION,LOW,confidence=LOW; visit_count=1 — insufficient structural evidence,True,NO_PREDICTION
2026-06-06 22:43 UTC,CASE_02375,2375,ZONE_CASE_02375_EP_2375,FATIGUE_ZONE,4,HEALTH_STRENGTHENING,STRENGTHENING,82.461538,HIGH,POSITIVE,4.153846,16.846154,77.486154,11603.676063,3080.055504,2900.919016,90.580231,24.881239,0,4,0,0,14.436299,711.436,120021.478572,168.72,50.7189,26.782341,0.528054,77.461538,HOLD,HIGH,"trajectory=STRENGTHENING; growth=4, damage=0, breakdown=0; health_state=HEALTH_STRENGTHENING",True,HOLD
2026-06-06 22:43 UTC,CASE_02395,2395,ZONE_CASE_02395_EP_2395,RECOVERED_ZONE,3,HEALTH_STRENGTHENING,STRENGTHENING,76.990291,HIGH,POSITIVE,2.330097,14.912621,108.912621,29921.747442,11270.780858,9973.915814,64.574827,24.783684,0,3,0,0,29.8283,86.0868,6746.182935,132.85,97.1139,24.185623,0.249044,83.990291,HOLD,HIGH,"trajectory=STRENGTHENING; growth=3, damage=0, breakdown=0; health_state=HEALTH_STRENGTHENING",True,HOLD
2026-06-06 22:43 UTC,CASE_02396,2396,ZONE_CASE_02396_EP_2396,RECOVERED_ZONE,4,HEALTH_STRENGTHENING,STRENGTHENING,78.528154,HIGH,POSITIVE,2.842718,17.475728,111.955728,37138.593137,11460.515954,9284.648284,74.00657,22.433517,0,4,0,0,35.361272,160.4097,25180.908539,270.05,95.4637,26.129136,0.273708,85.528154,HOLD,HIGH,"trajectory=STRENGTHENING; growth=4, damage=0, breakdown=0; health_state=HEALTH_STRENGTHENING",True,HOLD
2026-06-06 22:43 UTC,CASE_02397,2397,ZONE_CASE_02397_EP_2397,EXHAUSTED_ZONE,4,HEALTH_WEAKENING,DEGRADING,-47.27034,HIGH,NEGATIVE,-0.75678,-4.687964,16.112036,18596.916853,5380.648245,4649.229213,72.804976,20.93766,3,0,0,1,19.012681,232.7424,49892.522803,185.6,35.985151,33.80602,0.939444,-62.27034,FAIL,HIGH,trajectory=DEGRADING; breakdown_count=0,True,FAIL
2026-06-06 22:43 UTC,CASE_02398,2398,ZONE_CASE_02398_EP_2398,ELASTIC_ZONE,5,HEALTH_STRENGTHENING,STRENGTHENING,82.776472,HIGH,POSITIVE,4.258824,20.941176,81.341176,17882.166189,4725.171104,3576.433238,116.403155,37.58925,0,5,0,0,13.189662,746.388333,146273.912588,194.71,43.4111,28.059024,0.646356,77.776472,HOLD,HIGH,"trajectory=STRENGTHENING; growth=5, damage=0, breakdown=0; health_state=HEALTH_STRENGTHENING",True,HOLD
2026-06-06 22:43 UTC,CASE_02399,2399,ZONE_CASE_02399_EP_2399,FATIGUE_ZONE,6,HEALTH_STRENGTHENING,STRENGTHENING,81.717646,HIGH,POSITIVE,3.905882,22.117647,80.357647,20872.697572,5681.246176,3478.782929,113.965632,34.203784,0,6,0,0,13.256293,130.579968,4981.437875,35.79,90.1496,29.441632,0.326586,76.717646,HOLD,HIGH,"trajectory=STRENGTHENING; growth=6, damage=0, breakdown=0; health_state=HEALTH_STRENGTHENING",True,HOLD
2026-06-06 22:43 UTC,CASE_02403,2403,ZONE_CASE_02403_EP_2403,RECOVERED_ZONE,4,HEALTH_STRENGTHENING,STRENGTHENING,82.184614,HIGH,POSITIVE,4.061538,16.846154,111.686154,44929.027535,15934.251979,11232.256884,98.71172,37.886551,0,4,0,0,35.05366,52.805839,2067.848309,68.12,98.4936,26.918869,0.273306,89.184614,HOLD,HIGH,"trajectory=STRENGTHENING; growth=4, damage=0, breakdown=0; health_state=HEALTH_STRENGTHENING",True,HOLD
2026-06-06 22:43 UTC,CASE_02406,2406,ZONE_CASE_02406_EP_2406,FATIGUE_ZONE,4,HEALTH_STRENGTHENING,STRENGTHENING,78.108739,HIGH,POSITIVE,2.702913,12.582524,73.222524,15533.732635,5396.832067,3883.433159,82.990972,25.801225,0,4,0,0,16.670426,107.767711,3622.788129,33.62,93.5354,26.08698,0.2789,85.108739,HOLD,HIGH,"trajectory=STRENGTHENING; growth=4, damage=0, breakdown=0; health_state=HEALTH_STRENGTHENING",True,HOLD
2026-06-06 22:43 UTC,CASE_02411,2411,ZONE_CASE_02411_EP_2411,RECOVERED_ZONE,2,HEALTH_STRENGTHENING,STRENGTHENING,92.81188,MEDIUM,POSITIVE,7.60396,17.584158,114.464158,25781.596876,13293.969916,12890.798438,45.875422,25.647776,0,2,0,0,40.301382,109.246963,11310.704985,192.3,97.2893,24.002863,0.246716,100.0,HOLD,MEDIUM,"trajectory=STRENGTHENING; growth=2, damage=0, breakdown=0; health_state=HEALTH_STRENGTHENING",True,HOLD
2026-06-06 22:43 UTC,CASE_02414,2414,ZONE_CASE_02414_EP_2414,EXHAUSTED_ZONE,2,HEALTH_WEAKENING,DEGRADING,-53.650605,MEDIUM,NEGATIVE,-2.883535,-4.101208,18.498792,10162.948661,5129.863538,5081.47433,39.703222,20.974882,2,0,0,0,19.609552,103.25436,9398.921205,82.34,44.814762,31.068658,0.693268,-68.650605,FAIL,MEDIUM,trajectory=DEGRADING; breakdown_count=0,True,FAIL
2026-06-06 22:43 UTC,CASE_02415,2415,ZONE_CASE_02415_EP_2415,EXHAUSTED_ZONE,2,HEALTH_WEAKENING,DEGRADING,-53.172546,MEDIUM,NEGATIVE,-2.724182,-3.778134,18.821866,10226.320354,5161.851014,5113.160177,39.703222,20.974882,2,0,0,0,19.731829,27.216505,656.215927,21.81,48.460279,31.574905,0.651563,-68.172546,FAIL,MEDIUM,trajectory=DEGRADING; breakdown_count=0,True,FAIL
2026-06-06 22:43 UTC,CASE_02417,2417,ZONE_CASE_02417_EP_2417,RECOVERED_ZONE,2,HEALTH_STRENGTHENING,STRENGTHENING,85.683169,MEDIUM,POSITIVE,5.227723,6.891089,106.331089,11025.15125,7342.328132,5512.575625,30.885768,19.737527,0,2,0,0,28.917975,2.601384,6.958444,4.33,99.91,24.148683,0.241704,92.683169,HOLD,MEDIUM,"trajectory=STRENGTHENING; growth=2, damage=0, breakdown=0; health_state=HEALTH_STRENGTHENING",True,HOLD
2026-06-06 22:43 UTC,CASE_02419,2419,ZONE_CASE_02419_EP_2419,ELASTIC_ZONE,5,HEALTH_STRENGTHENING,STRENGTHENING,81.787612,HIGH,POSITIVE,3.929204,16.99115,79.07115,21388.622623,5987.128338,4277.724525,93.767728,28.698686,0,5,0,0,16.037279,78.245974,1403.607893,18.68,95.121,27.602931,0.290188,88.787612,HOLD,HIGH,"trajectory=STRENGTHENING; growth=5, damage=0, breakdown=0; health_state=HEALTH_STRENGTHENING",True,HOLD
2026-06-06 22:43 UTC,CASE_02420,2420,ZONE_CASE_02420_EP_2420,EXHAUSTED_ZONE,4,HEALTH_COLLAPSING,TERMINAL,-100.0,HIGH,NEGATIVE,-1.674726,-4.394069,19.785931,18390.161408,8483.538734,4597.540352,77.077139,36.966961,2,0,2,0,17.847985,227.258551,45948.463758,187.94,28.795832,42.308279,1.46925,-100.0,FAIL,HIGH,trajectory=TERMINAL; breakdown_count=2,True,FAIL
2026-06-06 22:43 UTC,CASE_02423,2423,ZONE_CASE_02423_EP_2423,EXHAUSTED_ZONE,4,HEALTH_COLLAPSING,TERMINAL,-96.856259,HIGH,NEGATIVE,-0.618753,-2.97279,20.46092,17139.8901,4983.998162,4284.972525,97.028927,29.286546,2,0,2,0,18.303001,300.8308,67257.634911,206.52,23.698939,49.06207,2.070222,-100.0,FAIL,HIGH,trajectory=TERMINAL; breakdown_count=2,True,FAIL
2026-06-06 22:43 UTC,CASE_02424,2424,ZONE_CASE_02424_EP_2424,RECOVERED_ZONE,4,HEALTH_STRENGTHENING,STRENGTHENING,83.482354,HIGH,POSITIVE,4.494118,19.058824,114.908276,38762.699414,11296.989813,9690.674854,102.202315,34.046839,0,4,0,0,41.068665,103.612994,12260.996793,212.52,97.4771,27.99172,0.287162,98.482354,HOLD,HIGH,"trajectory=STRENGTHENING; growth=4, damage=0, breakdown=0; health_state=HEALTH_STRENGTHENING",True,HOLD
2026-06-06 22:43 UTC,CASE_02429,2429,ZONE_CASE_02429_EP_2429,EXHAUSTED_ZONE,4,HEALTH_COLLAPSING,TERMINAL,-98.916215,HIGH,NEGATIVE,-1.305405,-3.496442,19.583558,13692.041081,5330.299211,3423.01027,78.155044,33.485111,2,0,1,0,20.555756,3.382361,10.123075,2.74,49.44449,36.420132,0.736586,-100.0,FAIL,HIGH,trajectory=TERMINAL; breakdown_count=1,True,FAIL
2026-06-06 22:43 UTC,CASE_02452,2452,ZONE_CASE_02452_EP_2452,EXHAUSTED_ZONE,5,HEALTH_WEAKENING,DEGRADING,-49.19109,HIGH,NEGATIVE,-1.39703,-5.356811,17.723189,29145.006537,6664.387774,5829.001307,102.954934,27.420122,4,0,0,1,23.677423,201.573395,39271.058549,178.36,45.905021,30.500787,0.664432,-64.19109,FAIL,HIGH,trajectory=DEGRADING; breakdown_count=0,True,FAIL
2026-06-06 22:43 UTC,CASE_02454,2454,ZONE_CASE_02454_EP_2454,ELASTIC_ZONE,3,HEALTH_STRENGTHENING,STRENGTHENING,88.352941,HIGH,POSITIVE,6.117647,18.117647,82.117647,12214.835723,4388.331168,4071.611908,67.37213,25.247495,0,3,0,0,17.844256,296.431164,19780.399516,73.53,83.3879,23.833526,0.285815,95.352941,HOLD,HIGH,"trajectory=STRENGTHENING; growth=3, damage=0, breakdown=0; health_state=HEALTH_STRENGTHENING",True,HOLD
2026-06-06 22:43 UTC,CASE_02456,2456,ZONE_CASE_02456_EP_2456,ELASTIC_ZONE,2,HEALTH_STRENGTHENING,STRENGTHENING,95.0,MEDIUM,POSITIVE,15.771429,18.971429,115.931429,27364.842619,16269.338441,13682.421309,45.438031,28.080613,0,2,0,0,56.031416,,0.0,0.0,100.0,24.32928,0.243293,100.0,HOLD,MEDIUM,"trajectory=STRENGTHENING; growth=2, damage=0, breakdown=0; health_state=HEALTH_STRENGTHENING",True,HOLD
2026-06-06 22:43 UTC,CASE_02461,2461,ZONE_CASE_02461_EP_2461,ELASTIC_ZONE,5,HEALTH_STRENGTHENING,STRENGTHENING,84.053848,HIGH,POSITIVE,4.684616,20.769231,84.769231,14636.113593,3658.722793,2927.222719,97.310143,25.300427,0,5,0,0,17.446962,111.879152,4088.626407,40.27,93.5875,26.67569,0.285035,91.053848,HOLD,HIGH,"trajectory=STRENGTHENING; growth=5, damage=0, breakdown=0; health_state=HEALTH_STRENGTHENING",True,HOLD
2026-06-06 22:43 UTC,CASE_02463,2463,ZONE_CASE_02463_EP_2463,ELASTIC_ZONE,4,HEALTH_STRENGTHENING,STRENGTHENING,80.003539,HIGH,POSITIVE,3.334513,16.99115,80.51115,13278.974659,4272.671297,3319.743665,78.349988,26.891104,0,4,0,0,18.199961,69.696871,1106.289233,17.24,96.1705,25.635627,0.266564,87.003539,HOLD,HIGH,"trajectory=STRENGTHENING; growth=4, damage=0, breakdown=0; health_state=HEALTH_STRENGTHENING",True,HOLD
2026-06-06 22:43 UTC,CASE_02470,2470,ZONE_CASE_02470_EP_2470,FATIGUE_ZONE,4,HEALTH_STRENGTHENING,STRENGTHENING,82.323076,HIGH,POSITIVE,4.107692,19.384615,78.179022,7981.66685,2066.13899,1995.416712,84.9908,21.670236,0,4,0,0,10.584663,10.351659,35.890833,3.3,99.022,25.599878,0.258527,84.323076,HOLD,HIGH,"trajectory=STRENGTHENING; growth=4, damage=0, breakdown=0; health_state=HEALTH_STRENGTHENING",True,HOLD
2026-06-06 22:43 UTC,CASE_02472,2472,ZONE_CASE_02472_EP_2472,EXHAUSTED_ZONE,4,HEALTH_COLLAPSING,TERMINAL,-100.0,HIGH,NEGATIVE,-1.916894,-7.135833,13.664167,15208.528985,4633.015552,3802.132246,84.446686,28.302968,2,0,2,0,15.79737,22.17072,452.734971,17.68,30.990785,36.710949,1.184576,-100.0,FAIL,HIGH,trajectory=TERMINAL; breakdown_count=2,True,FAIL
2026-06-06 22:43 UTC,CASE_02474,2474,ZONE_CASE_02474_EP_2474,EXHAUSTED_ZONE,3,HEALTH_COLLAPSING,TERMINAL,-100.0,HIGH,NEGATIVE,-2.351791,-5.559325,15.240675,13500.358659,4910.663564,4500.119553,64.15532,25.449467,2,0,1,0,15.882085,127.43148,14956.772982,101.62,25.701481,38.199281,1.486268,-100.0,FAIL,HIGH,trajectory=TERMINAL; breakdown_count=1,True,FAIL
2026-06-06 22:43 UTC,CASE_02476,2476,ZONE_CASE_02476_EP_2476,FATIGUE_ZONE,4,HEALTH_STRENGTHENING,STRENGTHENING,87.197092,HIGH,POSITIVE,5.732364,21.902913,105.902913,10304.468757,3767.235707,2576.117189,73.338232,27.860491,0,4,0,0,13.949877,0.0,0.0,0.0,100.0,25.119606,0.251196,89.197092,HOLD,HIGH,"trajectory=STRENGTHENING; growth=4, damage=0, breakdown=0; health_state=HEALTH_STRENGTHENING",True,HOLD
2026-06-06 22:43 UTC,CASE_02481,2481,ZONE_CASE_02481_EP_2481,FATIGUE_ZONE,4,HEALTH_STRENGTHENING,STRENGTHENING,76.876852,HIGH,POSITIVE,2.292284,13.358365,68.358365,9390.3015,3006.523989,2347.575375,90.846868,28.515961,0,4,0,0,9.706412,451.359102,61322.843699,117.63,53.4989,25.927974,0.484645,71.876852,HOLD,HIGH,"trajectory=STRENGTHENING; growth=4, damage=0, breakdown=0; health_state=HEALTH_STRENGTHENING",True,HOLD
2026-06-06 22:43 UTC,CASE_02483,2483,ZONE_CASE_02483_EP_2483,EXHAUSTED_ZONE,3,HEALTH_WEAKENING,DEGRADING,-50.271051,HIGH,NEGATIVE,-1.757017,-4.524879,16.275121,16221.916249,5806.75174,5407.305416,67.426972,28.515961,3,0,0,0,19.252159,6.95704,31.980817,3.98,47.521295,29.154479,0.613503,-65.271051,FAIL,HIGH,trajectory=DEGRADING; breakdown_count=0,True,FAIL
2026-06-06 22:43 UTC,CASE_02485,2485,ZONE_CASE_02485_EP_2485,EXHAUSTED_ZONE,2,HEALTH_WEAKENING,DEGRADING,-50.078454,MEDIUM,NEGATIVE,-1.692818,-2.047079,18.752921,11109.54208,7447.63214,5554.77104,38.095687,27.790337,2,0,0,0,21.097952,39.672086,1282.995261,28.0,30.885833,38.747241,1.254531,-77.078454,FAIL,MEDIUM,trajectory=DEGRADING; breakdown_count=0,True,FAIL
2026-06-06 22:43 UTC,CASE_02486,2486,ZONE_CASE_02486_EP_2486,EXHAUSTED_ZONE,3,HEALTH_WEAKENING,DEGRADING,-46.625097,HIGH,NEGATIVE,-0.541699,-1.106632,19.693368,7845.726879,3688.141956,2615.242293,36.729536,22.451182,2,0,0,1,21.58877,100.11984,8093.53268,69.99,28.66115,40.622607,1.41734,-73.625097,FAIL,HIGH,trajectory=DEGRADING; breakdown_count=0,True,FAIL
2026-06-06 22:43 UTC,CASE_02494,2494,ZONE_CASE_02494_EP_2494,FATIGUE_ZONE,1,UNKNOWN,UNKNOWN,5.0,LOW,NEUTRAL,,19.733598,74.733598,2964.765134,2964.765134,2964.765134,24.39898,24.39898,0,1,0,0,10.809621,44.671793,694.481096,13.46,95.8674,20.074849,0.209402,0.0,NO_PREDICTION,LOW,confidence=LOW; visit_count=1 — insufficient structural evidence,True,NO_PREDICTION
2026-06-06 22:43 UTC,CASE_02509,2509,ZONE_CASE_02509_EP_2509,FATIGUE_ZONE,5,HEALTH_STRENGTHENING,STRENGTHENING,83.342359,HIGH,POSITIVE,4.447453,19.777778,74.777778,14234.983993,3428.046694,2846.996799,93.814623,22.213944,0,5,0,0,11.296257,34.366525,341.759626,8.61,96.9577,26.227514,0.270505,85.342359,HOLD,HIGH,"trajectory=STRENGTHENING; growth=5, damage=0, breakdown=0; health_state=HEALTH_STRENGTHENING",True,HOLD
2026-06-06 22:43 UTC,CASE_02521,2521,ZONE_CASE_02521_EP_2521,EXHAUSTED_ZONE,4,HEALTH_COLLAPSING,TERMINAL,-98.085116,HIGH,NEGATIVE,-1.028372,-4.110082,17.189918,17453.922587,5536.856278,4363.480647,73.801989,24.572465,3,0,1,0,16.02606,24.043667,462.933158,16.67,32.927475,35.969364,1.092381,-100.0,FAIL,HIGH,trajectory=TERMINAL; breakdown_count=1,True,FAIL
2026-06-06 22:43 UTC,CASE_02522,2522,ZONE_CASE_02522_EP_2522,EXHAUSTED_ZONE,4,HEALTH_COLLAPSING,TERMINAL,-98.734226,HIGH,NEGATIVE,-1.244742,-4.318821,16.481179,19255.705532,6966.017422,4813.926383,72.442333,25.199464,3,0,1,0,16.241323,2.11508,3.224651,1.32,30.025855,37.660645,1.254274,-100.0,FAIL,HIGH,trajectory=TERMINAL; breakdown_count=1,True,FAIL
2026-06-06 22:43 UTC,CASE_02523,2523,ZONE_CASE_02523_EP_2523,FATIGUE_ZONE,3,HEALTH_STRENGTHENING,STRENGTHENING,80.262535,HIGH,POSITIVE,3.420845,12.679528,67.679528,11592.648196,4511.599385,3864.216065,73.716626,28.393832,0,3,0,0,9.70172,25.341141,218.054183,7.45,97.388,24.750087,0.254139,82.262535,HOLD,HIGH,"trajectory=STRENGTHENING; growth=3, damage=0, breakdown=0; health_state=HEALTH_STRENGTHENING",True,HOLD
2026-06-06 22:43 UTC,CASE_02524,2524,ZONE_CASE_02524_EP_2524,ELASTIC_ZONE,3,HEALTH_STRENGTHENING,STRENGTHENING,83.544553,HIGH,POSITIVE,4.514851,10.930693,65.930693,10697.440977,5252.106076,3565.813659,57.34,22.882778,0,3,0,0,14.340466,908.131533,319083.41117,304.21,36.370606,25.295233,0.695486,78.544553,HOLD,HIGH,"trajectory=STRENGTHENING; growth=3, damage=0, breakdown=0; health_state=HEALTH_STRENGTHENING",True,HOLD
2026-06-06 22:43 UTC,CASE_02526,2526,ZONE_CASE_02526_EP_2526,EXHAUSTED_ZONE,2,HEALTH_COLLAPSING,TERMINAL,-100.0,MEDIUM,NEGATIVE,-6.348289,-7.095137,13.704863,10760.236132,7283.032361,5380.118066,39.443454,25.49313,1,0,1,0,17.208253,31.711633,797.368399,21.77,29.532007,38.46641,1.302533,-100.0,FAIL,MEDIUM,trajectory=TERMINAL; breakdown_count=1,True,FAIL
2026-06-06 22:43 UTC,CASE_02536,2536,ZONE_CASE_02536_EP_2536,EXHAUSTED_ZONE,3,HEALTH_WEAKENING,DEGRADING,-52.004586,HIGH,NEGATIVE,-2.334862,-5.536551,15.263449,9081.356805,3164.152476,3027.118935,55.027806,19.011614,3,0,0,0,21.620973,174.741733,24211.131126,119.96,42.25549,27.182004,0.643277,-67.004586,FAIL,HIGH,trajectory=DEGRADING; breakdown_count=0,True,FAIL
2026-06-06 22:43 UTC,CASE_02539,2539,ZONE_CASE_02539_EP_2539,FATIGUE_ZONE,4,HEALTH_STRENGTHENING,STRENGTHENING,84.450451,HIGH,POSITIVE,4.816817,14.759144,69.759144,5841.33684,2650.741781,1460.33421,68.587424,26.566001,0,4,0,0,13.654433,73.37,1474.51689,17.4,94.6267,26.061579,0.275415,86.450451,HOLD,HIGH,"trajectory=STRENGTHENING; growth=4, damage=0, breakdown=0; health_state=HEALTH_STRENGTHENING",True,HOLD
2026-06-06 22:43 UTC,CASE_02559,2559,ZONE_CASE_02559_EP_2559,RECOVERED_ZONE,5,HEALTH_STRENGTHENING,STRENGTHENING,83.737909,HIGH,POSITIVE,4.579303,19.722772,111.722772,22167.272463,5785.442272,4433.454493,97.721434,26.233852,0,5,0,0,28.450312,12.709659,206.674879,21.66,99.5533,27.0816,0.272031,90.737909,HOLD,HIGH,"trajectory=STRENGTHENING; growth=5, damage=0, breakdown=0; health_state=HEALTH_STRENGTHENING",True,HOLD
2026-06-06 22:43 UTC,CASE_02560,2560,ZONE_CASE_02560_EP_2560,EXHAUSTED_ZONE,5,HEALTH_COLLAPSING,TERMINAL,-96.027236,HIGH,NEGATIVE,-0.342412,-4.061172,16.738828,18392.705013,5037.371175,3678.541003,97.031271,28.237718,3,0,1,1,19.218671,77.4972,6084.839903,67.98,44.825794,34.796217,0.776254,-100.0,FAIL,HIGH,trajectory=TERMINAL; breakdown_count=1,True,FAIL
2026-06-06 22:43 UTC,CASE_02561,2561,ZONE_CASE_02561_EP_2561,RECOVERED_ZONE,5,HEALTH_STRENGTHENING,STRENGTHENING,79.271818,HIGH,POSITIVE,3.090606,16.145455,108.145455,25019.50015,7010.605363,5003.90003,104.204123,31.518174,0,5,0,0,25.601665,11.897658,144.343815,16.16,99.5353,27.557185,0.276858,86.271818,HOLD,HIGH,"trajectory=STRENGTHENING; growth=5, damage=0, breakdown=0; health_state=HEALTH_STRENGTHENING",True,HOLD
2026-06-06 22:43 UTC,CASE_02563,2563,ZONE_CASE_02563_EP_2563,FATIGUE_ZONE,5,HEALTH_STRENGTHENING,STRENGTHENING,76.873477,HIGH,POSITIVE,2.291159,9.616531,64.616531,14472.606798,4998.220392,2894.52136,83.199137,28.965741,0,5,0,0,14.246817,204.463157,10556.126101,44.7,85.6485,28.186434,0.329094,71.873477,HOLD,HIGH,"trajectory=STRENGTHENING; growth=5, damage=0, breakdown=0; health_state=HEALTH_STRENGTHENING",True,HOLD
2026-06-06 22:43 UTC,CASE_02565,2565,ZONE_CASE_02565_EP_2565,EXHAUSTED_ZONE,4,HEALTH_COLLAPSING,TERMINAL,-96.080168,HIGH,NEGATIVE,-0.360056,-1.505645,19.294355,22861.448292,10518.510069,5715.362073,68.350693,29.574692,1,0,3,0,18.546245,56.2419,2280.074747,35.1,28.223419,47.974281,1.699804,-100.0,FAIL,HIGH,trajectory=TERMINAL; breakdown_count=3,True,FAIL
2026-06-06 22:43 UTC,CASE_02566,2566,ZONE_CASE_02566_EP_2566,RECOVERED_ZONE,1,UNKNOWN,UNKNOWN,5.0,LOW,NEUTRAL,,5.332986,90.332986,5403.33043,5403.33043,5403.33043,19.346085,19.346085,0,1,0,0,29.45491,91.6812,11685.899828,169.78,94.691408,20.463568,0.216108,0.0,NO_PREDICTION,LOW,confidence=LOW; visit_count=1 — insufficient structural evidence,True,NO_PREDICTION
2026-06-06 22:43 UTC,CASE_02572,2572,ZONE_CASE_02572_EP_2572,EXHAUSTED_ZONE,3,HEALTH_COLLAPSING,TERMINAL,-99.584888,HIGH,NEGATIVE,-1.528296,-4.334646,16.465354,11278.406945,4285.261245,3759.468982,52.192869,19.100391,1,0,2,0,16.036565,294.0972,87631.230983,257.98,15.225019,35.37377,2.323397,-100.0,FAIL,HIGH,trajectory=TERMINAL; breakdown_count=2,True,FAIL
2026-06-06 22:43 UTC,CASE_02574,2574,ZONE_CASE_02574_EP_2574,FATIGUE_ZONE,2,HEALTH_STRENGTHENING,STRENGTHENING,77.046175,MEDIUM,POSITIVE,2.348725,7.366337,62.366337,4375.295074,2214.191558,2187.647537,32.753146,16.970583,0,2,0,0,11.94282,80.611591,2594.875023,27.87,93.2502,24.361381,0.261247,79.046175,HOLD,MEDIUM,"trajectory=STRENGTHENING; growth=2, damage=0, breakdown=0; health_state=HEALTH_STRENGTHENING",True,HOLD
2026-06-06 22:43 UTC,CASE_02576,2576,ZONE_CASE_02576_EP_2576,FATIGUE_ZONE,2,HEALTH_STRENGTHENING,STRENGTHENING,76.013401,MEDIUM,POSITIVE,2.004467,3.302752,58.302752,3048.819251,1695.898327,1524.409625,27.999022,14.215524,0,2,0,0,9.452654,389.715846,50620.697868,112.46,58.7718,25.777669,0.438606,71.013401,HOLD,MEDIUM,"trajectory=STRENGTHENING; growth=2, damage=0, breakdown=0; health_state=HEALTH_STRENGTHENING",True,HOLD
2026-06-06 22:43 UTC,CASE_02588,2588,ZONE_CASE_02588_EP_2588,RECOVERED_ZONE,3,HEALTH_STRENGTHENING,STRENGTHENING,77.058823,HIGH,POSITIVE,2.352941,21.176471,113.176471,18665.707944,6592.349039,6221.902648,60.921455,21.782658,0,3,0,0,25.588333,7.74954,80.986103,13.92,99.6971,24.688629,0.247636,84.058823,HOLD,HIGH,"trajectory=STRENGTHENING; growth=3, damage=0, breakdown=0; health_state=HEALTH_STRENGTHENING",True,HOLD
2026-06-06 22:43 UTC,CASE_02594,2594,ZONE_CASE_02594_EP_2594,FATIGUE_ZONE,3,HEALTH_STRENGTHENING,STRENGTHENING,92.456068,HIGH,POSITIVE,7.485356,18.698867,73.698867,6163.368996,3423.602945,2054.456332,49.352664,25.30463,0,3,0,0,9.602386,992.151971,345659.992215,301.64,0.0,25.290127,,87.456068,HOLD,HIGH,"trajectory=STRENGTHENING; growth=3, damage=0, breakdown=0; health_state=HEALTH_STRENGTHENING",True,HOLD
2026-06-06 22:43 UTC,CASE_02598,2598,ZONE_CASE_02598_EP_2598,EXHAUSTED_ZONE,4,HEALTH_COLLAPSING,TERMINAL,-97.069457,HIGH,NEGATIVE,-0.689819,-3.190525,18.109475,15307.178204,4804.849445,3826.794551,71.398277,21.184984,2,0,2,0,15.26402,265.458563,50795.190753,165.67,23.40805,32.853074,1.403495,-100.0,FAIL,HIGH,trajectory=TERMINAL; breakdown_count=2,True,FAIL
2026-06-06 22:43 UTC,CASE_02621,2621,ZONE_CASE_02621_EP_2621,FATIGUE_ZONE,3,HEALTH_STRENGTHENING,STRENGTHENING,79.812535,HIGH,POSITIVE,3.270845,7.341751,62.341751,5919.344371,2566.620092,1973.11479,67.374444,25.972749,0,3,0,0,9.58019,235.479829,20983.195472,77.15,75.4201,24.963313,0.33099,74.812535,HOLD,HIGH,"trajectory=STRENGTHENING; growth=3, damage=0, breakdown=0; health_state=HEALTH_STRENGTHENING",True,HOLD
2026-06-06 22:43 UTC,CASE_02626,2626,ZONE_CASE_02626_EP_2626,RIGID_ZONE,1,UNKNOWN,STABLE,15.0,LOW,NEUTRAL,,-0.034438,76.885562,1474.221572,1474.221572,1474.221572,24.188566,24.188566,0,0,0,1,17.27161,,0.0,0.0,67.8649,12.753505,0.187925,0.0,NO_PREDICTION,LOW,confidence=LOW; visit_count=1 — insufficient structural evidence,True,NO_PREDICTION
2026-06-06 22:43 UTC,CASE_02643,2643,ZONE_CASE_02643_EP_2643,EXHAUSTED_ZONE,2,HEALTH_STABLE,STABLE,10.0,MEDIUM,NEUTRAL,0.436258,-1.359085,19.440915,5856.649285,3575.391667,2928.324642,32.462189,20.364259,1,0,0,1,15.924008,236.1985,44236.022725,162.15,20.72262,30.845445,1.488492,-17.0,UNCERTAIN,MEDIUM,trajectory=STABLE; mixed structural signals,True,UNCERTAIN
2026-06-06 22:43 UTC,CASE_02647,2647,ZONE_CASE_02647_EP_2647,RECOVERED_ZONE,1,UNKNOWN,UNKNOWN,5.0,LOW,NEUTRAL,,9.9375,101.9375,7688.334349,7688.334349,7688.334349,29.307282,29.307282,0,1,0,0,20.659924,11.09646,111.880862,13.43,99.4629,20.871568,0.209843,0.0,NO_PREDICTION,LOW,confidence=LOW; visit_count=1 — insufficient structural evidence,True,NO_PREDICTION
2026-06-06 22:43 UTC,CASE_02649,2649,ZONE_CASE_02649_EP_2649,RIGID_ZONE,1,UNKNOWN,DEGRADING,-45.0,LOW,NEGATIVE,,-0.386463,76.533537,4060.57836,4060.57836,4060.57836,18.465345,18.465345,1,0,0,0,14.473331,,0.0,0.0,67.60406,9.968584,0.147455,0.0,NO_PREDICTION,LOW,confidence=LOW; visit_count=1 — insufficient structural evidence,True,NO_PREDICTION
2026-06-06 22:43 UTC,CASE_02650,2650,ZONE_CASE_02650_EP_2650,EXHAUSTED_ZONE,4,HEALTH_WEAKENING,DEGRADING,-50.259201,HIGH,NEGATIVE,-1.753067,-5.192397,15.607603,13428.950263,4034.996744,3357.237566,67.051826,19.720053,4,0,0,0,19.040983,280.350067,62319.380849,192.46,34.499205,34.15763,0.990099,-65.259201,FAIL,HIGH,trajectory=DEGRADING; breakdown_count=0,True,FAIL
2026-06-06 22:43 UTC,CASE_02660,2660,ZONE_CASE_02660_EP_2660,ELASTIC_ZONE,2,HEALTH_STRENGTHENING,STRENGTHENING,80.238865,MEDIUM,POSITIVE,3.412955,11.168317,66.168317,6982.861102,4848.266563,3491.430551,41.043675,26.255005,0,2,0,0,13.384359,488.90685,100113.431229,177.29,63.4718,23.712738,0.373595,75.238865,HOLD,MEDIUM,"trajectory=STRENGTHENING; growth=2, damage=0, breakdown=0; health_state=HEALTH_STRENGTHENING",True,HOLD
2026-06-06 22:43 UTC,CASE_02662,2662,ZONE_CASE_02662_EP_2662,FATIGUE_ZONE,2,HEALTH_STRENGTHENING,STRENGTHENING,79.882354,MEDIUM,POSITIVE,3.294118,8.0,63.0,4538.555787,3732.223841,2269.277894,37.258045,27.216591,0,2,0,0,12.341344,674.513333,137083.907816,175.96,45.3452,24.81963,0.547349,74.882354,HOLD,MEDIUM,"trajectory=STRENGTHENING; growth=2, damage=0, breakdown=0; health_state=HEALTH_STRENGTHENING",True,HOLD
2026-06-06 22:43 UTC,CASE_02663,2663,ZONE_CASE_02663_EP_2663,RECOVERED_ZONE,4,HEALTH_STRENGTHENING,STRENGTHENING,88.138462,HIGH,POSITIVE,6.046154,20.076923,105.076923,20441.86862,7097.608094,5110.467155,89.542006,30.336334,0,4,0,0,21.867937,124.5105,16867.790734,180.45,94.3063,28.739319,0.304744,88.138462,HOLD,HIGH,"trajectory=STRENGTHENING; growth=4, damage=0, breakdown=0; health_state=HEALTH_STRENGTHENING",True,HOLD
2026-06-06 22:43 UTC,CASE_02667,2667,ZONE_CASE_02667_EP_2667,FATIGUE_ZONE,5,HEALTH_STRENGTHENING,STRENGTHENING,80.045083,HIGH,POSITIVE,3.348361,20.435644,75.435644,13317.579525,3743.772822,2663.515905,106.216942,32.277733,0,5,0,0,9.337034,267.804004,24497.63907,79.2,71.3181,28.204789,0.395479,75.045083,HOLD,HIGH,"trajectory=STRENGTHENING; growth=5, damage=0, breakdown=0; health_state=HEALTH_STRENGTHENING",True,HOLD
2026-06-06 22:43 UTC,CASE_02672,2672,ZONE_CASE_02672_EP_2672,FATIGUE_ZONE,2,HEALTH_STRENGTHENING,STRENGTHENING,74.623855,MEDIUM,POSITIVE,1.541285,17.614679,72.614679,3890.376676,2217.542889,1945.188338,34.23451,18.747979,0,2,0,0,9.145998,29.547243,337.516679,9.89,96.7694,23.196656,0.239711,76.623855,HOLD,MEDIUM,"trajectory=STRENGTHENING; growth=2, damage=0, breakdown=0; health_state=HEALTH_STRENGTHENING",True,HOLD
2026-06-06 22:43 UTC,CASE_02678,2678,ZONE_CASE_02678_EP_2678,EXHAUSTED_ZONE,3,HEALTH_WEAKENING,DEGRADING,-47.639625,HIGH,NEGATIVE,-0.879875,-3.568632,17.731368,11984.618748,4034.056705,3994.872916,58.346897,19.604997,2,0,0,1,18.413201,64.958593,3041.601671,40.54,47.062197,30.650873,0.651284,-62.639625,FAIL,HIGH,trajectory=DEGRADING; breakdown_count=0,True,FAIL
2026-06-06 22:43 UTC,CASE_02679,2679,ZONE_CASE_02679_EP_2679,EXHAUSTED_ZONE,4,HEALTH_WEAKENING,DEGRADING,-48.975882,HIGH,NEGATIVE,-1.325294,-4.204198,17.095802,13132.032214,3963.014802,3283.008054,65.979785,18.464786,4,0,0,0,18.605138,4.617633,16.906771,3.17,46.400059,31.94562,0.688482,-63.975882,FAIL,HIGH,trajectory=DEGRADING; breakdown_count=0,True,FAIL
2026-06-06 22:43 UTC,CASE_02681,2681,ZONE_CASE_02681_EP_2681,FATIGUE_ZONE,3,HEALTH_STRENGTHENING,STRENGTHENING,82.885942,HIGH,POSITIVE,4.295314,12.279246,67.279246,8671.82713,2975.176598,2890.609043,61.892787,21.263843,0,3,0,0,11.955827,63.481811,1313.921131,17.92,94.6903,25.986017,0.274432,84.885942,HOLD,HIGH,"trajectory=STRENGTHENING; growth=3, damage=0, breakdown=0; health_state=HEALTH_STRENGTHENING",True,HOLD
2026-06-06 22:43 UTC,CASE_02686,2686,ZONE_CASE_02686_EP_2686,FATIGUE_ZONE,2,HEALTH_STRENGTHENING,STRENGTHENING,95.0,MEDIUM,POSITIVE,16.273268,20.737864,75.737864,6593.634935,3539.81137,3296.817468,46.647195,26.588837,0,2,0,0,11.84164,27.53926,309.172256,9.72,97.6744,25.820548,0.264353,97.0,HOLD,MEDIUM,"trajectory=STRENGTHENING; growth=2, damage=0, breakdown=0; health_state=HEALTH_STRENGTHENING",True,HOLD
2026-06-06 22:43 UTC,CASE_02687,2687,ZONE_CASE_02687_EP_2687,EXHAUSTED_ZONE,4,HEALTH_COLLAPSING,TERMINAL,-94.880429,HIGH,NEGATIVE,0.039857,-3.734443,17.565557,11141.455234,4239.271701,2785.363809,60.213041,22.272643,1,0,3,0,16.764439,56.955667,2572.1464,39.1,31.751835,45.328105,1.427574,-100.0,FAIL,HIGH,trajectory=TERMINAL; breakdown_count=3,True,FAIL
2026-06-06 22:43 UTC,CASE_02698,2698,ZONE_CASE_02698_EP_2698,EXHAUSTED_ZONE,3,HEALTH_WEAKENING,DEGRADING,-52.57269,HIGH,NEGATIVE,-2.52423,-6.610736,14.189264,14358.333974,4991.184684,4786.111325,61.805461,23.534749,3,0,0,0,19.378447,37.077993,990.972396,23.14,47.267697,31.262665,0.661396,-67.57269,FAIL,HIGH,trajectory=DEGRADING; breakdown_count=0,True,FAIL
2026-06-06 22:43 UTC,CASE_02699,2699,ZONE_CASE_02699_EP_2699,RECOVERED_ZONE,5,HEALTH_STRENGTHENING,STRENGTHENING,79.993636,HIGH,POSITIVE,3.331212,18.873786,110.873786,29013.198254,7489.56338,5802.639651,83.462349,21.186028,0,5,0,0,24.879825,6.317002,40.975107,8.64,93.229927,27.43506,0.294273,86.993636,HOLD,HIGH,"trajectory=STRENGTHENING; growth=5, damage=0, breakdown=0; health_state=HEALTH_STRENGTHENING",True,HOLD
2026-06-06 22:43 UTC,CASE_02721,2721,ZONE_CASE_02721_EP_2721,EXHAUSTED_ZONE,5,HEALTH_COLLAPSING,TERMINAL,-96.259112,HIGH,NEGATIVE,-0.419704,-2.552655,18.247345,21444.411056,4994.08726,4288.882211,80.881392,18.477845,3,0,1,1,15.452991,29.891927,751.613075,21.77,30.697377,33.176765,1.080769,-100.0,FAIL,HIGH,trajectory=TERMINAL; breakdown_count=1,True,FAIL
2026-06-06 22:43 UTC,CASE_02727,2727,ZONE_CASE_02727_EP_2727,EXHAUSTED_ZONE,3,HEALTH_COLLAPSING,TERMINAL,-100.0,HIGH,NEGATIVE,-2.981474,-7.227954,13.572046,14090.790544,4945.27689,4696.930181,64.233842,24.318825,2,0,1,0,19.072804,108.798433,9385.70898,74.69,43.262501,28.565153,0.660275,-100.0,FAIL,HIGH,trajectory=TERMINAL; breakdown_count=1,True,FAIL
2026-06-06 22:43 UTC,CASE_02729,2729,ZONE_CASE_02729_EP_2729,EXHAUSTED_ZONE,3,HEALTH_COLLAPSING,TERMINAL,-100.0,HIGH,NEGATIVE,-3.020609,-6.379708,14.420292,14291.581611,5089.294435,4763.860537,62.899852,23.932562,2,0,1,0,18.917708,196.84665,27930.91565,122.85,39.328016,30.193539,0.767736,-100.0,FAIL,HIGH,trajectory=TERMINAL; breakdown_count=1,True,FAIL
2026-06-06 22:43 UTC,CASE_02737,2737,ZONE_CASE_02737_EP_2737,EXHAUSTED_ZONE,2,HEALTH_COLLAPSING,TERMINAL,-91.2539,MEDIUM,NEGATIVE,1.2487,-1.535378,19.264622,6976.604548,3748.203761,3488.302274,44.463815,26.05785,1,0,1,0,15.986559,24.41956,429.837979,15.24,31.072111,32.040879,1.031178,-100.0,FAIL,MEDIUM,trajectory=TERMINAL; breakdown_count=1,True,FAIL
2026-06-06 22:43 UTC,CASE_02757,2757,ZONE_CASE_02757_EP_2757,FATIGUE_ZONE,1,UNKNOWN,UNKNOWN,5.0,LOW,NEUTRAL,,8.627136,63.627136,1984.812729,1984.812729,1984.812729,24.309025,24.309025,0,1,0,0,9.161905,49.683846,938.242169,16.35,94.5771,19.609205,0.207336,0.0,NO_PREDICTION,LOW,confidence=LOW; visit_count=1 — insufficient structural evidence,True,NO_PREDICTION
2026-06-06 22:43 UTC,CASE_02758,2758,ZONE_CASE_02758_EP_2758,FATIGUE_ZONE,1,UNKNOWN,UNKNOWN,5.0,LOW,NEUTRAL,,7.594206,62.594206,2168.373775,2168.373775,2168.373775,20.45403,20.45403,0,1,0,0,8.884329,128.43931,5546.7094,37.39,85.5432,20.756199,0.24264,0.0,NO_PREDICTION,LOW,confidence=LOW; visit_count=1 — insufficient structural evidence,True,NO_PREDICTION
2026-06-06 22:43 UTC,CASE_02769,2769,ZONE_CASE_02769_EP_2769,RIGID_ZONE,1,UNKNOWN,DEGRADING,-45.0,LOW,NEGATIVE,,-0.222677,76.697323,2172.906473,2172.906473,2172.906473,18.313096,18.313096,1,0,0,0,16.907415,,0.0,0.0,67.66746,9.333062,0.137925,0.0,NO_PREDICTION,LOW,confidence=LOW; visit_count=1 — insufficient structural evidence,True,NO_PREDICTION
2026-06-06 22:43 UTC,CASE_02780,2780,ZONE_CASE_02780_EP_2780,FATIGUE_ZONE,2,HEALTH_STRENGTHENING,STRENGTHENING,95.0,MEDIUM,POSITIVE,11.210241,19.485149,74.485149,4977.357934,2533.518001,2488.678967,48.73157,24.870848,0,2,0,0,9.645846,378.679429,58927.498787,134.73,60.7417,23.765816,0.39126,90.0,HOLD,MEDIUM,"trajectory=STRENGTHENING; growth=2, damage=0, breakdown=0; health_state=HEALTH_STRENGTHENING",True,HOLD
2026-06-06 22:43 UTC,CASE_02794,2794,ZONE_CASE_02794_EP_2794,EXHAUSTED_ZONE,4,HEALTH_COLLAPSING,TERMINAL,-98.808077,HIGH,NEGATIVE,-1.269359,-4.890342,15.909658,8202.861622,2370.561675,2050.715406,82.910268,25.156593,3,0,1,0,19.247668,87.695703,5543.521628,54.73,39.820604,36.139278,0.907552,-100.0,FAIL,HIGH,trajectory=TERMINAL; breakdown_count=1,True,FAIL
2026-06-06 22:43 UTC,CASE_02809,2809,ZONE_CASE_02809_EP_2809,RECOVERED_ZONE,5,HEALTH_STRENGTHENING,STRENGTHENING,84.076723,HIGH,POSITIVE,4.692241,19.810633,104.810633,16687.92492,4067.011657,3337.584984,145.409503,36.74101,0,5,0,0,23.587123,55.59246,3906.075922,93.59,97.6431,31.8528,0.326217,84.076723,HOLD,HIGH,"trajectory=STRENGTHENING; growth=5, damage=0, breakdown=0; health_state=HEALTH_STRENGTHENING",True,HOLD
2026-06-06 22:43 UTC,CASE_02820,2820,ZONE_CASE_02820_EP_2820,FATIGUE_ZONE,6,HEALTH_STRENGTHENING,STRENGTHENING,81.426223,HIGH,POSITIVE,3.808741,22.117647,77.117647,13857.5423,3327.741075,2309.590383,103.938314,22.222291,0,6,0,0,12.248953,494.37,94094.653306,164.79,59.6398,30.677291,0.514376,76.426223,HOLD,HIGH,"trajectory=STRENGTHENING; growth=6, damage=0, breakdown=0; health_state=HEALTH_STRENGTHENING",True,HOLD
2026-06-06 22:43 UTC,CASE_02824,2824,ZONE_CASE_02824_EP_2824,EXHAUSTED_ZONE,4,HEALTH_WEAKENING,DEGRADING,-50.156844,HIGH,NEGATIVE,-1.718948,-4.734772,16.065228,12006.520577,3903.293761,3001.630144,83.412364,28.456173,2,0,0,2,22.184621,72.483733,4165.84309,49.76,51.049575,38.740419,0.758878,-65.156844,FAIL,HIGH,trajectory=DEGRADING; breakdown_count=0,True,FAIL
2026-06-06 22:43 UTC,CASE_02825,2825,ZONE_CASE_02825_EP_2825,RECOVERED_ZONE,3,HEALTH_STRENGTHENING,STRENGTHENING,86.740591,HIGH,POSITIVE,5.580197,20.910891,105.910891,15609.636386,5518.506793,5203.212129,82.584008,31.92174,0,3,0,0,30.00412,40.145108,2039.502058,67.67,98.662,28.927372,0.293197,93.740591,HOLD,HIGH,"trajectory=STRENGTHENING; growth=3, damage=0, breakdown=0; health_state=HEALTH_STRENGTHENING",True,HOLD
2026-06-06 22:43 UTC,CASE_02826,2826,ZONE_CASE_02826_EP_2826,EXHAUSTED_ZONE,5,HEALTH_STABLE,STABLE,10.0,HIGH,NEUTRAL,-0.200293,-3.4482,17.3518,15729.07083,3770.409233,3145.814166,103.163965,28.456173,3,0,0,2,22.926327,227.627473,37348.956431,142.06,41.562352,40.865289,0.983228,-5.0,UNCERTAIN,MEDIUM,trajectory=STABLE; mixed structural signals,True,UNCERTAIN
2026-06-06 22:43 UTC,CASE_02827,2827,ZONE_CASE_02827_EP_2827,RECOVERED_ZONE,4,HEALTH_STRENGTHENING,STRENGTHENING,87.731386,HIGH,POSITIVE,5.910462,21.623762,106.623762,16300.111384,4536.479052,4075.027846,111.68033,34.364216,0,4,0,0,31.899985,44.939492,2275.987311,67.46,98.5912,29.2441,0.29662,94.731386,HOLD,HIGH,"trajectory=STRENGTHENING; growth=4, damage=0, breakdown=0; health_state=HEALTH_STRENGTHENING",True,HOLD
2026-06-06 22:43 UTC,CASE_02828,2828,ZONE_CASE_02828_EP_2828,EXHAUSTED_ZONE,4,HEALTH_WEAKENING,DEGRADING,-49.036206,HIGH,NEGATIVE,-1.345402,-3.978405,16.821595,12900.028193,3360.747694,3225.007048,97.991832,26.327274,3,0,0,1,24.195903,23.37912,461.479281,17.09,53.153515,42.793498,0.805093,-64.036206,FAIL,HIGH,trajectory=DEGRADING; breakdown_count=0,True,FAIL
2026-06-06 22:43 UTC,CASE_02832,2832,ZONE_CASE_02832_EP_2832,RIGID_ZONE,2,HEALTH_STABLE,STABLE,10.0,MEDIUM,NEUTRAL,-0.291328,-0.369272,76.550728,16574.389099,10951.746595,8287.194549,33.718571,20.271435,1,0,0,1,20.161823,,0.0,0.0,70.2321,21.485864,0.305927,10.0,HOLD,MEDIUM,"trajectory=STABLE; growth=0, damage=1, breakdown=0; health_state=HEALTH_STABLE",True,HOLD
2026-06-06 22:43 UTC,CASE_02836,2836,ZONE_CASE_02836_EP_2836,FATIGUE_ZONE,3,HEALTH_STRENGTHENING,STRENGTHENING,83.160343,HIGH,POSITIVE,4.386781,20.0,75.0,16206.850309,6343.893989,5402.283436,57.577411,23.497182,0,3,0,0,13.311219,217.129979,14512.935227,57.87,83.6882,27.806653,0.332265,78.160343,HOLD,HIGH,"trajectory=STRENGTHENING; growth=3, damage=0, breakdown=0; health_state=HEALTH_STRENGTHENING",True,HOLD
2026-06-06 22:43 UTC,CASE_02840,2840,ZONE_CASE_02840_EP_2840,EXHAUSTED_ZONE,4,HEALTH_COLLAPSING,TERMINAL,-100.0,HIGH,NEGATIVE,-2.408679,-7.54015,13.25985,30783.362473,10190.326199,7695.840618,70.424775,24.252707,3,0,1,0,20.357115,23.1173,423.736641,15.87,47.320496,35.874638,0.75812,-100.0,FAIL,HIGH,trajectory=TERMINAL; breakdown_count=1,True,FAIL
2026-06-06 22:43 UTC,CASE_02864,2864,ZONE_CASE_02864_EP_2864,ELASTIC_ZONE,3,HEALTH_STRENGTHENING,STRENGTHENING,80.234098,HIGH,POSITIVE,3.411366,11.058027,66.058027,10021.111452,4344.519156,3340.370484,57.933914,25.936669,0,3,0,0,12.860254,30.109523,396.799854,11.41,97.6587,24.798512,0.25393,82.234098,HOLD,HIGH,"trajectory=STRENGTHENING; growth=3, damage=0, breakdown=0; health_state=HEALTH_STRENGTHENING",True,HOLD
2026-06-06 22:43 UTC,CASE_02867,2867,ZONE_CASE_02867_EP_2867,FATIGUE_ZONE,3,HEALTH_STRENGTHENING,STRENGTHENING,83.409082,HIGH,POSITIVE,4.469694,9.400927,64.400927,7923.871988,3695.133745,2641.290663,50.435457,22.857582,0,3,0,0,11.554706,109.99576,5161.842527,40.63,90.4804,24.844812,0.274588,85.409082,HOLD,HIGH,"trajectory=STRENGTHENING; growth=3, damage=0, breakdown=0; health_state=HEALTH_STRENGTHENING",True,HOLD
2026-06-06 22:43 UTC,CASE_02869,2869,ZONE_CASE_02869_EP_2869,EXHAUSTED_ZONE,4,HEALTH_COLLAPSING,TERMINAL,-100.0,HIGH,NEGATIVE,-2.317656,-8.206491,13.093509,14222.729272,4813.093173,3555.682318,90.739481,37.200128,2,0,2,0,16.324811,287.827137,59716.258855,179.63,17.547144,40.213171,2.291722,-100.0,FAIL,HIGH,trajectory=TERMINAL; breakdown_count=2,True,FAIL
2026-06-06 22:43 UTC,CASE_02871,2871,ZONE_CASE_02871_EP_2871,EXHAUSTED_ZONE,3,HEALTH_COLLAPSING,TERMINAL,-100.0,HIGH,NEGATIVE,-3.391735,-7.061399,13.738601,10831.1791,4811.484096,3610.393033,69.915599,37.200128,1,0,2,0,16.319354,72.862467,4209.490592,50.02,28.111175,41.64839,1.48156,-100.0,FAIL,HIGH,trajectory=TERMINAL; breakdown_count=2,True,FAIL
2026-06-06 22:43 UTC,CASE_02872,2872,ZONE_CASE_02872_EP_2872,EXHAUSTED_ZONE,5,HEALTH_WEAKENING,DEGRADING,-46.71975,HIGH,NEGATIVE,-0.57325,-2.778686,18.021314,15493.084439,4157.617422,3098.616888,103.200358,32.374906,3,0,0,2,19.197112,65.567116,4516.538332,59.64,44.650435,34.508469,0.772859,-61.71975,FAIL,HIGH,trajectory=DEGRADING; breakdown_count=0,True,FAIL
2026-06-06 22:43 UTC,CASE_02876,2876,ZONE_CASE_02876_EP_2876,FATIGUE_ZONE,2,HEALTH_STRENGTHENING,STRENGTHENING,82.44199,MEDIUM,POSITIVE,4.14733,17.076923,72.076923,4276.802751,2345.90608,2138.401376,45.98455,25.860571,0,2,0,0,9.566139,179.017658,13338.435631,64.51,81.2863,24.723801,0.304157,77.44199,HOLD,MEDIUM,"trajectory=STRENGTHENING; growth=2, damage=0, breakdown=0; health_state=HEALTH_STRENGTHENING",True,HOLD
2026-06-06 22:43 UTC,CASE_02877,2877,ZONE_CASE_02877_EP_2877,FATIGUE_ZONE,5,HEALTH_STRENGTHENING,STRENGTHENING,82.128196,HIGH,POSITIVE,4.042732,21.386139,76.386139,10373.904386,2301.632217,2074.780877,106.725119,25.860571,0,5,0,0,9.651144,353.412105,40051.699083,98.12,63.3813,27.910203,0.440354,77.128196,HOLD,HIGH,"trajectory=STRENGTHENING; growth=5, damage=0, breakdown=0; health_state=HEALTH_STRENGTHENING",True,HOLD
2026-06-06 22:43 UTC,CASE_02878,2878,ZONE_CASE_02878_EP_2878,RECOVERED_ZONE,3,HEALTH_STRENGTHENING,STRENGTHENING,90.14617,HIGH,POSITIVE,6.71539,22.222858,107.222858,12613.187526,4774.808296,4204.395842,59.687355,24.258377,0,3,0,0,25.314784,45.473946,2339.242991,68.52,98.2037,25.631663,0.261005,97.14617,HOLD,HIGH,"trajectory=STRENGTHENING; growth=3, damage=0, breakdown=0; health_state=HEALTH_STRENGTHENING",True,HOLD
2026-06-06 22:43 UTC,CASE_02886,2886,ZONE_CASE_02886_EP_2886,FATIGUE_ZONE,6,HEALTH_STRENGTHENING,STRENGTHENING,79.99504,HIGH,POSITIVE,3.33168,20.447898,75.447898,10741.327032,2703.350595,1790.221172,103.938462,23.433897,0,6,0,0,9.295688,452.16353,71292.19422,136.51,51.3577,29.60878,0.576521,74.99504,HOLD,HIGH,"trajectory=STRENGTHENING; growth=6, damage=0, breakdown=0; health_state=HEALTH_STRENGTHENING",True,HOLD
2026-06-06 22:43 UTC,CASE_02887,2887,ZONE_CASE_02887_EP_2887,FATIGUE_ZONE,5,HEALTH_STRENGTHENING,STRENGTHENING,81.683314,HIGH,POSITIVE,3.894438,17.07202,72.07202,10411.819639,3342.873784,2082.363928,79.153968,23.433897,0,5,0,0,11.49474,111.873979,2933.167918,22.7,90.2674,28.053571,0.310783,76.683314,HOLD,HIGH,"trajectory=STRENGTHENING; growth=5, damage=0, breakdown=0; health_state=HEALTH_STRENGTHENING",True,HOLD
2026-06-06 22:43 UTC,CASE_02889,2889,ZONE_CASE_02889_EP_2889,FATIGUE_ZONE,4,HEALTH_STRENGTHENING,STRENGTHENING,80.499847,HIGH,POSITIVE,3.499949,13.714286,68.714286,11233.912242,4289.686305,2808.47806,70.808985,25.964339,0,4,0,0,11.839783,542.846,73990.751211,118.01,54.1507,26.60159,0.491251,75.499847,HOLD,HIGH,"trajectory=STRENGTHENING; growth=4, damage=0, breakdown=0; health_state=HEALTH_STRENGTHENING",True,HOLD
2026-06-06 22:43 UTC,CASE_02893,2893,ZONE_CASE_02893_EP_2893,EXHAUSTED_ZONE,1,UNKNOWN,DEGRADING,-45.0,LOW,NEGATIVE,,-1.827098,18.972902,3446.650709,3446.650709,3446.650709,23.198601,23.198601,1,0,0,0,18.777972,21.389819,330.062019,13.36,48.480298,24.040086,0.495873,0.0,NO_PREDICTION,LOW,confidence=LOW; visit_count=1 — insufficient structural evidence,True,NO_PREDICTION
2026-06-06 22:43 UTC,CASE_02900,2900,ZONE_CASE_02900_EP_2900,RECOVERED_ZONE,4,HEALTH_STRENGTHENING,STRENGTHENING,85.612708,HIGH,POSITIVE,5.204236,18.407767,103.407767,24011.954067,8045.94258,6002.988517,75.977546,29.604096,0,4,0,0,23.707828,136.613907,17318.76972,168.86,94.2376,26.50205,0.281226,92.612708,HOLD,HIGH,"trajectory=STRENGTHENING; growth=4, damage=0, breakdown=0; health_state=HEALTH_STRENGTHENING",True,HOLD
2026-06-06 22:43 UTC,CASE_02910,2910,ZONE_CASE_02910_EP_2910,EXHAUSTED_ZONE,1,HEALTH_COLLAPSING,TERMINAL,-90.0,LOW,NEGATIVE,,-4.636258,16.163742,4026.851353,4026.851353,4026.851353,23.797021,23.797021,0,0,1,0,16.259354,212.498533,35804.175323,145.88,22.392566,33.002938,1.473835,0.0,NO_PREDICTION,LOW,confidence=LOW; visit_count=1 — insufficient structural evidence,True,NO_PREDICTION
2026-06-06 22:43 UTC,CASE_02914,2914,ZONE_CASE_02914_EP_2914,RECOVERED_ZONE,2,HEALTH_STRENGTHENING,STRENGTHENING,94.230769,MEDIUM,POSITIVE,8.076923,9.0,101.0,4150.355025,3052.981531,2075.177512,29.928234,20.524189,0,2,0,0,19.885135,12.511217,163.810365,17.44,99.3708,23.054265,0.232002,100.0,HOLD,MEDIUM,"trajectory=STRENGTHENING; growth=2, damage=0, breakdown=0; health_state=HEALTH_STRENGTHENING",True,HOLD
2026-06-06 22:43 UTC,CASE_02926,2926,ZONE_CASE_02926_EP_2926,RECOVERED_ZONE,3,HEALTH_STRENGTHENING,STRENGTHENING,87.836902,HIGH,POSITIVE,5.945634,21.230769,113.230769,17345.322842,6364.170883,5781.774281,62.93854,25.416331,0,3,0,0,24.456404,4.475345,21.066355,6.27,99.817,23.992112,0.240361,94.836902,HOLD,HIGH,"trajectory=STRENGTHENING; growth=3, damage=0, breakdown=0; health_state=HEALTH_STRENGTHENING",True,HOLD
2026-06-06 22:43 UTC,CASE_02930,2930,ZONE_CASE_02930_EP_2930,EXHAUSTED_ZONE,5,HEALTH_COLLAPSING,TERMINAL,-99.979136,HIGH,NEGATIVE,-1.659712,-5.299809,15.500191,25207.822516,9117.247141,5041.564503,80.017993,33.185302,1,0,3,1,17.215862,3.380923,8.239478,2.11,31.410369,54.381677,1.731329,-100.0,FAIL,HIGH,trajectory=TERMINAL; breakdown_count=3,True,FAIL
2026-06-06 22:43 UTC,CASE_02936,2936,ZONE_CASE_02936_EP_2936,EXHAUSTED_ZONE,2,HEALTH_COLLAPSING,TERMINAL,-100.0,MEDIUM,NEGATIVE,-5.486644,-5.560853,15.239147,6495.292334,4954.375072,3247.646167,29.044581,21.003045,0,0,1,1,18.540511,286.4535,65062.398295,196.65,33.068396,28.194328,0.852606,-100.0,FAIL,MEDIUM,trajectory=TERMINAL; breakdown_count=1,True,FAIL
2026-06-06 22:43 UTC,CASE_02938,2938,ZONE_CASE_02938_EP_2938,FATIGUE_ZONE,2,HEALTH_STRENGTHENING,STRENGTHENING,86.638201,MEDIUM,POSITIVE,5.546067,11.031781,66.031781,7459.456224,3844.018415,3729.728112,43.110575,23.478746,0,2,0,0,11.501828,318.615,35530.431379,96.55,72.2988,24.711798,0.341801,81.638201,HOLD,MEDIUM,"trajectory=STRENGTHENING; growth=2, damage=0, breakdown=0; health_state=HEALTH_STRENGTHENING",True,HOLD
2026-06-06 22:43 UTC,CASE_02940,2940,ZONE_CASE_02940_EP_2940,FATIGUE_ZONE,5,HEALTH_STRENGTHENING,STRENGTHENING,83.856022,HIGH,POSITIVE,4.618674,18.461538,73.461538,12588.588817,3600.381106,2517.717763,103.733141,27.211582,0,5,0,0,9.0494,1097.34819,388659.604945,306.65,0.0,27.935318,,78.856022,HOLD,HIGH,"trajectory=STRENGTHENING; growth=5, damage=0, breakdown=0; health_state=HEALTH_STRENGTHENING",True,HOLD
2026-06-06 22:43 UTC,CASE_02941,2941,ZONE_CASE_02941_EP_2941,FATIGUE_ZONE,4,HEALTH_STRENGTHENING,STRENGTHENING,83.084488,HIGH,POSITIVE,4.361496,16.633663,71.633663,14678.565859,4487.953669,3669.641465,94.653946,27.211582,0,4,0,0,11.280275,146.441038,8506.02037,50.29,87.018,26.534949,0.304936,78.084488,HOLD,HIGH,"trajectory=STRENGTHENING; growth=4, damage=0, breakdown=0; health_state=HEALTH_STRENGTHENING",True,HOLD
2026-06-06 22:43 UTC,CASE_02952,2952,ZONE_CASE_02952_EP_2952,FATIGUE_ZONE,1,UNKNOWN,UNKNOWN,5.0,LOW,NEUTRAL,,16.384615,71.384615,3814.259548,3814.259548,3814.259548,22.693784,22.693784,0,1,0,0,11.247698,1034.011,292862.00492,245.22,7.958615,21.087455,2.649639,0.0,NO_PREDICTION,LOW,confidence=LOW; visit_count=1 — insufficient structural evidence,True,NO_PREDICTION
2026-06-06 22:43 UTC,CASE_02954,2954,ZONE_CASE_02954_EP_2954,RECOVERED_ZONE,2,HEALTH_STRENGTHENING,STRENGTHENING,95.0,MEDIUM,POSITIVE,12.990379,18.873786,110.873786,11281.208003,5724.489952,5640.604001,59.541286,31.396436,0,2,0,0,20.793735,2.164834,6.094684,3.75,99.8959,23.063772,0.230878,100.0,HOLD,MEDIUM,"trajectory=STRENGTHENING; growth=2, damage=0, breakdown=0; health_state=HEALTH_STRENGTHENING",True,HOLD
2026-06-06 22:43 UTC,CASE_02955,2955,ZONE_CASE_02955_EP_2955,EXHAUSTED_ZONE,3,HEALTH_COLLAPSING,TERMINAL,-96.344819,HIGH,NEGATIVE,-0.448273,-2.582204,18.217796,12114.630414,4424.565986,4038.210138,66.209125,26.276757,1,0,2,0,15.583541,71.32752,4295.464511,52.14,28.527649,38.46557,1.348361,-100.0,FAIL,HIGH,trajectory=TERMINAL; breakdown_count=2,True,FAIL
2026-06-06 22:43 UTC,CASE_02960,2960,ZONE_CASE_02960_EP_2960,EXHAUSTED_ZONE,5,HEALTH_COLLAPSING,TERMINAL,-98.121077,HIGH,NEGATIVE,-1.040359,-8.532542,12.767458,22551.620385,5961.787624,4510.324077,95.335746,27.093831,2,0,3,0,15.762054,322.666233,82552.235849,221.51,22.378963,36.062577,1.61145,-100.0,FAIL,HIGH,trajectory=TERMINAL; breakdown_count=3,True,FAIL
2026-06-06 22:43 UTC,CASE_02965,2965,ZONE_CASE_02965_EP_2965,ELASTIC_ZONE,1,UNKNOWN,UNKNOWN,5.0,LOW,NEUTRAL,,5.0,101.96,28983.243583,28983.243583,28983.243583,17.010954,17.010954,0,1,0,0,30.20026,,0.0,0.0,100.0,8.673384,0.086734,0.0,NO_PREDICTION,LOW,confidence=LOW; visit_count=1 — insufficient structural evidence,True,NO_PREDICTION
2026-06-06 22:43 UTC,CASE_02968,2968,ZONE_CASE_02968_EP_2968,FATIGUE_ZONE,5,HEALTH_STRENGTHENING,STRENGTHENING,85.712926,HIGH,POSITIVE,5.237642,20.839976,75.839976,15174.510086,3253.047206,3034.902017,109.372975,25.317928,0,5,0,0,17.470571,89.67184,2350.025427,22.69,94.8673,27.218867,0.286915,92.712926,HOLD,HIGH,"trajectory=STRENGTHENING; growth=5, damage=0, breakdown=0; health_state=HEALTH_STRENGTHENING",True,HOLD
2026-06-06 22:43 UTC,CASE_02977,2977,ZONE_CASE_02977_EP_2977,RECOVERED_ZONE,3,HEALTH_STRENGTHENING,STRENGTHENING,78.25819,HIGH,POSITIVE,2.75273,11.485714,103.485714,22396.368352,8094.401178,7465.456117,51.835739,18.873023,0,3,0,0,21.368152,3.009243,9.081941,4.02,99.8592,24.474708,0.245092,85.25819,HOLD,HIGH,"trajectory=STRENGTHENING; growth=3, damage=0, breakdown=0; health_state=HEALTH_STRENGTHENING",True,HOLD
2026-06-06 22:43 UTC,CASE_02989,2989,ZONE_CASE_02989_EP_2989,RECOVERED_ZONE,4,HEALTH_STRENGTHENING,STRENGTHENING,84.898753,HIGH,POSITIVE,4.966251,17.884287,102.884287,15052.121054,6346.726934,3763.030264,61.011615,21.314045,0,4,0,0,20.464564,110.19162,12010.212758,145.18,94.6155,26.158386,0.27647,91.898753,HOLD,HIGH,"trajectory=STRENGTHENING; growth=4, damage=0, breakdown=0; health_state=HEALTH_STRENGTHENING",True,HOLD
2026-06-06 22:43 UTC,CASE_02997,2997,ZONE_CASE_02997_EP_2997,RIGID_ZONE,1,UNKNOWN,DEGRADING,-45.0,LOW,NEGATIVE,,-1.282442,75.637558,20299.899984,20299.899984,20299.899984,23.953647,23.953647,1,0,0,0,18.62527,,0.0,0.0,67.0235,13.783294,0.205649,0.0,NO_PREDICTION,LOW,confidence=LOW; visit_count=1 — insufficient structural evidence,True,NO_PREDICTION
2026-06-06 22:43 UTC,CASE_03005,3005,ZONE_CASE_03005_EP_3005,EXHAUSTED_ZONE,4,HEALTH_COLLAPSING,TERMINAL,-97.452998,HIGH,NEGATIVE,-0.817666,-2.689298,18.110702,44440.436792,15838.303297,11110.109198,76.346527,28.118983,2,0,1,0,22.346818,31.464,784.963872,21.6,46.764236,30.932242,0.661451,-100.0,FAIL,HIGH,trajectory=TERMINAL; breakdown_count=1,True,FAIL
2026-06-06 22:43 UTC,CASE_03008,3008,ZONE_CASE_03008_EP_3008,FATIGUE_ZONE,3,HEALTH_STRENGTHENING,STRENGTHENING,85.576924,HIGH,POSITIVE,5.192308,19.615385,74.615385,14341.797848,5164.649296,4780.599283,69.045334,25.732699,0,3,0,0,12.490707,1486.290667,605090.333121,352.48,0.0,25.926446,,80.576924,HOLD,HIGH,"trajectory=STRENGTHENING; growth=3, damage=0, breakdown=0; health_state=HEALTH_STRENGTHENING",True,HOLD
2026-06-06 22:43 UTC,CASE_03014,3014,ZONE_CASE_03014_EP_3014,EXHAUSTED_ZONE,2,HEALTH_WEAKENING,DEGRADING,-48.601302,MEDIUM,NEGATIVE,-1.200434,-3.927773,16.872227,21416.376924,11355.226078,10708.188462,45.351523,22.693542,2,0,0,0,22.66853,23.922837,412.52899,14.93,54.096684,27.777404,0.513477,-63.601302,FAIL,MEDIUM,trajectory=DEGRADING; breakdown_count=0,True,FAIL
2026-06-06 22:43 UTC,CASE_03017,3017,ZONE_CASE_03017_EP_3017,EXHAUSTED_ZONE,2,HEALTH_DEGRADING_FAST,DEGRADING,-64.433952,MEDIUM,NEGATIVE,-6.477984,-7.505159,13.294841,16112.131119,9513.649964,8056.06556,40.475285,22.92409,2,0,0,0,22.965735,319.72668,67545.79413,182.91,43.072909,32.009375,0.743144,-79.433952,FAIL,MEDIUM,trajectory=DEGRADING; breakdown_count=0,True,FAIL
2026-06-06 22:43 UTC,CASE_03018,3018,ZONE_CASE_03018_EP_3018,FATIGUE_ZONE,1,UNKNOWN,UNKNOWN,5.0,LOW,NEUTRAL,,12.400114,67.400114,4185.432653,4185.432653,4185.432653,26.345138,26.345138,0,1,0,0,11.629827,200.672378,12374.552492,53.39,82.745,21.124522,0.255297,0.0,NO_PREDICTION,LOW,confidence=LOW; visit_count=1 — insufficient structural evidence,True,NO_PREDICTION
2026-06-06 22:43 UTC,CASE_03022,3022,ZONE_CASE_03022_EP_3022,RIGID_ZONE,1,UNKNOWN,STABLE,15.0,LOW,NEUTRAL,,0.0,76.92,1554.860508,1554.860508,1554.860508,7.904201,7.904201,0,0,0,1,18.514301,,0.0,0.0,68.0775,14.254326,0.209384,0.0,NO_PREDICTION,LOW,confidence=LOW; visit_count=1 — insufficient structural evidence,True,NO_PREDICTION
2026-06-06 22:43 UTC,CASE_03034,3034,ZONE_CASE_03034_EP_3034,FATIGUE_ZONE,3,HEALTH_STRENGTHENING,STRENGTHENING,84.257425,HIGH,POSITIVE,4.752475,19.722772,74.722772,8525.793258,3051.210579,2841.931086,65.320542,23.30081,0,3,0,0,9.577728,762.000623,145878.351768,165.75,20.4404,25.984032,1.27121,67.257425,HOLD,HIGH,"trajectory=STRENGTHENING; growth=3, damage=0, breakdown=0; health_state=HEALTH_STRENGTHENING",True,HOLD
2026-06-06 22:43 UTC,CASE_03036,3036,ZONE_CASE_03036_EP_3036,FATIGUE_ZONE,5,HEALTH_STRENGTHENING,STRENGTHENING,82.083745,HIGH,POSITIVE,4.027915,18.158993,73.158993,26227.423533,7124.916342,5245.484707,101.502298,34.51046,0,5,0,0,24.325123,40.890733,433.088065,9.17,98.319,27.202237,0.276673,89.083745,HOLD,HIGH,"trajectory=STRENGTHENING; growth=5, damage=0, breakdown=0; health_state=HEALTH_STRENGTHENING",True,HOLD
2026-06-06 22:43 UTC,CASE_03040,3040,ZONE_CASE_03040_EP_3040,EXHAUSTED_ZONE,2,HEALTH_WEAKENING,DEGRADING,-48.57603,MEDIUM,NEGATIVE,-1.19201,-1.740564,19.059436,6307.658373,3381.201986,3153.829187,35.829004,19.715828,2,0,0,0,21.234045,16.843804,208.74779,10.73,54.080241,24.258008,0.448556,-63.57603,FAIL,MEDIUM,trajectory=DEGRADING; breakdown_count=0,True,FAIL
2026-06-06 22:43 UTC,CASE_03044,3044,ZONE_CASE_03044_EP_3044,EXHAUSTED_ZONE,3,HEALTH_COLLAPSING,TERMINAL,-98.702885,HIGH,NEGATIVE,-1.234295,-3.688502,17.111498,10543.06157,4014.300901,3514.353857,52.024941,19.703583,2,0,1,0,16.140472,48.662863,1706.964277,30.37,23.843045,32.29091,1.354311,-100.0,FAIL,HIGH,trajectory=TERMINAL; breakdown_count=1,True,FAIL
2026-06-06 22:43 UTC,CASE_03046,3046,ZONE_CASE_03046_EP_3046,FATIGUE_ZONE,3,HEALTH_STRENGTHENING,STRENGTHENING,79.309477,HIGH,POSITIVE,3.103159,8.97555,63.97555,9500.903761,4962.575852,3166.96792,54.919307,25.851186,0,3,0,0,11.495908,1151.106,463765.758133,348.82,0.0,25.531833,,74.309477,HOLD,HIGH,"trajectory=STRENGTHENING; growth=3, damage=0, breakdown=0; health_state=HEALTH_STRENGTHENING",True,HOLD
2026-06-06 22:43 UTC,CASE_03047,3047,ZONE_CASE_03047_EP_3047,EXHAUSTED_ZONE,4,HEALTH_COLLAPSING,TERMINAL,-100.0,HIGH,NEGATIVE,-2.749751,-7.398297,13.401703,21033.873816,6787.521409,5258.468454,91.795046,32.394221,2,0,2,0,15.697742,5.880563,24.926824,3.67,29.458374,37.737702,1.281052,-100.0,FAIL,HIGH,trajectory=TERMINAL; breakdown_count=2,True,FAIL
2026-06-06 22:43 UTC,CASE_03050,3050,ZONE_CASE_03050_EP_3050,FATIGUE_ZONE,3,HEALTH_STRENGTHENING,STRENGTHENING,86.259703,HIGH,POSITIVE,5.419901,17.192744,72.192744,8514.39152,3730.078182,2838.130507,71.370941,25.515936,0,3,0,0,11.980979,32.986633,394.330458,10.35,97.2468,24.70384,0.254032,88.259703,HOLD,HIGH,"trajectory=STRENGTHENING; growth=3, damage=0, breakdown=0; health_state=HEALTH_STRENGTHENING",True,HOLD
2026-06-06 22:43 UTC,CASE_03051,3051,ZONE_CASE_03051_EP_3051,FATIGUE_ZONE,4,HEALTH_STRENGTHENING,STRENGTHENING,88.504675,HIGH,POSITIVE,6.168225,22.429907,77.429907,11097.764803,3617.723587,2774.441201,96.877859,29.702235,0,4,0,0,9.471587,212.578042,19818.990981,80.72,77.5562,26.608562,0.343087,83.504675,HOLD,HIGH,"trajectory=STRENGTHENING; growth=4, damage=0, breakdown=0; health_state=HEALTH_STRENGTHENING",True,HOLD
2026-06-06 22:43 UTC,CASE_03069,3069,ZONE_CASE_03069_EP_3069,RIGID_ZONE,1,UNKNOWN,DEGRADING,-45.0,LOW,NEGATIVE,,-0.20178,76.71822,3290.233332,3290.233332,3290.233332,19.426035,19.426035,1,0,0,0,16.421767,,0.0,0.0,66.62494,18.197458,0.273133,0.0,NO_PREDICTION,LOW,confidence=LOW; visit_count=1 — insufficient structural evidence,True,NO_PREDICTION
2026-06-06 22:43 UTC,CASE_03070,3070,ZONE_CASE_03070_EP_3070,FATIGUE_ZONE,1,UNKNOWN,UNKNOWN,5.0,LOW,NEUTRAL,,4.023371,59.023371,3108.071065,3108.071065,3108.071065,22.362755,22.362755,0,1,0,0,12.078081,7.365469,19.821582,2.33,99.3902,20.364098,0.20489,0.0,NO_PREDICTION,LOW,confidence=LOW; visit_count=1 — insufficient structural evidence,True,NO_PREDICTION
2026-06-06 22:43 UTC,CASE_03071,3071,ZONE_CASE_03071_EP_3071,EXHAUSTED_ZONE,2,HEALTH_COLLAPSING,TERMINAL,-96.592565,MEDIUM,NEGATIVE,-0.530855,-0.702573,20.097427,7825.72018,6812.743659,3912.86009,30.078763,23.831854,1,0,1,0,19.243166,16.904617,205.986984,10.55,48.228775,31.596123,0.65513,-100.0,FAIL,MEDIUM,trajectory=TERMINAL; breakdown_count=1,True,FAIL
2026-06-06 22:43 UTC,CASE_03099,3099,ZONE_CASE_03099_EP_3099,EXHAUSTED_ZONE,6,HEALTH_COLLAPSING,TERMINAL,-97.877624,HIGH,NEGATIVE,-0.959208,-5.061729,15.738271,17995.934806,4484.003398,2999.322468,134.901155,38.082081,2,0,3,1,15.411814,84.4721,5657.810326,57.99,27.859419,45.815672,1.644531,-100.0,FAIL,HIGH,trajectory=TERMINAL; breakdown_count=3,True,FAIL
2026-06-06 22:43 UTC,CASE_03116,3116,ZONE_CASE_03116_EP_3116,ELASTIC_ZONE,3,HEALTH_STRENGTHENING,STRENGTHENING,86.732863,HIGH,POSITIVE,5.577621,21.882353,76.882353,6803.62174,2608.08319,2267.873913,72.208241,28.548735,0,3,0,0,15.548697,62.45562,1612.966351,22.36,95.9832,25.591355,0.266623,93.732863,HOLD,HIGH,"trajectory=STRENGTHENING; growth=3, damage=0, breakdown=0; health_state=HEALTH_STRENGTHENING",True,HOLD
2026-06-06 22:43 UTC,CASE_03119,3119,ZONE_CASE_03119_EP_3119,EXHAUSTED_ZONE,5,HEALTH_COLLAPSING,TERMINAL,-97.840499,HIGH,NEGATIVE,-0.946833,-3.298778,17.501222,11765.779675,2829.985866,2353.155935,103.266374,26.55696,3,0,2,0,16.252361,89.661,8144.872486,78.65,25.698977,50.854693,1.978861,-100.0,FAIL,HIGH,trajectory=TERMINAL; breakdown_count=2,True,FAIL
2026-06-06 22:43 UTC,CASE_03128,3128,ZONE_CASE_03128_EP_3128,FATIGUE_ZONE,3,HEALTH_STRENGTHENING,STRENGTHENING,82.807693,HIGH,POSITIVE,4.269231,21.923077,76.923077,11880.805923,4152.132421,3960.268641,77.830476,28.931192,0,3,0,0,11.992361,21.031542,158.623044,6.53,98.2463,24.919963,0.253648,84.807693,HOLD,HIGH,"trajectory=STRENGTHENING; growth=3, damage=0, breakdown=0; health_state=HEALTH_STRENGTHENING",True,HOLD
2026-06-06 22:43 UTC,CASE_03131,3131,ZONE_CASE_03131_EP_3131,EXHAUSTED_ZONE,1,UNKNOWN,DEGRADING,-45.0,LOW,NEGATIVE,,-5.910142,15.389858,4040.333612,4040.333612,4040.333612,18.566999,18.566999,1,0,0,0,21.200093,72.978627,4276.047639,50.73,53.277519,22.2394,0.417426,0.0,NO_PREDICTION,LOW,confidence=LOW; visit_count=1 — insufficient structural evidence,True,NO_PREDICTION
2026-06-06 22:43 UTC,CASE_03141,3141,ZONE_CASE_03141_EP_3141,EXHAUSTED_ZONE,2,HEALTH_COLLAPSING,TERMINAL,-99.400109,MEDIUM,NEGATIVE,-1.466703,-4.829769,15.970231,5939.41023,3029.585937,2969.705115,47.558504,23.875087,1,0,1,0,15.305734,122.432833,11885.503954,84.05,22.517349,33.806526,1.501355,-100.0,FAIL,MEDIUM,trajectory=TERMINAL; breakdown_count=1,True,FAIL
2026-06-06 22:43 UTC,CASE_03142,3142,ZONE_CASE_03142_EP_3142,RECOVERED_ZONE,3,HEALTH_STRENGTHENING,STRENGTHENING,87.420877,HIGH,POSITIVE,5.806959,15.529412,100.529412,11359.575561,4058.263126,3786.525187,67.254319,24.486471,0,3,0,0,20.31774,93.9924,12282.508096,174.06,92.50841,25.03915,0.270669,94.420877,HOLD,HIGH,"trajectory=STRENGTHENING; growth=3, damage=0, breakdown=0; health_state=HEALTH_STRENGTHENING",True,HOLD
2026-06-06 22:43 UTC,CASE_03154,3154,ZONE_CASE_03154_EP_3154,EXHAUSTED_ZONE,4,HEALTH_COLLAPSING,TERMINAL,-89.898561,HIGH,NEGATIVE,0.033813,-0.654686,24.935146,13178.704891,5092.452064,3294.676223,79.592429,36.780177,1,1,1,1,15.259394,19.810667,311.185957,13.6,60.327935,29.658039,0.491614,-100.0,FAIL,HIGH,trajectory=TERMINAL; breakdown_count=1,True,FAIL
2026-06-06 22:43 UTC,CASE_03155,3155,ZONE_CASE_03155_EP_3155,FATIGUE_ZONE,4,HEALTH_STRENGTHENING,STRENGTHENING,85.797277,HIGH,POSITIVE,5.265759,16.833946,71.833946,9534.036768,3759.91332,2383.509192,81.259846,36.780177,0,4,0,0,11.266478,41.974163,659.330152,13.6,96.2744,25.449604,0.264344,87.797277,HOLD,HIGH,"trajectory=STRENGTHENING; growth=4, damage=0, breakdown=0; health_state=HEALTH_STRENGTHENING",True,HOLD
2026-06-06 22:43 UTC,CASE_03157,3157,ZONE_CASE_03157_EP_3157,RECOVERED_ZONE,4,HEALTH_STRENGTHENING,STRENGTHENING,80.867773,HIGH,POSITIVE,3.622591,13.89957,98.89957,20653.353017,6756.467218,5163.338254,71.559067,21.928353,0,4,0,0,21.096738,127.04832,14635.341386,153.44,93.9778,28.733656,0.305749,80.867773,HOLD,HIGH,"trajectory=STRENGTHENING; growth=4, damage=0, breakdown=0; health_state=HEALTH_STRENGTHENING",True,HOLD
2026-06-06 22:43 UTC,CASE_03158,3158,ZONE_CASE_03158_EP_3158,FATIGUE_ZONE,3,HEALTH_STRENGTHENING,STRENGTHENING,91.636063,HIGH,POSITIVE,7.212021,19.354839,74.354839,8412.64729,3178.225027,2804.215763,67.58828,25.639964,0,3,0,0,9.480277,62.580823,1487.539905,20.58,93.3988,26.454364,0.283241,93.636063,HOLD,HIGH,"trajectory=STRENGTHENING; growth=3, damage=0, breakdown=0; health_state=HEALTH_STRENGTHENING",True,HOLD
2026-06-06 22:43 UTC,CASE_03163,3163,ZONE_CASE_03163_EP_3163,FATIGUE_ZONE,1,UNKNOWN,UNKNOWN,5.0,LOW,NEUTRAL,,7.556007,62.556007,2672.437816,2672.437816,2672.437816,21.685487,21.685487,0,1,0,0,9.574724,145.519866,7059.1687,42.0,84.8017,20.038999,0.236304,0.0,NO_PREDICTION,LOW,confidence=LOW; visit_count=1 — insufficient structural evidence,True,NO_PREDICTION
2026-06-06 22:43 UTC,CASE_03166,3166,ZONE_CASE_03166_EP_3166,EXHAUSTED_ZONE,1,HEALTH_COLLAPSING,TERMINAL,-90.0,LOW,NEGATIVE,,-5.348448,15.451552,5891.099316,5891.099316,5891.099316,18.952981,18.952981,0,0,1,0,18.677922,221.714123,39469.581434,154.13,37.254832,26.402044,0.708688,0.0,NO_PREDICTION,LOW,confidence=LOW; visit_count=1 — insufficient structural evidence,True,NO_PREDICTION
2026-06-06 22:43 UTC,CASE_03169,3169,ZONE_CASE_03169_EP_3169,FATIGUE_ZONE,2,HEALTH_STRENGTHENING,STRENGTHENING,82.411096,MEDIUM,POSITIVE,4.137032,18.350624,73.350624,7509.819148,3901.443432,3754.909574,46.432476,26.971675,0,2,0,0,11.08388,516.653574,95984.805121,160.85,53.3869,24.008264,0.449703,77.411096,HOLD,MEDIUM,"trajectory=STRENGTHENING; growth=2, damage=0, breakdown=0; health_state=HEALTH_STRENGTHENING",True,HOLD
2026-06-06 22:43 UTC,CASE_03171,3171,ZONE_CASE_03171_EP_3171,EXHAUSTED_ZONE,2,HEALTH_COLLAPSING,TERMINAL,-100.0,MEDIUM,NEGATIVE,-3.800171,-6.031564,14.768436,9605.488567,5058.011822,4802.744284,43.360674,24.466889,1,0,1,0,16.16074,151.9886,18316.556555,104.34,21.708132,39.900851,1.83806,-100.0,FAIL,MEDIUM,trajectory=TERMINAL; breakdown_count=1,True,FAIL
2026-06-06 22:43 UTC,CASE_03174,3174,ZONE_CASE_03174_EP_3174,EXHAUSTED_ZONE,4,HEALTH_COLLAPSING,TERMINAL,-99.564803,HIGH,NEGATIVE,-1.521601,-5.666513,15.133487,11852.949204,4042.122618,2963.237301,71.246625,25.018392,2,0,1,1,19.226967,26.4822,463.392156,15.15,44.563338,31.127609,0.698503,-100.0,FAIL,HIGH,trajectory=TERMINAL; breakdown_count=1,True,FAIL
2026-06-06 22:43 UTC,CASE_03175,3175,ZONE_CASE_03175_EP_3175,EXHAUSTED_ZONE,3,HEALTH_COLLAPSING,TERMINAL,-100.0,HIGH,NEGATIVE,-2.736331,-9.559081,11.240919,14778.929259,5494.337913,4926.309753,76.89762,32.388299,1,0,2,0,16.691386,107.574833,9175.783637,73.85,27.304,47.722732,1.747829,-100.0,FAIL,HIGH,trajectory=TERMINAL; breakdown_count=2,True,FAIL
2026-06-06 22:43 UTC,CASE_03176,3176,ZONE_CASE_03176_EP_3176,FATIGUE_ZONE,5,HEALTH_STRENGTHENING,STRENGTHENING,83.387791,HIGH,POSITIVE,4.462597,19.9924,74.9924,13797.4811,3394.367899,2759.49622,114.609671,27.2375,0,5,0,0,14.264801,18.634832,104.38767,4.85,98.6936,27.483502,0.278473,85.387791,HOLD,HIGH,"trajectory=STRENGTHENING; growth=5, damage=0, breakdown=0; health_state=HEALTH_STRENGTHENING",True,HOLD
2026-06-06 22:43 UTC,CASE_03187,3187,ZONE_CASE_03187_EP_3187,FATIGUE_ZONE,4,HEALTH_STRENGTHENING,STRENGTHENING,86.942632,HIGH,POSITIVE,5.647544,22.336634,77.336634,8410.974455,2944.181944,2102.743614,77.877803,26.810523,0,4,0,0,10.490968,183.427652,13082.289425,61.75,82.5157,26.514782,0.32133,81.942632,HOLD,HIGH,"trajectory=STRENGTHENING; growth=4, damage=0, breakdown=0; health_state=HEALTH_STRENGTHENING",True,HOLD
2026-06-06 22:43 UTC,CASE_03189,3189,ZONE_CASE_03189_EP_3189,EXHAUSTED_ZONE,4,HEALTH_WEAKENING,DEGRADING,-49.863411,HIGH,NEGATIVE,-1.621137,-6.704115,14.095885,20960.37878,5729.964688,5240.094695,93.020169,26.767147,4,0,0,0,19.274222,11.82522,100.796993,7.38,48.586343,30.821149,0.634358,-64.863411,FAIL,HIGH,trajectory=DEGRADING; breakdown_count=0,True,FAIL
2026-06-06 22:43 UTC,CASE_03199,3199,ZONE_CASE_03199_EP_3199,EXHAUSTED_ZONE,3,HEALTH_COLLAPSING,TERMINAL,-87.09348,HIGH,NEGATIVE,0.96884,1.762666,27.352498,9561.712273,3997.401646,3187.237424,57.794082,26.184699,1,1,1,0,16.01389,27.335807,538.632942,17.06,55.980552,27.784936,0.496332,-100.0,FAIL,HIGH,trajectory=TERMINAL; breakdown_count=1,True,FAIL
2026-06-06 22:43 UTC,CASE_03217,3217,ZONE_CASE_03217_EP_3217,EXHAUSTED_ZONE,3,HEALTH_COLLAPSING,TERMINAL,-100.0,HIGH,NEGATIVE,-2.718194,-5.695931,15.604069,17288.423111,6226.9941,5762.807704,63.420071,24.154483,2,0,1,0,16.490235,245.841,61233.031456,215.65,21.155864,38.75665,1.831958,-100.0,FAIL,HIGH,trajectory=TERMINAL; breakdown_count=1,True,FAIL
2026-06-06 22:43 UTC,CASE_03219,3219,ZONE_CASE_03219_EP_3219,RECOVERED_ZONE,3,HEALTH_STRENGTHENING,STRENGTHENING,95.0,HIGH,POSITIVE,8.346023,20.19802,105.19802,20986.263065,7235.159671,6995.421022,64.675561,23.526274,0,3,0,0,25.874719,128.7306,23039.081866,238.39,93.050169,24.994243,0.26861,100.0,HOLD,HIGH,"trajectory=STRENGTHENING; growth=3, damage=0, breakdown=0; health_state=HEALTH_STRENGTHENING",True,HOLD
2026-06-06 22:43 UTC,CASE_03221,3221,ZONE_CASE_03221_EP_3221,RECOVERED_ZONE,2,HEALTH_STRENGTHENING,STRENGTHENING,95.0,MEDIUM,POSITIVE,10.217822,14.970297,111.650297,14569.640778,8165.826364,7284.820389,40.923068,25.0281,0,2,0,0,34.3591,8.359562,76.288189,13.68,99.7567,23.86742,0.239256,100.0,HOLD,MEDIUM,"trajectory=STRENGTHENING; growth=2, damage=0, breakdown=0; health_state=HEALTH_STRENGTHENING",True,HOLD
2026-06-06 22:43 UTC,CASE_03223,3223,ZONE_CASE_03223_EP_3223,FATIGUE_ZONE,2,HEALTH_STRENGTHENING,STRENGTHENING,95.0,MEDIUM,POSITIVE,9.923076,12.461538,68.301538,4761.757263,2626.943091,2380.878631,39.515222,23.263812,0,2,0,0,11.388473,167.808384,8372.657018,44.08,85.2651,23.751431,0.27856,97.0,HOLD,MEDIUM,"trajectory=STRENGTHENING; growth=2, damage=0, breakdown=0; health_state=HEALTH_STRENGTHENING",True,HOLD
2026-06-06 22:43 UTC,CASE_03224,3224,ZONE_CASE_03224_EP_3224,RECOVERED_ZONE,2,HEALTH_STRENGTHENING,STRENGTHENING,95.0,MEDIUM,POSITIVE,12.230769,22.153846,119.733635,18741.910282,10142.335385,9370.955141,51.719536,28.960077,0,2,0,0,32.164601,14.169354,190.484052,20.65,99.5595,23.311794,0.234149,100.0,HOLD,MEDIUM,"trajectory=STRENGTHENING; growth=2, damage=0, breakdown=0; health_state=HEALTH_STRENGTHENING",True,HOLD
2026-06-06 22:43 UTC,CASE_03225,3225,ZONE_CASE_03225_EP_3225,FATIGUE_ZONE,3,HEALTH_STRENGTHENING,STRENGTHENING,94.289707,HIGH,POSITIVE,8.096569,17.834862,72.834862,14438.706427,5218.994981,4812.902142,70.460585,24.622751,0,3,0,0,14.241685,641.027808,112568.457457,152.04,54.9893,26.887224,0.488954,89.289707,HOLD,HIGH,"trajectory=STRENGTHENING; growth=3, damage=0, breakdown=0; health_state=HEALTH_STRENGTHENING",True,HOLD
2026-06-06 22:43 UTC,CASE_03228,3228,ZONE_CASE_03228_EP_3228,EXHAUSTED_ZONE,4,HEALTH_WEAKENING,DEGRADING,-47.635602,HIGH,NEGATIVE,-0.878534,-3.421649,17.378351,14980.448241,5013.203865,3745.11206,80.000583,27.516141,3,0,0,1,19.506408,13.21488,115.389689,7.56,48.128744,32.707591,0.679585,-62.635602,FAIL,HIGH,trajectory=DEGRADING; breakdown_count=0,True,FAIL
2026-06-06 22:43 UTC,CASE_03230,3230,ZONE_CASE_03230_EP_3230,EXHAUSTED_ZONE,2,UNKNOWN,DEGRADING,-43.059708,MEDIUM,NEGATIVE,0.646764,-2.456257,18.343743,8806.504494,4483.223653,4403.252247,42.385403,22.766025,1,0,0,1,18.620331,37.8005,1132.966036,25.95,47.191533,30.717178,0.650904,-58.059708,FAIL,MEDIUM,trajectory=DEGRADING; breakdown_count=0,True,FAIL
2026-06-06 22:43 UTC,CASE_03233,3233,ZONE_CASE_03233_EP_3233,ELASTIC_ZONE,3,HEALTH_STRENGTHENING,STRENGTHENING,95.0,HIGH,POSITIVE,8.638429,19.885714,74.885714,5646.153579,2449.707778,1882.051193,58.38071,26.311668,0,3,0,0,10.913195,233.189295,16636.738679,61.77,78.508381,25.080157,0.319458,90.0,HOLD,HIGH,"trajectory=STRENGTHENING; growth=3, damage=0, breakdown=0; health_state=HEALTH_STRENGTHENING",True,HOLD
2026-06-06 22:43 UTC,CASE_03234,3234,ZONE_CASE_03234_EP_3234,EXHAUSTED_ZONE,3,HEALTH_COLLAPSING,TERMINAL,-100.0,HIGH,NEGATIVE,-2.242585,-4.872447,15.927553,10071.059296,4514.086938,3357.019765,54.220547,27.0771,2,0,1,0,19.107976,203.944987,29981.626227,127.28,38.224271,33.197127,0.868483,-100.0,FAIL,HIGH,trajectory=TERMINAL; breakdown_count=1,True,FAIL
2026-06-06 22:43 UTC,CASE_03248,3248,ZONE_CASE_03248_EP_3248,EXHAUSTED_ZONE,5,HEALTH_COLLAPSING,TERMINAL,-94.775243,HIGH,NEGATIVE,0.074919,-2.155911,18.644089,13057.666858,3425.724739,2611.533372,76.828894,19.839471,3,0,2,0,19.883469,66.657067,3202.738755,41.6,45.230265,33.695255,0.744971,-100.0,FAIL,HIGH,trajectory=TERMINAL; breakdown_count=2,True,FAIL
2026-06-06 22:43 UTC,CASE_03259,3259,ZONE_CASE_03259_EP_3259,FATIGUE_ZONE,2,HEALTH_STRENGTHENING,STRENGTHENING,90.979144,MEDIUM,POSITIVE,6.993048,14.054054,69.054054,6814.110741,3516.611653,3407.055371,41.601802,21.817292,0,2,0,0,11.523494,146.422751,6375.759058,37.7,87.2935,23.464975,0.268806,92.979144,HOLD,MEDIUM,"trajectory=STRENGTHENING; growth=2, damage=0, breakdown=0; health_state=HEALTH_STRENGTHENING",True,HOLD
2026-06-06 22:43 UTC,CASE_03261,3261,ZONE_CASE_03261_EP_3261,EXHAUSTED_ZONE,2,HEALTH_WEAKENING,DEGRADING,-51.469599,MEDIUM,NEGATIVE,-2.156533,-2.696443,18.103557,7628.473621,5250.61301,3814.236811,27.288125,18.40672,2,0,0,0,16.273939,194.427127,27248.514667,121.34,25.04383,41.80663,1.669339,-78.469599,FAIL,MEDIUM,trajectory=DEGRADING; breakdown_count=0,True,FAIL
2026-06-06 22:43 UTC,CASE_03272,3272,ZONE_CASE_03272_EP_3272,FATIGUE_ZONE,2,HEALTH_STRENGTHENING,STRENGTHENING,95.0,MEDIUM,POSITIVE,9.528829,14.888052,73.608052,6888.206259,3456.317018,3444.10313,44.440423,22.496226,0,2,0,0,12.644224,332.900312,29419.787101,83.95,73.6717,22.825292,0.309824,90.0,HOLD,MEDIUM,"trajectory=STRENGTHENING; growth=2, damage=0, breakdown=0; health_state=HEALTH_STRENGTHENING",True,HOLD
2026-06-06 22:43 UTC,CASE_03276,3276,ZONE_CASE_03276_EP_3276,FATIGUE_ZONE,3,HEALTH_STRENGTHENING,STRENGTHENING,91.029703,HIGH,POSITIVE,7.009901,17.108911,72.108911,6686.509152,2617.123869,2228.836384,59.149495,22.728476,0,3,0,0,9.134244,514.507819,90249.739355,151.87,43.6726,24.890116,0.569925,86.029703,HOLD,HIGH,"trajectory=STRENGTHENING; growth=3, damage=0, breakdown=0; health_state=HEALTH_STRENGTHENING",True,HOLD
2026-06-06 22:43 UTC,CASE_03278,3278,ZONE_CASE_03278_EP_3278,FATIGUE_ZONE,3,HEALTH_STRENGTHENING,STRENGTHENING,91.029703,HIGH,POSITIVE,7.009901,15.207921,73.189322,9182.187942,3729.659323,3060.729314,56.992399,22.021647,0,3,0,0,12.283079,512.363333,73482.489191,133.66,58.2871,24.652605,0.422951,86.029703,HOLD,HIGH,"trajectory=STRENGTHENING; growth=3, damage=0, breakdown=0; health_state=HEALTH_STRENGTHENING",True,HOLD
2026-06-06 22:43 UTC,CASE_03282,3282,ZONE_CASE_03282_EP_3282,EXHAUSTED_ZONE,4,HEALTH_COLLAPSING,TERMINAL,-98.913587,HIGH,NEGATIVE,-1.304529,-5.688255,17.356257,14688.279828,4312.84267,3672.069957,79.872228,26.692171,1,0,3,0,16.045896,42.606043,1254.143779,26.59,33.738008,33.632373,0.996869,-100.0,FAIL,HIGH,trajectory=TERMINAL; breakdown_count=3,True,FAIL
2026-06-06 22:43 UTC,CASE_03283,3283,ZONE_CASE_03283_EP_3283,EXHAUSTED_ZONE,5,HEALTH_COLLAPSING,TERMINAL,-98.161313,HIGH,NEGATIVE,-1.053771,-5.391601,15.408399,20737.030427,4996.070817,4147.406085,93.584427,27.745432,1,0,3,1,15.930196,49.39848,1612.381207,28.26,29.087075,40.074885,1.377756,-100.0,FAIL,HIGH,trajectory=TERMINAL; breakdown_count=3,True,FAIL
2026-06-06 22:43 UTC,CASE_03285,3285,ZONE_CASE_03285_EP_3285,EXHAUSTED_ZONE,3,HEALTH_COLLAPSING,TERMINAL,-98.750363,HIGH,NEGATIVE,-1.250121,-7.900007,12.899993,13311.408897,4933.539775,4437.136299,56.061966,20.271795,1,0,2,0,19.140905,4.790977,16.5454,2.99,49.090698,32.845881,0.669086,-100.0,FAIL,HIGH,trajectory=TERMINAL; breakdown_count=2,True,FAIL
2026-06-06 22:43 UTC,CASE_03288,3288,ZONE_CASE_03288_EP_3288,RECOVERED_ZONE,2,HEALTH_STRENGTHENING,STRENGTHENING,86.941177,MEDIUM,POSITIVE,5.647059,21.647059,116.607059,18606.560279,11396.490102,9303.280139,33.237791,19.638085,0,2,0,0,29.985457,52.1778,2259.75312,75.62,98.2599,26.779523,0.272538,93.941177,HOLD,MEDIUM,"trajectory=STRENGTHENING; growth=2, damage=0, breakdown=0; health_state=HEALTH_STRENGTHENING",True,HOLD
2026-06-06 22:43 UTC,CASE_03289,3289,ZONE_CASE_03289_EP_3289,EXHAUSTED_ZONE,2,HEALTH_STABLE,STABLE,10.0,MEDIUM,NEUTRAL,-0.305504,-1.276981,19.523019,8371.662128,4199.451489,4185.831064,36.484326,18.764104,2,0,0,0,18.644124,114.781801,10599.209763,79.95,42.479912,29.010002,0.682911,-5.0,UNCERTAIN,MEDIUM,trajectory=STABLE; mixed structural signals,True,UNCERTAIN
2026-06-06 22:43 UTC,CASE_03294,3294,ZONE_CASE_03294_EP_3294,EXHAUSTED_ZONE,4,HEALTH_WEAKENING,DEGRADING,-46.551882,HIGH,NEGATIVE,-0.517294,-3.191977,18.448023,14729.421543,4004.079674,3682.355386,75.338722,22.845512,3,0,0,1,19.067582,201.70172,28739.181544,125.88,38.758718,33.022341,0.851998,-61.551882,FAIL,HIGH,trajectory=DEGRADING; breakdown_count=0,True,FAIL
2026-06-06 22:43 UTC,CASE_03296,3296,ZONE_CASE_03296_EP_3296,RECOVERED_ZONE,3,HEALTH_STRENGTHENING,STRENGTHENING,78.910891,HIGH,POSITIVE,2.970297,7.128713,103.048713,21862.17397,8141.959292,7287.391323,55.718785,25.803197,0,3,0,0,41.32138,64.827212,3305.464204,91.78,98.4311,25.221065,0.256231,93.910891,HOLD,HIGH,"trajectory=STRENGTHENING; growth=3, damage=0, breakdown=0; health_state=HEALTH_STRENGTHENING",True,HOLD
2026-06-06 22:43 UTC,CASE_03304,3304,ZONE_CASE_03304_EP_3304,EXHAUSTED_ZONE,7,HEALTH_WEAKENING,DEGRADING,-47.430798,HIGH,NEGATIVE,-0.810266,-5.427661,19.572339,21355.302771,4072.593816,3050.757539,123.81493,26.272022,6,0,0,1,26.988572,135.301368,16835.298913,119.7,47.585625,35.519238,0.746428,-62.430798,FAIL,HIGH,trajectory=DEGRADING; breakdown_count=0,True,FAIL
2026-06-06 22:43 UTC,CASE_03307,3307,ZONE_CASE_03307_EP_3307,RIGID_ZONE,5,HEALTH_STABLE,STABLE,10.0,HIGH,NEUTRAL,-0.131806,-0.500163,76.419837,15652.184018,3797.858536,3130.436804,103.669484,27.713643,2,0,0,3,18.012218,,0.0,0.0,71.707,29.233662,0.407682,10.0,HOLD,HIGH,"trajectory=STABLE; growth=0, damage=2, breakdown=0; health_state=HEALTH_STABLE",True,HOLD
2026-06-06 22:43 UTC,CASE_03313,3313,ZONE_CASE_03313_EP_3313,EXHAUSTED_ZONE,4,HEALTH_STABLE,STABLE,10.0,HIGH,NEUTRAL,-0.005578,-2.113998,23.986002,12231.083946,4483.775927,3057.770986,57.801672,22.201924,2,0,0,2,24.654771,64.820823,4068.222913,61.35,50.055147,32.377039,0.646827,10.0,HOLD,HIGH,"trajectory=STABLE; growth=0, damage=2, breakdown=0; health_state=HEALTH_STABLE",True,HOLD
2026-06-06 22:43 UTC,CASE_03316,3316,ZONE_CASE_03316_EP_3316,RIGID_ZONE,5,HEALTH_STABLE,STABLE,10.0,HIGH,NEUTRAL,-0.092735,-0.384189,76.535811,12078.921097,3376.035615,2415.784219,98.27863,31.994269,1,0,0,4,19.967413,,0.0,0.0,72.28956,28.463923,0.393749,10.0,HOLD,HIGH,"trajectory=STABLE; growth=0, damage=1, breakdown=0; health_state=HEALTH_STABLE",True,HOLD
2026-06-06 22:43 UTC,CASE_03317,3317,ZONE_CASE_03317_EP_3317,ELASTIC_ZONE,5,HEALTH_STRENGTHENING,STRENGTHENING,79.874287,HIGH,POSITIVE,3.291429,15.542857,79.062857,13210.072903,3096.374916,2642.014581,104.540849,29.830451,0,5,0,0,14.830152,126.138139,4365.529106,37.59,91.4945,27.214198,0.297441,81.874287,HOLD,HIGH,"trajectory=STRENGTHENING; growth=5, damage=0, breakdown=0; health_state=HEALTH_STRENGTHENING",True,HOLD
2026-06-06 22:43 UTC,CASE_03318,3318,ZONE_CASE_03318_EP_3318,ELASTIC_ZONE,2,HEALTH_STRENGTHENING,STRENGTHENING,95.0,MEDIUM,POSITIVE,9.320389,13.747573,113.747573,17741.422708,10033.123098,8870.711354,42.73914,26.422567,0,2,0,0,38.466261,313.147012,23287.437459,91.98,91.8592,24.811643,0.270105,100.0,HOLD,MEDIUM,"trajectory=STRENGTHENING; growth=2, damage=0, breakdown=0; health_state=HEALTH_STRENGTHENING",True,HOLD
2026-06-06 22:43 UTC,CASE_03321,3321,ZONE_CASE_03321_EP_3321,FATIGUE_ZONE,5,HEALTH_STRENGTHENING,STRENGTHENING,83.401981,HIGH,POSITIVE,4.467327,21.861386,81.061386,44018.038538,14530.029724,8803.607708,96.35781,35.129055,0,5,0,0,25.679376,43.638211,546.157521,12.04,98.3007,27.568907,0.280455,90.401981,HOLD,HIGH,"trajectory=STRENGTHENING; growth=5, damage=0, breakdown=0; health_state=HEALTH_STRENGTHENING",True,HOLD
2026-06-06 22:43 UTC,CASE_03322,3322,ZONE_CASE_03322_EP_3322,EXHAUSTED_ZONE,5,HEALTH_COLLAPSING,TERMINAL,-97.547939,HIGH,NEGATIVE,-0.849313,-3.398003,17.401997,53856.634548,17162.601205,10771.32691,90.919323,34.43038,2,0,3,0,30.662305,79.20264,5777.816747,63.16,29.641683,53.850634,1.81672,-100.0,FAIL,HIGH,trajectory=TERMINAL; breakdown_count=3,True,FAIL
2026-06-06 22:43 UTC,CASE_03323,3323,ZONE_CASE_03323_EP_3323,EXHAUSTED_ZONE,4,HEALTH_COLLAPSING,TERMINAL,-98.944598,HIGH,NEGATIVE,-1.314866,-4.774913,18.445087,19025.674053,5830.59455,4756.418513,61.318702,18.445399,2,0,1,1,20.194435,152.7828,22568.593033,134.02,45.322435,37.154822,0.819789,-100.0,FAIL,HIGH,trajectory=TERMINAL; breakdown_count=1,True,FAIL
2026-06-06 22:43 UTC,CASE_03328,3328,ZONE_CASE_03328_EP_3328,EXHAUSTED_ZONE,3,HEALTH_COLLAPSING,TERMINAL,-100.0,HIGH,NEGATIVE,-3.49993,-7.511483,15.568517,9665.27955,3870.186723,3221.75985,51.755276,21.112433,2,0,1,0,20.270576,106.9776,8581.583889,73.44,44.329277,33.358898,0.752525,-100.0,FAIL,HIGH,trajectory=TERMINAL; breakdown_count=1,True,FAIL
2026-06-06 22:43 UTC,CASE_03336,3336,ZONE_CASE_03336_EP_3336,FATIGUE_ZONE,1,UNKNOWN,UNKNOWN,5.0,LOW,NEUTRAL,,4.846154,59.846154,1986.40988,1986.40988,1986.40988,18.163646,18.163646,0,1,0,0,10.941465,5.232196,9.850394,1.63,99.5218,19.828766,0.19924,0.0,NO_PREDICTION,LOW,confidence=LOW; visit_count=1 — insufficient structural evidence,True,NO_PREDICTION
2026-06-06 22:43 UTC,CASE_03341,3341,ZONE_CASE_03341_EP_3341,EXHAUSTED_ZONE,1,HEALTH_COLLAPSING,TERMINAL,-90.0,LOW,NEGATIVE,,-6.638156,14.161844,2552.591456,2552.591456,2552.591456,20.540959,20.540959,0,0,1,0,19.111645,29.56305,629.981205,18.45,47.483812,23.067017,0.485787,0.0,NO_PREDICTION,LOW,confidence=LOW; visit_count=1 — insufficient structural evidence,True,NO_PREDICTION
2026-06-06 22:43 UTC,CASE_03361,3361,ZONE_CASE_03361_EP_3361,EXHAUSTED_ZONE,1,UNKNOWN,DEGRADING,-45.0,LOW,NEGATIVE,,-3.143975,17.656025,4075.827595,4075.827595,4075.827595,20.090483,20.090483,1,0,0,0,21.601198,110.1012,12281.77785,96.58,47.74875,25.871987,0.541836,0.0,NO_PREDICTION,LOW,confidence=LOW; visit_count=1 — insufficient structural evidence,True,NO_PREDICTION
2026-06-06 22:43 UTC,CASE_03363,3363,ZONE_CASE_03363_EP_3363,EXHAUSTED_ZONE,2,HEALTH_COLLAPSING,TERMINAL,-100.0,MEDIUM,NEGATIVE,-1.908086,-4.629267,16.170733,6561.699497,3310.725713,3280.849748,37.853024,19.110477,1,0,1,0,16.041194,23.3795,433.403326,16.05,30.560513,32.083478,1.049834,-100.0,FAIL,MEDIUM,trajectory=TERMINAL; breakdown_count=1,True,FAIL
2026-06-06 22:43 UTC,CASE_03378,3378,ZONE_CASE_03378_EP_3378,FATIGUE_ZONE,4,HEALTH_STRENGTHENING,STRENGTHENING,84.469231,HIGH,POSITIVE,4.823077,21.230769,81.870769,11931.751947,3165.426755,2982.937987,94.956227,29.047786,0,4,0,0,11.758855,60.548567,913.586508,15.09,94.8508,25.726774,0.271234,86.469231,HOLD,HIGH,"trajectory=STRENGTHENING; growth=4, damage=0, breakdown=0; health_state=HEALTH_STRENGTHENING",True,HOLD
2026-06-06 22:43 UTC,CASE_03380,3380,ZONE_CASE_03380_EP_3380,FATIGUE_ZONE,5,HEALTH_STRENGTHENING,STRENGTHENING,81.184264,HIGH,POSITIVE,3.728088,16.71183,72.07183,24633.904185,5632.709766,4926.780837,107.982075,27.743568,0,5,0,0,17.067791,103.970051,3606.209433,30.29,93.9084,27.958935,0.297726,88.184264,HOLD,HIGH,"trajectory=STRENGTHENING; growth=5, damage=0, breakdown=0; health_state=HEALTH_STRENGTHENING",True,HOLD
2026-06-06 22:43 UTC,CASE_03384,3384,ZONE_CASE_03384_EP_3384,FATIGUE_ZONE,5,HEALTH_STRENGTHENING,STRENGTHENING,82.974259,HIGH,POSITIVE,4.324753,22.336634,82.976634,11653.62709,3160.743212,2330.725418,90.836113,25.707074,0,5,0,0,16.245925,27.831719,280.237384,10.07,98.2868,27.116275,0.275889,89.974259,HOLD,HIGH,"trajectory=STRENGTHENING; growth=5, damage=0, breakdown=0; health_state=HEALTH_STRENGTHENING",True,HOLD
2026-06-06 22:43 UTC,CASE_03388,3388,ZONE_CASE_03388_EP_3388,EXHAUSTED_ZONE,4,HEALTH_COLLAPSING,TERMINAL,-99.97157,HIGH,NEGATIVE,-1.65719,-5.644733,15.655267,14174.334581,4051.753786,3543.583645,88.565551,30.310184,1,0,3,0,16.242516,127.006767,12790.146617,87.19,24.896772,40.060459,1.609062,-100.0,FAIL,HIGH,trajectory=TERMINAL; breakdown_count=3,True,FAIL
2026-06-06 22:43 UTC,CASE_03409,3409,ZONE_CASE_03409_EP_3409,EXHAUSTED_ZONE,5,HEALTH_COLLAPSING,TERMINAL,-98.084783,HIGH,NEGATIVE,-1.028261,-7.106904,14.193096,17776.296095,4873.768544,3555.259219,81.030425,22.725574,1,0,4,0,15.998942,378.937267,113856.135436,260.14,19.607442,50.039809,2.552082,-100.0,FAIL,HIGH,trajectory=TERMINAL; breakdown_count=4,True,FAIL
2026-06-06 22:43 UTC,CASE_03416,3416,ZONE_CASE_03416_EP_3416,ELASTIC_ZONE,2,HEALTH_STRENGTHENING,STRENGTHENING,94.0,MEDIUM,POSITIVE,8.0,11.294118,77.454118,10692.107657,6067.759356,5346.053829,41.14768,23.402736,0,2,0,0,26.322151,269.124588,18686.38238,81.87,89.7757,23.578338,0.262636,100.0,HOLD,MEDIUM,"trajectory=STRENGTHENING; growth=2, damage=0, breakdown=0; health_state=HEALTH_STRENGTHENING",True,HOLD
2026-06-06 22:43 UTC,CASE_03425,3425,ZONE_CASE_03425_EP_3425,EXHAUSTED_ZONE,4,HEALTH_STABLE,STABLE,10.0,HIGH,NEUTRAL,0.122377,-2.064345,23.525487,17409.532065,4582.184698,4352.383016,85.87638,23.614518,3,0,0,1,19.035958,4.694837,15.888033,2.93,68.62191,26.847382,0.391236,10.0,HOLD,HIGH,"trajectory=STABLE; growth=0, damage=3, breakdown=0; health_state=HEALTH_STABLE",True,HOLD
2026-06-06 22:43 UTC,CASE_03427,3427,ZONE_CASE_03427_EP_3427,EXHAUSTED_ZONE,4,HEALTH_STABLE,STABLE,10.0,HIGH,NEUTRAL,-0.145691,-0.373532,25.2163,15654.486971,5052.546503,3913.621743,58.996635,17.359696,3,0,0,1,19.885366,31.169715,725.78058,20.16,66.706219,29.007832,0.434859,10.0,HOLD,HIGH,"trajectory=STABLE; growth=0, damage=3, breakdown=0; health_state=HEALTH_STABLE",True,HOLD
2026-06-06 22:43 UTC,CASE_03428,3428,ZONE_CASE_03428_EP_3428,RECOVERED_ZONE,3,HEALTH_STRENGTHENING,STRENGTHENING,86.776699,HIGH,POSITIVE,5.592233,12.349515,104.349515,14665.157576,6548.381052,4888.385859,36.65831,13.306197,0,3,0,0,26.073113,5.624329,40.197867,9.52,95.086036,25.299312,0.266068,93.776699,HOLD,HIGH,"trajectory=STRENGTHENING; growth=3, damage=0, breakdown=0; health_state=HEALTH_STRENGTHENING",True,HOLD
2026-06-06 22:43 UTC,CASE_03431,3431,ZONE_CASE_03431_EP_3431,FATIGUE_ZONE,4,HEALTH_STRENGTHENING,STRENGTHENING,88.0,HIGH,POSITIVE,6.0,22.888889,77.888889,9738.570362,3050.545909,2434.642591,76.088349,24.47429,0,4,0,0,11.434301,58.991258,1013.166007,14.87,94.8409,26.890757,0.283535,90.0,HOLD,HIGH,"trajectory=STRENGTHENING; growth=4, damage=0, breakdown=0; health_state=HEALTH_STRENGTHENING",True,HOLD
2026-06-06 22:43 UTC,CASE_03442,3442,ZONE_CASE_03442_EP_3442,EXHAUSTED_ZONE,2,HEALTH_COLLAPSING,TERMINAL,-91.763601,MEDIUM,NEGATIVE,-0.587867,-5.533259,15.266741,5954.873704,3003.555662,2977.436852,47.793487,24.276116,0,0,2,0,16.119424,98.99316,10054.804556,87.94,24.127193,33.507151,1.388771,-100.0,FAIL,MEDIUM,trajectory=TERMINAL; breakdown_count=2,True,FAIL
2026-06-06 22:43 UTC,CASE_03447,3447,ZONE_CASE_03447_EP_3447,FATIGUE_ZONE,3,HEALTH_STRENGTHENING,STRENGTHENING,79.658581,HIGH,POSITIVE,3.219527,15.466342,70.466342,5995.070819,2208.800294,1998.35694,67.916382,25.68171,0,3,0,0,13.617873,49.204807,835.992131,14.71,96.3867,24.380433,0.252944,81.658581,HOLD,HIGH,"trajectory=STRENGTHENING; growth=3, damage=0, breakdown=0; health_state=HEALTH_STRENGTHENING",True,HOLD
2026-06-06 22:43 UTC,CASE_03460,3460,ZONE_CASE_03460_EP_3460,EXHAUSTED_ZONE,4,HEALTH_COLLAPSING,TERMINAL,-97.075247,HIGH,NEGATIVE,-0.691749,-2.147831,19.152169,10565.175643,3452.309114,2641.293911,71.987264,24.078912,2,0,2,0,16.394206,10.591423,80.860748,6.61,34.735539,42.931907,1.235965,-100.0,FAIL,HIGH,trajectory=TERMINAL; breakdown_count=2,True,FAIL
2026-06-06 22:43 UTC,CASE_03461,3461,ZONE_CASE_03461_EP_3461,EXHAUSTED_ZONE,2,HEALTH_COLLAPSING,TERMINAL,-90.760575,MEDIUM,NEGATIVE,-0.253525,-1.202568,19.597432,7998.057045,5000.56804,3999.028522,38.321848,23.775829,0,0,2,0,16.605623,240.382047,35243.782088,126.94,21.843659,46.36482,2.122576,-100.0,FAIL,MEDIUM,trajectory=TERMINAL; breakdown_count=2,True,FAIL
2026-06-06 22:43 UTC,CASE_03462,3462,ZONE_CASE_03462_EP_3462,EXHAUSTED_ZONE,2,HEALTH_COLLAPSING,TERMINAL,-90.787626,MEDIUM,NEGATIVE,-0.262542,-1.074458,19.725542,8250.392978,5206.438847,4125.196489,37.244259,23.191874,0,0,2,0,16.88939,149.512267,17724.559643,102.64,25.50133,47.811592,1.874867,-100.0,FAIL,MEDIUM,trajectory=TERMINAL; breakdown_count=2,True,FAIL
2026-06-06 22:43 UTC,CASE_03469,3469,ZONE_CASE_03469_EP_3469,EXHAUSTED_ZONE,5,HEALTH_COLLAPSING,TERMINAL,-97.505333,HIGH,NEGATIVE,-0.835111,-1.987492,18.812508,14440.798181,4762.58823,2888.159636,70.00706,23.45113,2,0,3,0,16.610414,98.607593,7008.899521,61.54,28.141147,47.849384,1.700335,-100.0,FAIL,HIGH,trajectory=TERMINAL; breakdown_count=3,True,FAIL
2026-06-06 22:43 UTC,CASE_03478,3478,ZONE_CASE_03478_EP_3478,FATIGUE_ZONE,3,HEALTH_STRENGTHENING,STRENGTHENING,86.269228,HIGH,POSITIVE,5.423076,12.461538,67.461538,8001.32842,2988.546697,2667.109473,54.775887,18.837962,0,3,0,0,11.632694,25.518971,241.984918,8.21,97.8063,24.58252,0.251339,88.269228,HOLD,HIGH,"trajectory=STRENGTHENING; growth=3, damage=0, breakdown=0; health_state=HEALTH_STRENGTHENING",True,HOLD
2026-06-06 22:43 UTC,CASE_03481,3481,ZONE_CASE_03481_EP_3481,EXHAUSTED_ZONE,4,HEALTH_COLLAPSING,TERMINAL,-96.918827,HIGH,NEGATIVE,-0.639609,-5.093502,15.706498,10850.139887,4881.683832,2712.534972,67.654889,26.127218,1,0,3,0,16.393887,16.445767,214.451979,11.29,23.452758,47.830416,2.039437,-100.0,FAIL,HIGH,trajectory=TERMINAL; breakdown_count=3,True,FAIL
2026-06-06 22:43 UTC,CASE_03483,3483,ZONE_CASE_03483_EP_3483,RECOVERED_ZONE,3,HEALTH_STRENGTHENING,STRENGTHENING,92.455444,HIGH,POSITIVE,7.485148,15.445545,113.085545,13048.167706,5303.561131,4349.389235,53.75688,23.888607,0,3,0,0,25.718181,14.179115,203.939084,22.13,99.4487,25.191136,0.253308,99.455444,HOLD,HIGH,"trajectory=STRENGTHENING; growth=3, damage=0, breakdown=0; health_state=HEALTH_STRENGTHENING",True,HOLD
2026-06-06 22:43 UTC,CASE_03488,3488,ZONE_CASE_03488_EP_3488,EXHAUSTED_ZONE,5,HEALTH_COLLAPSING,TERMINAL,-98.082212,HIGH,NEGATIVE,-1.027404,-3.694754,17.105246,26499.577372,8698.465391,5299.915474,86.425521,36.205432,2,0,2,0,29.922787,68.5026,4754.351025,60.09,28.69474,49.247153,1.716243,-100.0,FAIL,HIGH,trajectory=TERMINAL; breakdown_count=2,True,FAIL
2026-06-06 22:43 UTC,CASE_03493,3493,ZONE_CASE_03493_EP_3493,FATIGUE_ZONE,3,HEALTH_STRENGTHENING,STRENGTHENING,88.352941,HIGH,POSITIVE,6.117647,19.294118,74.294118,5639.971743,2428.357226,1879.990581,57.976579,27.742037,0,3,0,0,11.806638,340.404872,36710.061348,93.37,71.1683,27.608648,0.387935,83.352941,HOLD,HIGH,"trajectory=STRENGTHENING; growth=3, damage=0, breakdown=0; health_state=HEALTH_STRENGTHENING",True,HOLD
2026-06-06 22:43 UTC,CASE_03495,3495,ZONE_CASE_03495_EP_3495,ELASTIC_ZONE,4,HEALTH_STRENGTHENING,STRENGTHENING,82.372816,HIGH,POSITIVE,4.124272,13.980583,70.060583,5103.900684,1460.960204,1275.975171,54.330634,17.930034,0,4,0,0,11.203928,479.696605,73418.550212,136.01,57.185,28.036068,0.49027,77.372816,HOLD,HIGH,"trajectory=STRENGTHENING; growth=4, damage=0, breakdown=0; health_state=HEALTH_STRENGTHENING",True,HOLD
2026-06-06 22:43 UTC,CASE_03497,3497,ZONE_CASE_03497_EP_3497,FATIGUE_ZONE,4,HEALTH_STRENGTHENING,STRENGTHENING,82.699303,HIGH,POSITIVE,4.233101,14.95963,69.95963,5968.165353,1696.515057,1492.041338,83.16421,25.126597,0,4,0,0,9.623431,1.297549,0.569494,0.38,99.8652,26.03491,0.260701,84.699303,HOLD,HIGH,"trajectory=STRENGTHENING; growth=4, damage=0, breakdown=0; health_state=HEALTH_STRENGTHENING",True,HOLD
2026-06-06 22:43 UTC,CASE_03506,3506,ZONE_CASE_03506_EP_3506,EXHAUSTED_ZONE,5,HEALTH_COLLAPSING,TERMINAL,-98.454719,HIGH,NEGATIVE,-1.151573,-5.064167,15.735833,11905.018378,3285.450789,2381.003676,82.787551,22.228605,1,0,3,1,16.376941,6.44138,29.907971,4.02,31.80177,47.024842,1.478686,-100.0,FAIL,HIGH,trajectory=TERMINAL; breakdown_count=3,True,FAIL
2026-06-06 22:43 UTC,CASE_03507,3507,ZONE_CASE_03507_EP_3507,EXHAUSTED_ZONE,6,HEALTH_COLLAPSING,TERMINAL,-97.474718,HIGH,NEGATIVE,-0.824906,-2.414105,18.885895,15189.689401,3727.02607,2531.6149,99.276063,23.527354,2,0,3,1,15.582443,194.23206,34747.717358,154.89,24.395754,47.377207,1.942027,-100.0,FAIL,HIGH,trajectory=TERMINAL; breakdown_count=3,True,FAIL
2026-06-06 22:43 UTC,CASE_03511,3511,ZONE_CASE_03511_EP_3511,EXHAUSTED_ZONE,5,HEALTH_COLLAPSING,TERMINAL,-99.472466,HIGH,NEGATIVE,-1.490822,-6.804062,14.495938,10188.823757,2945.318409,2037.764751,85.11922,22.958932,1,0,3,1,16.473072,56.45508,2935.556895,45.02,31.028689,52.226337,1.683163,-100.0,FAIL,HIGH,trajectory=TERMINAL; breakdown_count=3,True,FAIL
2026-06-06 22:43 UTC,CASE_03526,3526,ZONE_CASE_03526_EP_3526,EXHAUSTED_ZONE,4,HEALTH_COLLAPSING,TERMINAL,-98.550962,HIGH,NEGATIVE,-1.183654,-6.100426,15.199574,9291.640625,3042.846512,2322.910156,80.533551,29.06201,2,0,2,0,17.159158,19.070516,290.969351,13.21,33.180656,49.829065,1.50175,-100.0,FAIL,HIGH,trajectory=TERMINAL; breakdown_count=2,True,FAIL
2026-06-06 22:43 UTC,CASE_03529,3529,ZONE_CASE_03529_EP_3529,EXHAUSTED_ZONE,4,HEALTH_COLLAPSING,TERMINAL,-99.963638,HIGH,NEGATIVE,-1.654546,-6.377108,14.422892,11124.178237,3157.776733,2781.044559,84.361652,23.177823,3,0,1,0,19.869513,73.49694,4975.34228,58.61,43.24955,41.324788,0.955496,-100.0,FAIL,HIGH,trajectory=TERMINAL; breakdown_count=1,True,FAIL
2026-06-06 22:43 UTC,CASE_03532,3532,ZONE_CASE_03532_EP_3532,EXHAUSTED_ZONE,3,HEALTH_WEAKENING,DEGRADING,-52.732383,HIGH,NEGATIVE,-2.577461,-5.937758,15.362242,8700.666503,2963.590803,2900.222168,71.764579,26.041679,3,0,0,0,20.401708,10.783703,83.823341,6.73,51.183974,40.463287,0.790546,-67.732383,FAIL,HIGH,trajectory=DEGRADING; breakdown_count=0,True,FAIL
2026-06-06 22:43 UTC,CASE_03533,3533,ZONE_CASE_03533_EP_3533,EXHAUSTED_ZONE,4,HEALTH_COLLAPSING,TERMINAL,-97.823924,HIGH,NEGATIVE,-0.941308,-3.453164,17.346836,11875.646418,3163.181379,2968.911605,94.899099,27.83631,1,0,3,0,18.319716,78.339533,4866.130598,53.78,27.295182,66.083693,2.421075,-100.0,FAIL,HIGH,trajectory=TERMINAL; breakdown_count=3,True,FAIL
2026-06-06 22:43 UTC,CASE_03544,3544,ZONE_CASE_03544_EP_3544,EXHAUSTED_ZONE,3,HEALTH_WEAKENING,DEGRADING,-46.934664,HIGH,NEGATIVE,-0.644888,-1.621224,19.178776,9456.265566,4653.821199,3152.088522,48.10012,25.786608,3,0,0,0,16.597296,436.10852,125669.445426,249.49,11.661855,42.986745,3.686098,-73.934664,FAIL,HIGH,trajectory=DEGRADING; breakdown_count=0,True,FAIL
2026-06-06 22:43 UTC,CASE_03553,3553,ZONE_CASE_03553_EP_3553,RECOVERED_ZONE,3,HEALTH_STRENGTHENING,STRENGTHENING,94.277503,HIGH,POSITIVE,8.092501,21.669903,113.669903,8449.929354,3229.399845,2816.643118,62.357106,25.655004,0,3,0,0,25.542932,20.7828,469.952935,30.12,99.1864,26.547306,0.267651,100.0,HOLD,HIGH,"trajectory=STRENGTHENING; growth=3, damage=0, breakdown=0; health_state=HEALTH_STRENGTHENING",True,HOLD
2026-06-06 22:43 UTC,CASE_03558,3558,ZONE_CASE_03558_EP_3558,ELASTIC_ZONE,5,HEALTH_STRENGTHENING,STRENGTHENING,81.641122,HIGH,POSITIVE,3.880374,22.654206,77.654206,9363.717123,3276.788477,1872.743425,83.188454,31.359071,0,5,0,0,13.449288,419.383052,56498.949259,116.64,68.342453,28.86385,0.422341,76.641122,HOLD,HIGH,"trajectory=STRENGTHENING; growth=5, damage=0, breakdown=0; health_state=HEALTH_STRENGTHENING",True,HOLD
2026-06-06 22:43 UTC,CASE_03567,3567,ZONE_CASE_03567_EP_3567,ELASTIC_ZONE,5,HEALTH_STRENGTHENING,STRENGTHENING,80.57122,HIGH,POSITIVE,3.52374,16.721311,71.721311,11569.127245,3389.523742,2313.825449,89.64107,25.640234,0,5,0,0,12.804498,100.836,3262.200896,28.01,92.125,28.462128,0.308951,75.57122,HOLD,HIGH,"trajectory=STRENGTHENING; growth=5, damage=0, breakdown=0; health_state=HEALTH_STRENGTHENING",True,HOLD
2026-06-06 22:43 UTC,CASE_03578,3578,ZONE_CASE_03578_EP_3578,ELASTIC_ZONE,5,HEALTH_STRENGTHENING,STRENGTHENING,84.579349,HIGH,POSITIVE,4.859783,22.811881,77.811881,7721.348796,2151.065539,1544.269759,95.699577,23.086045,0,5,0,0,11.285597,558.715538,97184.656826,150.6,49.512931,28.299416,0.571556,79.579349,HOLD,HIGH,"trajectory=STRENGTHENING; growth=5, damage=0, breakdown=0; health_state=HEALTH_STRENGTHENING",True,HOLD
2026-06-06 22:43 UTC,CASE_03584,3584,ZONE_CASE_03584_EP_3584,FATIGUE_ZONE,1,UNKNOWN,UNKNOWN,5.0,LOW,NEUTRAL,,6.222893,61.222893,2654.513643,2654.513643,2654.513643,20.018169,20.018169,0,1,0,0,11.271651,35.39875,448.514552,10.97,96.8595,19.81534,0.204578,0.0,NO_PREDICTION,LOW,confidence=LOW; visit_count=1 — insufficient structural evidence,True,NO_PREDICTION
2026-06-06 22:43 UTC,CASE_03590,3590,ZONE_CASE_03590_EP_3590,EXHAUSTED_ZONE,3,HEALTH_COLLAPSING,TERMINAL,-100.0,HIGH,NEGATIVE,-2.378218,-8.427729,12.872271,8648.462133,3121.173876,2882.820711,61.149467,25.742283,2,0,1,0,18.251596,12.696402,135.791828,9.26,51.601813,30.521383,0.591479,-100.0,FAIL,HIGH,trajectory=TERMINAL; breakdown_count=1,True,FAIL
2026-06-06 22:43 UTC,CASE_03596,3596,ZONE_CASE_03596_EP_3596,EXHAUSTED_ZONE,2,HEALTH_COLLAPSING,TERMINAL,-96.840011,MEDIUM,NEGATIVE,-0.613337,-3.151413,18.148587,4224.561645,2627.164142,2112.280822,30.114353,18.110945,1,0,1,0,15.738932,2.83835,6.491023,1.98,33.257099,31.17234,0.937314,-100.0,FAIL,MEDIUM,trajectory=TERMINAL; breakdown_count=1,True,FAIL
2026-06-06 22:43 UTC,CASE_03597,3597,ZONE_CASE_03597_EP_3597,EXHAUSTED_ZONE,2,HEALTH_WEAKENING,DEGRADING,-47.523267,MEDIUM,NEGATIVE,-0.841089,-4.229183,16.570817,5627.315002,2829.334889,2813.657501,36.850744,18.560707,2,0,0,0,15.683534,44.75902,1607.766378,31.1,28.479079,32.926763,1.156174,-74.523267,FAIL,MEDIUM,trajectory=DEGRADING; breakdown_count=0,True,FAIL
2026-06-06 22:43 UTC,CASE_03616,3616,ZONE_CASE_03616_EP_3616,ELASTIC_ZONE,3,HEALTH_STRENGTHENING,STRENGTHENING,91.056604,HIGH,POSITIVE,7.018868,18.339623,80.419623,10166.777287,3632.269703,3388.925762,67.385761,24.848303,0,3,0,0,14.375377,68.704672,1556.399707,23.59,95.2207,23.638742,0.248252,93.056604,HOLD,HIGH,"trajectory=STRENGTHENING; growth=3, damage=0, breakdown=0; health_state=HEALTH_STRENGTHENING",True,HOLD
2026-06-06 22:43 UTC,CASE_03617,3617,ZONE_CASE_03617_EP_3617,FATIGUE_ZONE,3,HEALTH_STRENGTHENING,STRENGTHENING,85.539568,HIGH,POSITIVE,5.179856,12.258993,67.258993,7367.219504,3302.610649,2455.739835,54.360383,20.314432,0,3,0,0,9.354585,146.288909,6082.692836,36.0,84.3618,23.716398,0.281127,87.539568,HOLD,HIGH,"trajectory=STRENGTHENING; growth=3, damage=0, breakdown=0; health_state=HEALTH_STRENGTHENING",True,HOLD
2026-06-06 22:43 UTC,CASE_03620,3620,ZONE_CASE_03620_EP_3620,ELASTIC_ZONE,4,HEALTH_STRENGTHENING,STRENGTHENING,86.766319,HIGH,POSITIVE,5.588773,16.825322,71.825322,14311.071824,5310.973211,3577.767956,67.304361,24.508351,0,4,0,0,15.090947,1033.62,321904.617804,269.64,30.827423,25.957822,0.842037,86.766319,HOLD,HIGH,"trajectory=STRENGTHENING; growth=4, damage=0, breakdown=0; health_state=HEALTH_STRENGTHENING",True,HOLD
2026-06-06 22:43 UTC,CASE_03622,3622,ZONE_CASE_03622_EP_3622,ELASTIC_ZONE,5,HEALTH_STRENGTHENING,STRENGTHENING,81.049672,HIGH,POSITIVE,3.683224,18.742857,73.742857,23138.106761,5403.053994,4627.621352,112.325503,29.060416,0,5,0,0,15.227905,235.9225,15245.842776,55.95,84.5072,27.553953,0.326055,81.049672,HOLD,HIGH,"trajectory=STRENGTHENING; growth=5, damage=0, breakdown=0; health_state=HEALTH_STRENGTHENING",True,HOLD
2026-06-06 22:43 UTC,CASE_03625,3625,ZONE_CASE_03625_EP_3625,FATIGUE_ZONE,6,HEALTH_STRENGTHENING,STRENGTHENING,79.950589,HIGH,POSITIVE,3.316863,17.071219,72.071219,11493.294839,2562.334114,1915.54914,127.413148,29.077933,0,6,0,0,9.742595,258.461575,23690.794734,79.36,73.471,27.915148,0.379948,74.950589,HOLD,HIGH,"trajectory=STRENGTHENING; growth=6, damage=0, breakdown=0; health_state=HEALTH_STRENGTHENING",True,HOLD
2026-06-06 22:43 UTC,CASE_03629,3629,ZONE_CASE_03629_EP_3629,RECOVERED_ZONE,5,HEALTH_STRENGTHENING,STRENGTHENING,85.518445,HIGH,POSITIVE,5.172815,22.368932,114.368932,24134.186857,5766.904657,4826.837371,109.667473,28.731234,0,5,0,0,21.954631,1.046474,1.209886,1.54,99.9523,27.236728,0.272497,92.518445,HOLD,HIGH,"trajectory=STRENGTHENING; growth=5, damage=0, breakdown=0; health_state=HEALTH_STRENGTHENING",True,HOLD
2026-06-06 22:43 UTC,CASE_03634,3634,ZONE_CASE_03634_EP_3634,FATIGUE_ZONE,1,UNKNOWN,UNKNOWN,5.0,LOW,NEUTRAL,,11.643564,66.643564,3247.728892,3247.728892,3247.728892,24.092378,24.092378,0,1,0,0,11.806381,294.662249,28353.300319,83.31,75.0421,19.693036,0.262427,0.0,NO_PREDICTION,LOW,confidence=LOW; visit_count=1 — insufficient structural evidence,True,NO_PREDICTION
2026-06-06 22:43 UTC,CASE_03638,3638,ZONE_CASE_03638_EP_3638,FATIGUE_ZONE,3,HEALTH_STRENGTHENING,STRENGTHENING,80.38189,HIGH,POSITIVE,3.46063,10.921261,65.921261,7915.277898,3622.041014,2638.425966,51.084223,21.175176,0,3,0,0,13.58515,877.741333,211030.784438,208.16,34.502454,25.072621,0.726691,75.38189,HOLD,HIGH,"trajectory=STRENGTHENING; growth=3, damage=0, breakdown=0; health_state=HEALTH_STRENGTHENING",True,HOLD
2026-06-06 22:43 UTC,CASE_03639,3639,ZONE_CASE_03639_EP_3639,RECOVERED_ZONE,3,HEALTH_STRENGTHENING,STRENGTHENING,80.643553,HIGH,POSITIVE,3.547851,9.471941,94.471941,13762.988558,6468.749977,4587.662853,46.970224,20.544371,0,3,0,0,24.532445,115.094049,14810.999408,171.41,95.3085,24.859954,0.260837,87.643553,HOLD,HIGH,"trajectory=STRENGTHENING; growth=3, damage=0, breakdown=0; health_state=HEALTH_STRENGTHENING",True,HOLD
2026-06-06 22:43 UTC,CASE_03641,3641,ZONE_CASE_03641_EP_3641,EXHAUSTED_ZONE,3,HEALTH_WEAKENING,DEGRADING,-47.775957,HIGH,NEGATIVE,-0.925319,-1.971237,18.828763,9668.984568,4924.465622,3222.994856,41.69708,21.063172,3,0,0,0,18.703092,19.1406,290.491144,13.14,45.780518,29.39812,0.642154,-62.775957,FAIL,HIGH,trajectory=DEGRADING; breakdown_count=0,True,FAIL
2026-06-06 22:43 UTC,CASE_03643,3643,ZONE_CASE_03643_EP_3643,RECOVERED_ZONE,3,HEALTH_STRENGTHENING,STRENGTHENING,80.984197,HIGH,POSITIVE,3.661399,16.941176,101.941176,12930.000507,5565.367055,4310.000169,54.383458,24.340027,0,3,0,0,24.432042,59.54869,5229.728821,116.98,97.5627,24.870288,0.254916,87.984197,HOLD,HIGH,"trajectory=STRENGTHENING; growth=3, damage=0, breakdown=0; health_state=HEALTH_STRENGTHENING",True,HOLD
2026-06-06 22:43 UTC,CASE_03645,3645,ZONE_CASE_03645_EP_3645,ELASTIC_ZONE,4,HEALTH_STRENGTHENING,STRENGTHENING,88.426705,HIGH,POSITIVE,6.142235,21.386139,76.386139,11235.480723,3822.275529,2808.870181,76.523789,28.164292,0,4,0,0,12.939237,76.351665,2423.356036,27.48,94.0992,26.22501,0.278695,90.426705,HOLD,HIGH,"trajectory=STRENGTHENING; growth=4, damage=0, breakdown=0; health_state=HEALTH_STRENGTHENING",True,HOLD
2026-06-06 22:43 UTC,CASE_03648,3648,ZONE_CASE_03648_EP_3648,EXHAUSTED_ZONE,4,HEALTH_COLLAPSING,TERMINAL,-97.761299,HIGH,NEGATIVE,-0.920433,-1.70689,19.09311,10236.661987,4316.912859,2559.165497,62.007941,28.00802,2,0,2,0,15.881872,82.9426,5454.778149,56.94,28.342188,40.994756,1.446422,-100.0,FAIL,HIGH,trajectory=TERMINAL; breakdown_count=2,True,FAIL
2026-06-06 22:43 UTC,CASE_03649,3649,ZONE_CASE_03649_EP_3649,FATIGUE_ZONE,4,HEALTH_STRENGTHENING,STRENGTHENING,89.747686,HIGH,POSITIVE,6.582562,20.19802,75.19802,7857.514818,2969.776939,1964.378705,79.362018,27.567333,0,4,0,0,11.979436,390.78,58792.968234,130.26,67.3791,27.363102,0.406107,84.747686,HOLD,HIGH,"trajectory=STRENGTHENING; growth=4, damage=0, breakdown=0; health_state=HEALTH_STRENGTHENING",True,HOLD
2026-06-06 22:43 UTC,CASE_03681,3681,ZONE_CASE_03681_EP_3681,FATIGUE_ZONE,3,HEALTH_STRENGTHENING,STRENGTHENING,93.887848,HIGH,POSITIVE,7.962616,21.53271,76.53271,6863.160892,2453.017076,2287.720297,68.461854,25.462938,0,3,0,0,9.284869,18.037461,139.166227,6.68,98.0573,24.37893,0.248619,95.887848,HOLD,HIGH,"trajectory=STRENGTHENING; growth=3, damage=0, breakdown=0; health_state=HEALTH_STRENGTHENING",True,HOLD
2026-06-06 22:43 UTC,CASE_03682,3682,ZONE_CASE_03682_EP_3682,FATIGUE_ZONE,3,HEALTH_STRENGTHENING,STRENGTHENING,93.22468,HIGH,POSITIVE,7.74156,21.308411,76.308411,8255.880917,3503.069693,2751.960306,61.48379,25.980152,0,3,0,0,11.604274,134.7225,4971.563376,31.95,88.3903,24.133847,0.273037,95.22468,HOLD,HIGH,"trajectory=STRENGTHENING; growth=3, damage=0, breakdown=0; health_state=HEALTH_STRENGTHENING",True,HOLD
2026-06-06 22:43 UTC,CASE_03686,3686,ZONE_CASE_03686_EP_3686,EXHAUSTED_ZONE,4,HEALTH_COLLAPSING,TERMINAL,-95.158187,HIGH,NEGATIVE,-0.052729,-4.361584,16.938416,17331.823009,5422.437614,4332.955752,70.58958,20.809416,1,0,3,0,15.49159,244.8492,60739.961408,214.78,24.014661,39.410054,1.641083,-100.0,FAIL,HIGH,trajectory=TERMINAL; breakdown_count=3,True,FAIL
2026-06-06 22:43 UTC,CASE_03692,3692,ZONE_CASE_03692_EP_3692,RECOVERED_ZONE,2,HEALTH_STRENGTHENING,STRENGTHENING,94.237624,MEDIUM,POSITIVE,8.079208,20.19802,105.19802,11601.248936,5890.647738,5800.624468,42.697778,21.457255,0,2,0,0,24.57547,58.159155,4705.55996,107.77,97.6334,24.028117,0.246106,100.0,HOLD,MEDIUM,"trajectory=STRENGTHENING; growth=2, damage=0, breakdown=0; health_state=HEALTH_STRENGTHENING",True,HOLD
2026-06-06 22:43 UTC,CASE_03699,3699,ZONE_CASE_03699_EP_3699,FATIGUE_ZONE,3,HEALTH_STRENGTHENING,STRENGTHENING,86.574916,HIGH,POSITIVE,5.524972,14.522623,69.522623,8291.203795,2842.272374,2763.734598,76.930986,26.906821,0,3,0,0,11.976656,63.013237,1202.33037,16.52,94.7387,24.571784,0.259364,88.574916,HOLD,HIGH,"trajectory=STRENGTHENING; growth=3, damage=0, breakdown=0; health_state=HEALTH_STRENGTHENING",True,HOLD
2026-06-06 22:43 UTC,CASE_03702,3702,ZONE_CASE_03702_EP_3702,EXHAUSTED_ZONE,2,HEALTH_STABLE,STABLE,10.0,MEDIUM,NEUTRAL,0.222666,-0.117798,25.472034,6360.389176,3385.041218,3180.194588,45.105409,23.878538,2,0,0,0,16.169688,38.858036,1110.356721,24.74,58.420153,27.644561,0.473202,10.0,HOLD,MEDIUM,"trajectory=STABLE; growth=0, damage=2, breakdown=0; health_state=HEALTH_STABLE",True,HOLD
2026-06-06 22:43 UTC,CASE_03714,3714,ZONE_CASE_03714_EP_3714,RECOVERED_ZONE,2,HEALTH_STRENGTHENING,STRENGTHENING,75.573829,MEDIUM,POSITIVE,1.857943,9.547263,104.187263,10793.004269,6295.63509,5396.502135,36.325568,20.153037,0,2,0,0,26.711722,20.093012,415.899935,29.42,99.2478,22.765158,0.229377,82.573829,HOLD,MEDIUM,"trajectory=STRENGTHENING; growth=2, damage=0, breakdown=0; health_state=HEALTH_STRENGTHENING",True,HOLD
2026-06-06 22:43 UTC,CASE_03743,3743,ZONE_CASE_03743_EP_3743,FATIGUE_ZONE,4,HEALTH_STRENGTHENING,STRENGTHENING,79.110736,HIGH,POSITIVE,3.036912,16.833333,71.833333,15568.620889,5207.106576,3892.155222,69.997102,22.123795,0,4,0,0,11.668495,150.872333,6234.934946,35.78,87.0701,27.458834,0.315365,74.110736,HOLD,HIGH,"trajectory=STRENGTHENING; growth=4, damage=0, breakdown=0; health_state=HEALTH_STRENGTHENING",True,HOLD
2026-06-06 22:43 UTC,CASE_03744,3744,ZONE_CASE_03744_EP_3744,EXHAUSTED_ZONE,3,HEALTH_COLLAPSING,TERMINAL,-100.0,HIGH,NEGATIVE,-1.767333,-3.916532,16.883468,21152.375137,13058.383665,7050.791712,53.54965,34.679543,2,0,1,0,16.170986,229.934833,41920.971464,157.85,25.090394,45.795252,1.825211,-100.0,FAIL,HIGH,trajectory=TERMINAL; breakdown_count=1,True,FAIL
2026-06-06 22:43 UTC,CASE_03747,3747,ZONE_CASE_03747_EP_3747,FATIGUE_ZONE,2,HEALTH_STRENGTHENING,STRENGTHENING,91.995901,MEDIUM,POSITIVE,7.331967,9.99814,64.99814,4499.589689,2250.766416,2249.794845,41.848894,21.402509,0,2,0,0,10.841489,152.6759,6812.03987,38.63,85.9174,22.782358,0.265166,93.995901,HOLD,MEDIUM,"trajectory=STRENGTHENING; growth=2, damage=0, breakdown=0; health_state=HEALTH_STRENGTHENING",True,HOLD
2026-06-06 22:43 UTC,CASE_03751,3751,ZONE_CASE_03751_EP_3751,FATIGUE_ZONE,8,HEALTH_STRENGTHENING,STRENGTHENING,77.790952,HIGH,POSITIVE,2.596984,20.756757,75.756757,13811.808224,2416.864873,1726.476028,133.759671,19.890603,0,8,0,0,9.676421,1017.704,260056.142069,221.24,0.0,31.282018,,72.790952,HOLD,HIGH,"trajectory=STRENGTHENING; growth=8, damage=0, breakdown=0; health_state=HEALTH_STRENGTHENING",True,HOLD
2026-06-06 22:43 UTC,CASE_03752,3752,ZONE_CASE_03752_EP_3752,EXHAUSTED_ZONE,5,HEALTH_COLLAPSING,TERMINAL,-96.606716,HIGH,NEGATIVE,-0.535572,-2.313258,18.486742,17176.255402,4810.337351,3435.25108,77.98975,19.585568,3,0,1,1,19.314707,318.01896,85388.997114,232.47,33.431619,37.64393,1.125998,-100.0,FAIL,HIGH,trajectory=TERMINAL; breakdown_count=1,True,FAIL
2026-06-06 22:43 UTC,CASE_03753,3753,ZONE_CASE_03753_EP_3753,FATIGUE_ZONE,5,HEALTH_STRENGTHENING,STRENGTHENING,84.330034,HIGH,POSITIVE,4.776678,21.882353,76.882353,29030.489009,7147.235859,5806.097802,110.644846,29.528241,0,5,0,0,23.074468,161.230467,8225.389935,44.17,93.0126,28.349475,0.304792,84.330034,HOLD,HIGH,"trajectory=STRENGTHENING; growth=5, damage=0, breakdown=0; health_state=HEALTH_STRENGTHENING",True,HOLD
2026-06-06 22:43 UTC,CASE_03759,3759,ZONE_CASE_03759_EP_3759,FATIGUE_ZONE,3,HEALTH_STRENGTHENING,STRENGTHENING,95.0,HIGH,POSITIVE,9.807692,21.461538,76.461538,5363.879065,2042.537953,1787.959688,51.358308,19.259343,0,3,0,0,9.26514,229.635143,18046.153275,68.04,74.946281,25.925383,0.34592,90.0,HOLD,HIGH,"trajectory=STRENGTHENING; growth=3, damage=0, breakdown=0; health_state=HEALTH_STRENGTHENING",True,HOLD
2026-06-06 22:43 UTC,CASE_03761,3761,ZONE_CASE_03761_EP_3761,FATIGUE_ZONE,3,HEALTH_STRENGTHENING,STRENGTHENING,87.310801,HIGH,POSITIVE,5.770267,21.230769,76.230769,9911.325259,3371.631722,3303.775086,64.929878,22.060975,0,3,0,0,11.466952,19.8605,108.042113,4.71,98.268,24.761514,0.251979,89.310801,HOLD,HIGH,"trajectory=STRENGTHENING; growth=3, damage=0, breakdown=0; health_state=HEALTH_STRENGTHENING",True,HOLD
2026-06-06 22:43 UTC,CASE_03763,3763,ZONE_CASE_03763_EP_3763,EXHAUSTED_ZONE,5,HEALTH_COLLAPSING,TERMINAL,-97.630493,HIGH,NEGATIVE,-0.876831,-2.415439,18.384561,11195.457437,3237.83924,2239.091487,78.532125,19.645275,2,0,2,1,16.988324,189.745386,36535.483562,166.71,21.15573,50.10552,2.368414,-100.0,FAIL,HIGH,trajectory=TERMINAL; breakdown_count=2,True,FAIL
2026-06-06 22:43 UTC,CASE_03769,3769,ZONE_CASE_03769_EP_3769,FATIGUE_ZONE,4,HEALTH_STRENGTHENING,STRENGTHENING,86.780842,HIGH,POSITIVE,5.593614,18.407767,73.407767,11889.663265,3446.358784,2972.415816,90.405946,25.297798,0,4,0,0,12.688365,41.634833,664.579368,13.82,96.7187,25.908855,0.267878,88.780842,HOLD,HIGH,"trajectory=STRENGTHENING; growth=4, damage=0, breakdown=0; health_state=HEALTH_STRENGTHENING",True,HOLD
2026-06-06 22:43 UTC,CASE_03776,3776,ZONE_CASE_03776_EP_3776,RECOVERED_ZONE,1,UNKNOWN,UNKNOWN,5.0,LOW,NEUTRAL,,13.132075,111.490285,11453.532151,11453.532151,11453.532151,26.325516,26.325516,0,1,0,0,26.812202,2.584395,5.400554,3.28,99.9036,19.969783,0.199891,0.0,NO_PREDICTION,LOW,confidence=LOW; visit_count=1 — insufficient structural evidence,True,NO_PREDICTION
2026-06-06 22:43 UTC,CASE_03779,3779,ZONE_CASE_03779_EP_3779,RECOVERED_ZONE,3,HEALTH_STRENGTHENING,STRENGTHENING,80.336635,HIGH,POSITIVE,3.445545,19.485149,119.485149,62782.429378,25588.754543,20927.476459,68.805323,34.902319,0,3,0,0,60.026925,28.529677,757.511736,43.74,99.5247,25.29896,0.254198,95.336635,HOLD,HIGH,"trajectory=STRENGTHENING; growth=3, damage=0, breakdown=0; health_state=HEALTH_STRENGTHENING",True,HOLD
2026-06-06 22:43 UTC,CASE_03781,3781,ZONE_CASE_03781_EP_3781,EXHAUSTED_ZONE,3,HEALTH_WEAKENING,DEGRADING,-49.42977,HIGH,NEGATIVE,-1.47659,-3.598944,19.961056,17609.413829,6350.66603,5869.80461,55.21699,21.352754,3,0,0,0,24.542699,223.105242,44272.044647,183.89,45.3846,29.643224,0.653156,-64.42977,FAIL,HIGH,trajectory=DEGRADING; breakdown_count=0,True,FAIL
2026-06-06 22:43 UTC,CASE_03784,3784,ZONE_CASE_03784_EP_3784,FATIGUE_ZONE,1,UNKNOWN,UNKNOWN,5.0,LOW,NEUTRAL,,16.99115,77.15115,2887.451439,2887.451439,2887.451439,21.525269,21.525269,0,1,0,0,11.562003,77.627885,1370.779043,17.43,93.2859,19.871481,0.213017,0.0,NO_PREDICTION,LOW,confidence=LOW; visit_count=1 — insufficient structural evidence,True,NO_PREDICTION
2026-06-06 22:43 UTC,CASE_03792,3792,ZONE_CASE_03792_EP_3792,FATIGUE_ZONE,1,UNKNOWN,UNKNOWN,5.0,LOW,NEUTRAL,,0.893777,57.693777,2351.336002,2351.336002,2351.336002,19.45994,19.45994,0,1,0,0,9.988103,256.573575,22322.63226,78.7,74.3121,19.775033,0.266108,0.0,NO_PREDICTION,LOW,confidence=LOW; visit_count=1 — insufficient structural evidence,True,NO_PREDICTION
2026-06-06 22:43 UTC,CASE_03794,3794,ZONE_CASE_03794_EP_3794,FATIGUE_ZONE,1,UNKNOWN,UNKNOWN,5.0,LOW,NEUTRAL,,18.514286,78.194286,4351.53248,4351.53248,4351.53248,22.61901,22.61901,0,1,0,0,13.442344,180.653729,8917.976752,48.1,86.5608,19.801043,0.228753,0.0,NO_PREDICTION,LOW,confidence=LOW; visit_count=1 — insufficient structural evidence,True,NO_PREDICTION
2026-06-06 22:43 UTC,CASE_03801,3801,ZONE_CASE_03801_EP_3801,EXHAUSTED_ZONE,3,HEALTH_COLLAPSING,TERMINAL,-99.400922,HIGH,NEGATIVE,-1.466974,-4.430681,16.369319,15263.082758,5957.083588,5087.694253,64.356792,24.0518,2,0,1,0,18.836959,3.300807,7.85361,2.06,49.69568,27.901267,0.561443,-100.0,FAIL,HIGH,trajectory=TERMINAL; breakdown_count=1,True,FAIL
2026-06-06 22:43 UTC,CASE_03812,3812,ZONE_CASE_03812_EP_3812,ELASTIC_ZONE,2,HEALTH_STRENGTHENING,STRENGTHENING,85.529413,MEDIUM,POSITIVE,5.176471,13.176471,113.176471,10076.136959,5140.816852,5038.068479,42.826818,22.26522,0,2,0,0,16.702766,484.375981,88254.596538,206.79,71.0003,23.317725,0.328417,85.529413,HOLD,MEDIUM,"trajectory=STRENGTHENING; growth=2, damage=0, breakdown=0; health_state=HEALTH_STRENGTHENING",True,HOLD
2026-06-06 22:43 UTC,CASE_03821,3821,ZONE_CASE_03821_EP_3821,EXHAUSTED_ZONE,4,HEALTH_COLLAPSING,TERMINAL,-99.037373,HIGH,NEGATIVE,-1.345791,-5.67905,15.497414,18145.536485,4904.446263,4536.384121,78.050325,23.008117,2,0,1,1,19.26565,48.429248,1689.640647,30.48,38.395652,29.217018,0.760946,-100.0,FAIL,HIGH,trajectory=TERMINAL; breakdown_count=1,True,FAIL
2026-06-06 22:43 UTC,CASE_03822,3822,ZONE_CASE_03822_EP_3822,EXHAUSTED_ZONE,4,HEALTH_WEAKENING,DEGRADING,-47.788731,HIGH,NEGATIVE,-0.929577,-3.214393,17.915907,17203.947088,6060.804218,4300.986772,67.951658,26.215138,2,0,0,2,19.358776,56.314733,2494.80693,38.66,45.557825,30.447134,0.668318,-62.788731,FAIL,HIGH,trajectory=DEGRADING; breakdown_count=0,True,FAIL
2026-06-06 22:43 UTC,CASE_03825,3825,ZONE_CASE_03825_EP_3825,EXHAUSTED_ZONE,3,HEALTH_WEAKENING,DEGRADING,-47.139405,HIGH,NEGATIVE,-0.713135,-1.893031,18.906969,10712.954679,7142.659717,3570.984893,39.931844,25.137721,2,0,0,1,19.10278,22.47928,333.89149,12.86,47.485575,29.79832,0.627524,-62.139405,FAIL,HIGH,trajectory=DEGRADING; breakdown_count=0,True,FAIL
2026-06-06 22:43 UTC,CASE_03829,3829,ZONE_CASE_03829_EP_3829,ELASTIC_ZONE,1,UNKNOWN,UNKNOWN,5.0,LOW,NEUTRAL,,21.176471,84.582231,9900.904194,9900.904194,9900.904194,26.161966,26.161966,0,1,0,0,17.818348,1448.723956,618095.942889,461.82,18.6948,21.029069,1.124862,0.0,NO_PREDICTION,LOW,confidence=LOW; visit_count=1 — insufficient structural evidence,True,NO_PREDICTION
2026-06-06 22:43 UTC,CASE_03830,3830,ZONE_CASE_03830_EP_3830,ELASTIC_ZONE,3,HEALTH_STRENGTHENING,STRENGTHENING,76.0,HIGH,POSITIVE,2.0,21.882353,84.004327,9575.52064,5052.555662,3191.840213,53.5308,27.637347,0,3,0,0,13.88993,106.112205,2933.215067,28.82,92.3605,24.116305,0.261111,78.0,HOLD,HIGH,"trajectory=STRENGTHENING; growth=3, damage=0, breakdown=0; health_state=HEALTH_STRENGTHENING",True,HOLD
2026-06-06 22:43 UTC,CASE_03839,3839,ZONE_CASE_03839_EP_3839,ELASTIC_ZONE,3,HEALTH_STRENGTHENING,STRENGTHENING,95.0,HIGH,POSITIVE,9.553398,20.038835,82.598835,6760.780041,2598.610619,2253.593347,55.138995,21.112817,0,3,0,0,14.769301,72.349905,1241.629422,18.12,95.1013,23.922431,0.251547,97.0,HOLD,HIGH,"trajectory=STRENGTHENING; growth=3, damage=0, breakdown=0; health_state=HEALTH_STRENGTHENING",True,HOLD
2026-06-06 22:43 UTC,CASE_03842,3842,ZONE_CASE_03842_EP_3842,FATIGUE_ZONE,5,HEALTH_STRENGTHENING,STRENGTHENING,79.90891,HIGH,POSITIVE,3.30297,16.633663,76.793663,13748.320325,3461.706943,2749.664065,91.992642,23.773628,0,5,0,0,13.475511,466.843958,87492.798966,184.99,65.3561,28.070126,0.429495,74.90891,HOLD,HIGH,"trajectory=STRENGTHENING; growth=5, damage=0, breakdown=0; health_state=HEALTH_STRENGTHENING",True,HOLD
