best_bid_price,best_bid_size,best_ask_price,best_ask_size,spread,total_bid_volume,total_ask_volume,imbalance
81567.38,3.6255,81567.39,1.31828,0.00999999999476131,3.6298600000000003,1.3315599999999999,0.463234315982118
81567.38,3.6255,81567.39,1.31814,0.00999999999476131,3.6298600000000003,1.33149,0.46325496084735
81567.38,3.6255,81567.39,1.31814,0.00999999999476131,3.6298600000000003,1.32231,0.4659674445748025
81567.38,3.6255,81567.39,1.048,0.00999999999476131,3.6298600000000003,1.05224,0.5505264731637514
81567.38,3.62564,81567.39,1.04807,0.00999999999476131,3.6300000000000003,1.05231,0.5505167321258098
81567.38,3.62585,81567.39,1.31793,0.00999999999476131,3.63021,1.32203,0.46608807327593177
81567.38,3.62702,81567.39,1.31793,0.00999999999476131,3.63138,1.32203,0.46621418376431595
81567.38,3.63284,81567.39,1.31793,0.00999999999476131,3.6376899999999996,1.4285,0.4360653666759438
81567.38,3.63228,81567.39,1.318,0.00999999999476131,3.6369200000000004,1.3221,0.4667898092768329
81567.38,3.63228,81567.39,1.318,0.00999999999476131,3.6369200000000004,1.3221,0.4667898092768329
81567.38,3.63245,81567.39,1.31807,0.00999999999476131,3.63716,1.32217,0.4667949097962829
81567.38,3.63238,81567.39,1.31807,0.00999999999476131,3.63702,1.32217,0.4667798571944208
81567.38,3.63301,81567.39,1.31807,0.00999999999476131,3.63786,1.32217,0.4668701600595158
81567.38,3.63301,81567.39,1.31807,0.00999999999476131,3.63786,1.5646900000000001,0.3984911245446943
81567.38,2.99179,81567.39,1.82719,0.00999999999476131,2.9966399999999997,1.83136,0.2413587406793703
81567.38,2.99172,81567.39,1.93945,0.00999999999476131,2.9965699999999997,1.94362,0.21313957560336746
81567.38,2.98623,81567.39,1.93945,0.00999999999476131,2.9910799999999997,1.94362,0.2122641700609966
81567.38,2.98623,81567.39,1.93959,0.00999999999476131,2.9872199999999998,1.94383,0.2115959075653258
81567.38,2.98623,81567.39,1.93952,0.00999999999476131,2.9872199999999998,1.94376,0.21161310733363345
81567.38,2.98623,81567.39,1.93952,0.00999999999476131,2.9872199999999998,1.94376,0.21161310733363345
81567.38,2.9789,81567.39,1.93952,0.00999999999476131,2.9798899999999997,1.94376,0.2104394097874544
81567.38,2.9789,81567.39,1.93952,0.00999999999476131,2.9798899999999997,1.94376,0.2104394097874544
81567.38,2.9782,81567.39,1.91489,0.00999999999476131,2.97919,1.91913,0.21641297424423067
81567.38,2.9782,81567.39,1.91489,0.00999999999476131,2.97919,1.91913,0.21641297424423067
81567.38,2.9782,81567.39,1.91489,0.00999999999476131,2.97919,1.91913,0.21641297424423067
81567.38,2.9782,81567.39,1.91489,0.00999999999476131,2.97919,1.91913,0.21641297424423067
81567.38,2.9782,81567.39,1.90672,0.00999999999476131,2.97919,1.91096,0.21844524196599285
81567.38,2.97295,81567.39,1.90672,0.00999999999476131,2.97394,1.91096,0.21760527339351876
81564.94,0.00063,81564.95,4.37795,0.00999999999476131,0.00119,7.06164,-0.9996630245949569
81560.07,0.00169,81560.08,4.3891,0.00999999999476131,0.00893,5.01878,-0.9964476869190942
81556.34,0.27459,81556.35,5.74386,0.010000000009313226,0.279,5.78818,-0.9080297601191988
81556.34,0.54938,81556.35,4.88032,0.010000000009313226,0.88656,4.88501,-0.6927837659423692
81556.34,0.54945,81556.35,4.88818,0.010000000009313226,0.83085,4.89287,-0.709681815322902
81556.34,0.54952,81556.35,4.88818,0.010000000009313226,0.55411,4.89287,-0.7965441400555906
81556.34,0.2751,81556.35,4.88811,0.010000000009313226,0.27948,4.8928,-0.8919316046308396
81556.34,0.27503,81556.35,4.88389,0.010000000009313226,0.39004,4.88858,-0.8522189511652667
81556.34,0.2751,81556.35,4.88548,0.010000000009313226,0.39018,4.89616,-0.8523817991275627
81556.34,0.2751,81556.35,4.89989,0.010000000009313226,0.36195,4.91064,-0.8627050462865498
81556.34,0.27496,81556.35,4.89989,0.010000000009313226,0.36195,4.91064,-0.8627050462865498
81556.34,0.27496,81556.35,4.89989,0.010000000009313226,0.36195,4.91064,-0.8627050462865498
81556.34,0.27506,81556.35,4.89989,0.010000000009313226,0.36212000000000005,4.91064,-0.8626449904793695
81556.34,0.27506,81556.35,4.89989,0.010000000009313226,0.27951000000000004,4.91064,-0.8922921302852518
81556.34,0.27506,81556.35,4.89989,0.010000000009313226,0.28421,4.91064,-0.8905800937466914
81556.34,0.27943,81556.35,4.89989,0.010000000009313226,0.28865,4.91064,-0.8889656087658124
81556.34,0.27943,81556.35,4.89989,0.010000000009313226,0.28865,4.91064,-0.8889656087658124
81556.34,0.27943,81556.35,4.89989,0.010000000009313226,0.28865,4.91064,-0.8889656087658124
81556.34,0.27943,81556.35,4.89989,0.010000000009313226,0.28865,4.91064,-0.8889656087658124
81556.34,0.27943,81556.35,4.89989,0.010000000009313226,0.28865,4.91064,-0.8889656087658124
81556.34,0.27943,81556.35,4.89989,0.010000000009313226,0.28381,4.91064,-0.8907256783682584
81556.34,0.2795,81556.35,4.89211,0.010000000009313226,0.28388,4.9028599999999996,-0.8905362520581329
81556.34,0.26941,81556.35,4.89204,0.010000000009313226,0.27379,4.9027899999999995,-0.8942197358101295
81556.34,0.26941,81556.35,4.89204,0.010000000009313226,0.27379,4.9027899999999995,-0.8942197358101295
81556.34,0.26941,81556.35,4.88592,0.010000000009313226,0.35156,4.896669999999999,-0.8660272129841871
81556.34,0.26941,81556.35,4.88592,0.010000000009313226,0.35156,4.896669999999999,-0.8660272129841871
81556.34,0.26511,81556.35,4.88592,0.010000000009313226,0.34726,4.896669999999999,-0.8675573472567328
81555.02,0.24704,81555.03,3.89495,0.00999999999476131,0.24803,6.62985,-0.9278760315678668
81554.63,0.05675,81554.64,4.55041,0.00999999999476131,0.06106,7.27069,-0.9833436764756026
81554.63,0.32994,81554.64,3.13583,0.00999999999476131,0.33411,4.32378,-0.8565401930917218
81554.63,0.32994,81554.64,3.1359,0.00999999999476131,0.33411,4.32399,-0.8565466606556321
81554.63,0.32994,81554.64,3.13906,0.00999999999476131,0.33411,4.3271500000000005,-0.856643911732021
81554.63,0.32994,81554.64,3.13906,0.00999999999476131,0.33411,4.3271500000000005,-0.856643911732021
81554.63,0.32994,81554.64,3.13906,0.00999999999476131,0.33411,4.3271500000000005,-0.856643911732021
81554.63,0.27476,81554.64,3.13906,0.00999999999476131,0.27893,4.3271500000000005,-0.8788861678477143
81554.63,0.27476,81554.64,3.1583,0.00999999999476131,0.27893,4.34639,-0.8793899665320454
81552.24,0.27726,81552.25,3.43744,0.00999999999476131,0.28143,3.96389,-0.8674163549508636
81552.24,0.27733,81552.25,3.44957,0.00999999999476131,0.28150000000000003,3.70924,-0.8589234076887996
81552.24,0.27726,81552.25,3.44936,0.00999999999476131,0.28143,3.70882,-0.8589411690996805
81552.24,0.27726,81552.25,3.44936,0.00999999999476131,0.28143,3.70882,-0.8589411690996805
81552.24,0.27733,81552.25,3.44936,0.00999999999476131,0.28157000000000004,3.79673,-0.861917956011083
81552.24,0.28198,81552.25,3.44936,0.00999999999476131,0.28629,3.55825,-0.851066707590505
81552.24,0.28208,81552.25,3.44936,0.00999999999476131,0.28632,3.55825,-0.8510522633220361
81552.24,0.28215,81552.25,3.44936,0.00999999999476131,0.28653,3.55825,-0.8509511597542643
81552.24,0.28201,81552.25,3.44936,0.00999999999476131,0.28625,3.55825,-0.8510859669657953
81552.24,0.28201,81552.25,3.44159,0.00999999999476131,0.28625,3.5504800000000003,-0.8507843919170753
81552.24,0.28194,81552.25,3.44159,0.00999999999476131,0.28611000000000003,3.5505500000000003,-0.850854649617115
81552.24,0.28201,81552.25,3.44159,0.00999999999476131,0.28618,3.5505500000000003,-0.8508208813234187
81552.24,0.28222,81552.25,3.44159,0.00999999999476131,0.36581,3.5505500000000003,-0.813188777334055
81552.24,0.28229,81552.25,3.44159,0.00999999999476131,0.36623,3.5505500000000003,-0.8129943473976073
81552.24,0.28222,81552.25,3.44159,0.00999999999476131,0.36616000000000004,3.5505500000000003,-0.8130267494912823
81552.24,0.28222,81552.25,3.44159,0.00999999999476131,0.36631,3.5505500000000003,-0.8129573178515445
81552.24,0.28222,81552.25,3.44159,0.00999999999476131,0.36631,3.5505500000000003,-0.8129573178515445
81552.24,0.28222,81552.25,3.44159,0.00999999999476131,0.36631,3.5505500000000003,-0.8129573178515445
81552.24,0.28222,81552.25,3.44159,0.00999999999476131,0.36631,3.5505500000000003,-0.8129573178515445
81552.24,0.28222,81552.25,3.44159,0.00999999999476131,0.36631,3.5505500000000003,-0.8129573178515445
81552.24,0.28222,81552.25,3.44159,0.00999999999476131,0.36631,3.5505500000000003,-0.8129573178515445
81552.24,0.27785,81552.25,3.44159,0.00999999999476131,0.36186999999999997,3.5505500000000003,-0.8150147479053884
81552.24,0.28215,81552.25,3.44159,0.00999999999476131,0.36617,3.5505500000000003,-0.8130221205498479
81552.24,0.28215,81552.25,3.44159,0.00999999999476131,0.36617,3.5505500000000003,-0.8130221205498479
81552.24,0.28215,81552.25,3.44159,0.00999999999476131,0.36617,3.5505500000000003,-0.8130221205498479
81552.24,0.28215,81552.25,3.44159,0.00999999999476131,0.3661,3.5505500000000003,-0.8130545236362708
81552.24,0.28215,81552.25,3.44159,0.00999999999476131,0.3661,3.5505500000000003,-0.8130545236362708
81552.24,0.27778,81552.25,3.44159,0.00999999999476131,0.36166000000000004,3.5505500000000003,-0.8151121744487131
81552.24,0.28201,81552.25,3.44159,0.00999999999476131,0.36582,3.5505500000000003,-0.81318414756522
81552.24,0.28208,81552.25,3.44222,0.00999999999476131,0.36589,3.55118,-0.8131817914921102
81552.24,0.28201,81552.25,3.44222,0.00999999999476131,0.36589,3.55118,-0.8131817914921102
81552.24,0.28201,81552.25,3.44222,0.00999999999476131,0.36589,3.55118,-0.8131817914921102
81552.24,0.28208,81552.25,3.43451,0.00999999999476131,0.36596,3.54347,-0.8127808913319845
81552.24,0.28201,81552.25,3.43451,0.00999999999476131,0.36589,3.54347,-0.8128133505228479
81552.24,0.28201,81552.25,3.43451,0.00999999999476131,0.36589,3.54347,-0.8128133505228479
81552.24,0.28201,81552.25,3.43451,0.00999999999476131,0.36589,3.54347,-0.8128133505228479
81552.24,0.28201,81552.25,3.43451,0.00999999999476131,0.36589,3.54347,-0.8128133505228479
81552.24,0.28201,81552.25,3.43451,0.00999999999476131,0.36589,3.54347,-0.8128133505228479
81552.24,0.28201,81552.25,3.43451,0.00999999999476131,0.36589,3.54347,-0.8128133505228479
81552.24,0.28208,81552.25,3.43451,0.00999999999476131,0.36596,3.54347,-0.8127808913319845
81552.24,0.28208,81552.25,3.43451,0.00999999999476131,0.36596,3.54347,-0.8127808913319845
81552.24,0.28201,81552.25,3.39451,0.00999999999476131,0.36589,3.50347,-0.8108782847809458
81552.24,0.28208,81552.25,3.40137,0.00999999999476131,0.36596,3.51033,-0.811180278049372
81552.24,0.28208,81552.25,3.40086,0.00999999999476131,0.36596,3.5098200000000004,-0.8111554319388614
81552.24,0.28201,81552.25,3.40086,0.00999999999476131,0.36589,3.5098200000000004,-0.811188143591755
81552.24,0.28208,81552.25,3.40086,0.00999999999476131,0.36596,3.5098200000000004,-0.8111554319388614
81552.24,0.28201,81552.25,3.40086,0.00999999999476131,0.36589,3.5098200000000004,-0.811188143591755
81552.24,0.28208,81552.25,3.40086,0.00999999999476131,0.36596,3.5098200000000004,-0.8111554319388614
81552.24,0.28208,81552.25,3.40086,0.00999999999476131,0.36596,3.5098200000000004,-0.8111554319388614
81552.24,0.28201,81552.25,3.40086,0.00999999999476131,0.36589,3.5098200000000004,-0.811188143591755
81552.24,0.28208,81552.25,3.40086,0.00999999999476131,0.36596,3.5098200000000004,-0.8111554319388614
81552.24,0.28201,81552.25,3.40214,0.00999999999476131,0.36589,3.5111000000000003,-0.8112504803984535
81552.24,0.28208,81552.25,3.40214,0.00999999999476131,0.36596,3.5111000000000003,-0.8112177784197305
81552.24,0.28208,81552.25,3.40153,0.00999999999476131,0.36596,3.5104900000000003,-0.8111880715603195
81552.24,0.28208,81552.25,3.40153,0.00999999999476131,0.36596,3.5104900000000003,-0.8111880715603195
81552.24,0.28208,81552.25,3.39384,0.00999999999476131,0.36596,3.5028,-0.810812766881378
81552.24,0.28208,81552.25,3.39384,0.00999999999476131,0.36596,3.5028,-0.810812766881378
81552.24,0.28218,81552.25,3.39384,0.00999999999476131,0.36606,3.5028,-0.8107659620663451
81552.24,0.28218,81552.25,3.39384,0.00999999999476131,0.36606,3.5028,-0.8107659620663451
81552.24,0.28218,81552.25,3.39384,0.00999999999476131,0.36606,3.5028,-0.8107659620663451
81552.24,0.28218,81552.25,3.39384,0.00999999999476131,0.36606,3.5028,-0.8107659620663451
81552.24,0.28218,81552.25,3.39384,0.00999999999476131,0.36606,3.5028,-0.8107659620663451
81552.24,0.28218,81552.25,3.39384,0.00999999999476131,0.36606,3.5028,-0.8107659620663451
81552.24,0.28218,81552.25,3.39384,0.00999999999476131,0.36606,3.5028,-0.8107659620663451
81552.24,0.28218,81552.25,3.39384,0.00999999999476131,0.36606,3.5028,-0.8107659620663451
81552.24,0.28218,81552.25,3.39384,0.00999999999476131,0.36606,3.5028,-0.8107659620663451
81552.24,0.28225,81552.25,3.39384,0.00999999999476131,0.36619999999999997,3.5028,-0.8107004393900232
81552.24,0.28225,81552.25,3.39384,0.00999999999476131,0.36619999999999997,3.5028,-0.8107004393900232
81552.24,0.27795,81552.25,3.39384,0.00999999999476131,0.36189999999999994,3.5028,-0.8127150878464047
81552.24,0.27781,81552.25,3.39384,0.00999999999476131,0.36155,3.5028,-0.81287926818223
81552.09,0.05651,81552.1,4.33726,0.010000000009313226,0.06068,7.007969999999999,-0.9828312336867719
81546.96,0.00119,81546.97,4.87399,0.00999999999476131,0.00217,9.83186,-0.9995586753345272
81543.85,0.31518,81543.86,4.6785,0.00999999999476131,0.31947000000000003,5.1255299999999995,-0.8826556473829201
81543.85,0.31567,81543.86,4.69493,0.00999999999476131,0.32003,4.95958,-0.8787675604826871
81543.85,0.31652,81543.86,4.69002,0.00999999999476131,0.32088,4.87343,-0.8764494225412038
81543.85,1.01268,81543.86,4.35358,0.00999999999476131,1.12269,4.35401,-0.590012233644348
81543.85,1.14203,81543.86,3.97335,0.00999999999476131,1.25232,3.97764,-0.5210976756992405
81543.85,1.1414,81543.86,3.96567,0.00999999999476131,1.25155,3.96996,-0.5206175991236252
81543.85,1.14291,81543.86,3.96574,0.00999999999476131,1.25299,3.97003,-0.5202047857369874
81543.85,1.14291,81543.86,3.96574,0.00999999999476131,1.25299,3.97003,-0.5202047857369874
81543.85,1.14291,81543.86,3.96574,0.00999999999476131,1.25299,3.97003,-0.5202047857369874
81543.85,1.14291,81543.86,3.96574,0.00999999999476131,1.25299,3.97003,-0.5202047857369874
81543.85,1.14277,81543.86,3.96595,0.00999999999476131,1.25285,3.97024,-0.5202648240792328
81543.85,1.14277,81543.86,3.96602,0.00999999999476131,1.25285,3.97031,-0.5202712534174714
81543.85,1.14277,81543.86,3.96671,0.00999999999476131,1.25285,3.971,-0.520334619102769
81543.85,1.35038,81543.86,3.12133,0.00999999999476131,1.68293,3.12562,-0.30002599536242736
81543.85,1.35041,81543.86,3.12154,0.00999999999476131,1.68303,3.12583,-0.30002952882803824
81543.85,1.35225,81543.86,3.12161,0.00999999999476131,1.6849399999999999,3.1259,-0.29952357592437084
81543.85,1.35232,81543.86,3.12161,0.00999999999476131,1.68508,3.1259,-0.29948575965811547
81543.85,1.36273,81543.86,3.12161,0.00999999999476131,1.69549,3.1259,-0.2966800030696542
81543.85,0.8858,81543.86,3.12168,0.00999999999476131,1.11408,3.12211,-0.4740179264858281
81543.85,1.14348,81543.86,3.12175,0.00999999999476131,1.24482,3.12218,-0.4298969544309595
81543.85,1.14341,81543.86,3.12168,0.00999999999476131,1.14902,3.12211,-0.4619597155787813
81543.85,1.14341,81543.86,3.12168,0.00999999999476131,1.14902,3.12211,-0.4619597155787813
81543.85,0.87355,81543.86,3.12216,0.00999999999476131,0.8793000000000001,3.12259,-0.5605576365167458
81543.85,3.25123,81543.86,1.04881,0.00999999999476131,3.2576,1.04924,0.5127564525266785
81543.85,3.25123,81543.86,1.04881,0.00999999999476131,3.2576,1.04917,0.5127810400834035
81543.85,3.25123,81543.86,1.04881,0.00999999999476131,3.2576,1.04917,0.5127810400834035
81543.85,3.35269,81543.86,1.04881,0.00999999999476131,3.35906,1.04917,0.5239948913736353
81543.85,3.35269,81543.86,1.04126,0.00999999999476131,3.35906,1.04162,0.5266095239826573
81543.85,3.34776,81543.86,1.28379,0.00999999999476131,3.35413,1.28415,0.44628181136110806
81543.85,3.34776,81543.86,1.2857,0.00999999999476131,3.35413,1.28648,0.44555564893408406
81543.85,3.34776,81543.86,1.2857,0.00999999999476131,3.35413,1.28648,0.44555564893408406
81543.85,3.34769,81543.86,1.2857,0.00999999999476131,3.35406,1.28648,0.44554728544522837
81543.85,2.34602,81543.86,1.66115,0.00999999999476131,2.35239,1.66193,0.17199924271109437
81543.85,1.37405,81543.86,1.95133,0.00999999999476131,1.37952,1.95225,-0.1718996209222125
81543.85,1.37239,81543.86,1.95236,0.00999999999476131,1.37793,1.9532800000000001,-0.17271501946740073
81543.85,1.37108,81543.86,1.95454,0.00999999999476131,1.3765500000000002,1.95567,-0.17379404721176867
81543.85,1.37177,81543.86,1.95454,0.00999999999476131,1.37724,1.95567,-0.17355104098220475
81543.85,1.37177,81543.86,1.95454,0.00999999999476131,1.37724,1.95567,-0.17355104098220475
81543.85,1.37225,81543.86,1.95454,0.00999999999476131,1.37772,1.95567,-0.1733820525051074
81543.85,1.37225,81543.86,1.95454,0.00999999999476131,1.37772,1.95567,-0.1733820525051074
81543.85,1.37225,81543.86,1.95454,0.00999999999476131,1.37772,1.95567,-0.1733820525051074
81543.85,1.37225,81543.86,1.95454,0.00999999999476131,1.37772,1.9557499999999999,-0.17340189052248853
81543.85,1.37177,81543.86,1.95454,0.00999999999476131,1.37724,1.9557499999999999,-0.17357087780041341
81543.85,1.37177,81543.86,1.95454,0.00999999999476131,1.37724,1.9557499999999999,-0.17357087780041341
81543.85,1.37177,81543.86,1.95454,0.00999999999476131,1.37724,1.9557499999999999,-0.17357087780041341
81543.85,0.08688,81543.86,2.09931,0.00999999999476131,0.09235,2.09982,-0.9157455854244879
81543.85,0.04025,81543.86,2.14016,0.00999999999476131,0.045790000000000004,2.1406699999999996,-0.9581149437904191
81543.85,0.03298,81543.86,2.54433,0.00999999999476131,0.038450000000000005,3.03207,-0.9749553821502546
81537.76,0.95561,81537.77,3.54114,0.010000000009313226,0.95683,3.58295,-0.5784685601504919
81537.76,0.31493,81537.77,3.54872,0.010000000009313226,0.39697,3.58915,-0.8008238587900013
81537.76,0.31699,81537.77,4.1211,0.010000000009313226,0.42014999999999997,4.16153,-0.8165956592341674
81537.76,0.39455,81537.77,4.11962,0.010000000009313226,0.6363,4.16005,-0.7346732411104278
81537.76,0.63574,81537.77,4.11962,0.010000000009313226,0.9047799999999999,4.16005,-0.642720486176239
81537.76,0.63635,81537.77,4.07565,0.010000000009313226,0.8546999999999999,4.11608,-0.6561103086437139
81537.76,0.63554,81537.77,4.07565,0.010000000009313226,0.63688,4.11608,-0.7320070019524676
81537.76,0.63526,81537.77,4.05113,0.010000000009313226,0.63641,4.091559999999999,-0.7307893239593314
81537.76,0.6354,81537.77,4.05113,0.010000000009313226,0.6364799999999999,4.091559999999999,-0.7307636991226809
81537.76,0.6354,81537.77,4.05113,0.010000000009313226,0.63981,4.091559999999999,-0.7295455650266203
81537.76,0.6354,81537.77,4.05113,0.010000000009313226,0.63981,4.091559999999999,-0.7295455650266203
81537.76,1.26251,81537.77,3.72756,0.010000000009313226,1.26685,3.76807,-0.4967745267054889
81537.76,1.5234,81537.77,3.72472,0.010000000009313226,1.8130700000000002,3.76523,-0.3499560798092608
81537.76,1.52531,81537.77,3.64211,0.010000000009313226,1.86967,3.68262,-0.3265229301783588
81537.76,2.13385,81537.77,1.08983,0.010000000009313226,2.4489699999999996,1.1303400000000001,0.3684034073606365
81537.76,2.30697,81537.77,0.87738,0.010000000009313226,2.5378700000000003,0.9178900000000001,0.4687767669051091
81546.95,3.36007,81546.96,1.04043,0.010000000009313226,3.46883,1.2655,0.46539425853288646
81546.95,3.97191,81546.96,1.31601,0.010000000009313226,3.97248,1.5406099999999998,0.44110834395955806
81546.95,3.98178,81546.96,0.85608,0.010000000009313226,4.34223,1.08066,0.6014449859761124
81550.1,5.19701,81550.11,0.74478,0.00999999999476131,5.655539999999999,0.80707,0.7502340385695562
81550.1,5.06692,81550.11,0.74485,0.00999999999476131,5.07163,0.80721,0.7253845996829306
81550.1,5.06692,81550.11,0.73474,0.00999999999476131,5.07149,0.79718,0.7283268611116318
81550.1,4.30854,81550.11,0.73589,0.00999999999476131,4.31311,0.7984,0.6876069889328202
81550.1,4.50854,81550.11,0.72927,0.00999999999476131,4.51311,0.7918499999999999,0.7014680600796236
81550.1,4.50861,81550.11,0.72913,0.00999999999476131,4.62357,0.7916399999999999,0.7076235270654323
81550.1,4.50861,81550.11,0.72913,0.00999999999476131,4.62371,0.79157,0.7076531592087574
81550.1,4.50868,81550.11,0.72913,0.00999999999476131,4.78467,0.79157,0.7160918468358607
81550.1,4.50868,81550.11,0.7292,0.00999999999476131,4.78481,0.7917099999999999,0.7160558914878813
81550.1,4.50868,81550.11,0.72941,0.00999999999476131,4.78481,0.79234,0.7158620442340621
81550.1,4.50868,81550.11,0.72934,0.00999999999476131,4.6705,0.79227,0.7099383646025733
81550.1,4.50868,81550.11,0.72934,0.00999999999476131,4.67043,0.7922,0.7099565593862296
81550.1,4.50868,81550.11,1.04495,0.00999999999476131,4.50926,1.10781,0.6055559215035597
81550.1,1.9744,81550.11,2.04604,0.00999999999476131,1.97884,2.10883,-0.031800512272272534
81550.1,0.30711,81550.11,2.45182,0.00999999999476131,0.30762,2.51416,-0.78196741064151
81550.1,0.30746,81550.11,2.45182,0.00999999999476131,0.30791,2.51409,-0.7817788802267894
81550.1,0.30767,81550.11,2.49182,0.00999999999476131,0.30812,2.55409,-0.7846978383836265
81550.1,0.30753,81550.11,2.43713,0.00999999999476131,0.30798000000000003,2.4993999999999996,-0.7805925809829805
81550.1,0.30524,81550.11,2.43713,0.00999999999476131,0.30569,2.4993999999999996,-0.7820462088560437
81550.1,0.30524,81550.11,2.43713,0.00999999999476131,0.30635,2.4993999999999996,-0.7816270159493895
81550.1,0.30524,81550.11,2.45306,0.00999999999476131,0.31409000000000004,2.5153299999999996,-0.7779827667861257
81550.1,0.3051,81550.11,2.51437,0.00999999999476131,0.31395,2.57664,-0.782777910391996
81550.1,0.3051,81550.11,2.51362,0.00999999999476131,0.31395,2.57588,-0.7827207828834221
81550.1,0.3051,81550.11,2.51362,0.00999999999476131,0.31395,2.57588,-0.7827207828834221
81550.1,0.3051,81550.11,2.51362,0.00999999999476131,0.31395,2.57588,-0.7827207828834221
81550.1,0.3051,81550.11,2.51362,0.00999999999476131,0.31395,2.57588,-0.7827207828834221
81550.1,0.3051,81550.11,2.45149,0.00999999999476131,0.31395,2.5137500000000004,-0.7779467411677334
81550.1,0.30604,81550.11,2.45149,0.00999999999476131,0.31538,2.5137500000000004,-0.7770480677805546
81550.1,0.30618,81550.11,2.45149,0.00999999999476131,0.38546,2.5137500000000004,-0.7340930805288337
81550.1,0.30618,81550.11,2.45149,0.00999999999476131,0.3856,2.5137500000000004,-0.734009346922586
81550.1,0.30618,81550.11,2.45149,0.00999999999476131,0.3856,2.5137500000000004,-0.734009346922586
81550.1,0.30618,81550.11,2.45149,0.00999999999476131,0.38494,2.5137500000000004,-0.7344041618800218
81550.1,0.30887,81550.11,2.45149,0.00999999999476131,0.3877,2.5137500000000004,-0.7327543124989229
81550.1,0.30894,81550.11,2.45149,0.00999999999476131,0.38777,2.5137500000000004,-0.7327125093054674
81550.1,0.30901,81550.11,2.45149,0.00999999999476131,0.38791000000000003,2.5137500000000004,-0.7326289089693485
81550.1,0.30894,81550.11,2.45149,0.00999999999476131,0.38784,2.5137500000000004,-0.7326707081289913
81550.1,0.30894,81550.11,2.45149,0.00999999999476131,0.38784,2.5137500000000004,-0.7326707081289913
81550.1,0.30894,81550.11,2.45149,0.00999999999476131,0.38784,2.5137500000000004,-0.7326707081289913
81550.1,0.30894,81550.11,2.45149,0.00999999999476131,0.38784,2.5137500000000004,-0.7326707081289913
81550.1,0.30706,81550.11,2.45149,0.00999999999476131,0.38596,2.5137500000000004,-0.7337940690620788
81550.1,0.31164,81550.11,2.45149,0.00999999999476131,0.61924,2.5136800000000004,-0.6046882780281655
81550.1,0.63285,81550.11,2.43923,0.00999999999476131,0.94233,2.50135,-0.45271918412860657
81550.1,0.7512,81550.11,2.39735,0.00999999999476131,1.11249,2.45961,-0.3771227009322248
81550.1,0.7512,81550.11,2.39639,0.00999999999476131,1.17381,2.45858,-0.35369825376680364
81550.1,0.75113,81550.11,2.21987,0.00999999999476131,1.0252999999999999,2.2825499999999996,-0.3800807170820926
81550.1,2.0113,81550.11,1.42198,0.00999999999476131,2.28131,1.48466,0.2115391253780566
81550.1,2.21779,81550.11,0.89663,0.00999999999476131,2.5199599999999998,0.9593200000000001,0.4485525740957899
81550.1,2.21779,81550.11,0.89405,0.00999999999476131,2.2969,0.95675,0.4118912605842669
81550.1,2.21786,81550.11,1.16027,0.00999999999476131,2.2969,1.22297,0.30510501808305424
81550.1,2.21786,81550.11,1.15983,0.00999999999476131,2.2969,1.22253,0.3052681826318467
81550.1,2.21779,81550.11,1.15983,0.00999999999476131,2.29683,1.22253,0.3052543644298964
81550.1,2.21772,81550.11,1.35146,0.00999999999476131,2.29676,1.41416,0.23783859528095455
81550.1,2.21772,81550.11,1.35139,0.00999999999476131,2.29676,1.41402,0.23788529635278835
81550.1,2.19705,81550.11,1.37213,0.00999999999476131,2.27609,1.43476,0.22672164059447295
81550.1,2.19705,81550.11,1.37213,0.00999999999476131,2.27609,1.43476,0.22672164059447295
81550.1,2.19705,81550.11,1.37213,0.00999999999476131,2.27609,1.43476,0.22672164059447295
81550.1,2.19705,81550.11,1.37213,0.00999999999476131,2.27609,1.43476,0.22672164059447295
81550.1,2.21571,81550.11,1.37213,0.00999999999476131,2.29475,1.43476,0.23059061378036255
81550.1,2.21571,81550.11,1.3722,0.00999999999476131,2.29475,1.43483,0.2305675169858268
81550.1,2.21578,81550.11,1.37227,0.00999999999476131,2.29489,1.4349,0.23057330305459556
81550.1,2.21578,81550.11,1.37227,0.00999999999476131,2.29489,1.4349,0.23057330305459556
81550.1,2.21578,81550.11,1.3722,0.00999999999476131,2.29489,1.43483,0.23059639865727186
81550.1,2.21578,81550.11,1.3722,0.00999999999476131,2.29489,1.43483,0.23059639865727186
81550.1,2.21578,81550.11,1.1022,0.00999999999476131,2.29489,1.16483,0.32663336917438407
81550.1,2.21599,81550.11,1.70645,0.00999999999476131,2.37588,1.76908,0.14639465760827608
81550.1,2.21599,81550.11,1.70576,0.00999999999476131,2.43764,1.76853,0.15907821129436045
81550.1,2.21599,81550.11,1.70576,0.00999999999476131,2.4375,1.76853,0.15905022075448821
81550.1,2.21599,81550.11,1.70576,0.00999999999476131,2.43743,1.7684499999999999,0.15905827080182985
81550.1,1.3352,81550.11,2.18143,0.00999999999476131,1.47359,2.24419,-0.20727423354797758
81550.1,1.33479,81550.11,2.13015,0.00999999999476131,1.3360699999999999,2.19312,-0.24284609216279093
81550.1,1.33438,81550.11,2.12642,0.00999999999476131,1.3353799999999998,2.18946,-0.24230319674084505
81550.1,1.33452,81550.11,2.12642,0.00999999999476131,1.3599999999999999,2.18946,-0.233686250866329
81550.1,1.33452,81550.11,2.12635,0.00999999999476131,1.36021,2.18939,-0.23359815190443994
81550.1,1.33452,81550.11,2.12642,0.00999999999476131,1.36021,2.18953,-0.23362837841644743
81550.1,0.79982,81550.11,2.12642,0.00999999999476131,0.90335,2.18953,-0.41585189208763346
81546.95,0.0125,81546.96,5.98479,0.010000000009313226,0.0132,7.72374,-0.9965877982768381
81535.08,0.34603,81535.09,3.90782,0.00999999999476131,0.34752,6.41714,-0.897254259637587
81535.08,1.53906,81535.09,3.92606,0.00999999999476131,1.93601,4.05005,-0.3531605095839333
81535.08,1.79602,81535.09,3.12558,0.00999999999476131,2.18105,3.18519,-0.18712170905512987
81535.08,1.79616,81535.09,3.12558,0.00999999999476131,2.18133,3.1464,-0.181140936196091
81535.08,1.84532,81535.09,3.04788,0.00999999999476131,2.23049,3.10502,-0.16390748025961904
81535.08,1.8924,81535.09,3.04788,0.00999999999476131,2.2775,3.10502,-0.1537421133595417
81535.08,1.89479,81535.09,3.04788,0.00999999999476131,2.27989,3.10502,-0.15323004469898294
81535.08,1.89479,81535.09,3.04788,0.00999999999476131,2.27989,3.1273600000000004,-0.15672846641083737
81535.08,1.96766,81535.09,3.04788,0.00999999999476131,2.35276,3.1273600000000004,-0.14134726976781536
81535.08,1.96766,81535.09,3.04788,0.00999999999476131,2.35276,3.1273600000000004,-0.14134726976781536
81535.08,1.96766,81535.09,3.04788,0.00999999999476131,2.35276,3.1273600000000004,-0.14134726976781536
81535.08,1.96776,81535.09,3.04788,0.00999999999476131,2.3528599999999997,3.1272800000000003,-0.1413139080388458
81535.08,1.96762,81535.09,3.03885,0.00999999999476131,2.3527199999999997,3.11825,-0.13992582668155748
81535.08,1.47332,81535.09,3.03885,0.00999999999476131,1.61614,3.11825,-0.31727635450395936
81535.08,1.47142,81535.09,3.03885,0.00999999999476131,1.6141699999999999,3.16194,-0.32406498175293286
81535.08,1.74128,81535.09,2.58029,0.00999999999476131,1.95996,2.6403600000000003,-0.14790275459098504
81535.08,1.74313,81535.09,2.01268,0.00999999999476131,2.0571,2.26261,-0.04757495294823028
81535.08,1.92757,81535.09,2.01268,0.00999999999476131,2.24182,2.26268,-0.004630924630924604
81535.08,1.92745,81535.09,2.28261,0.00999999999476131,2.2417000000000002,2.53261,-0.060932365095689174
81535.08,1.92904,81535.09,2.28261,0.00999999999476131,2.24329,2.53261,-0.06057915785506397
81535.08,1.92904,81535.09,2.28261,0.00999999999476131,2.24329,2.53261,-0.06057915785506397
81535.08,1.92911,81535.09,2.28261,0.00999999999476131,2.24343,2.53254,-0.06053429983856682
81535.08,1.92911,81535.09,2.28261,0.00999999999476131,2.24343,2.53254,-0.06053429983856682
81535.08,1.92911,81535.09,2.27749,0.00999999999476131,2.24343,2.5274199999999998,-0.05952608025823486
81535.08,1.92911,81535.09,2.27749,0.00999999999476131,2.24343,2.5274199999999998,-0.05952608025823486
81535.08,1.92911,81535.09,2.27749,0.00999999999476131,2.24343,2.5274199999999998,-0.05952608025823486
81535.08,1.92911,81535.09,2.27749,0.00999999999476131,2.24343,2.5274199999999998,-0.05952608025823486
81535.08,1.92911,81535.09,2.27749,0.00999999999476131,2.24343,2.5274199999999998,-0.05952608025823486
81535.08,1.92911,81535.09,2.27866,0.00999999999476131,2.24343,2.52859,-0.05975666489243547
81535.08,1.92911,81535.09,2.00866,0.00999999999476131,2.24343,2.25859,-0.0033673773106294154
81535.08,1.94957,81535.09,1.92185,0.00999999999476131,2.06229,2.17213,-0.02593979813055865
81535.08,1.94971,81535.09,1.92178,0.00999999999476131,2.06257,2.17206,-0.025855859898031252
81535.08,1.94971,81535.09,1.98239,0.00999999999476131,2.06257,2.23267,-0.03960197800355746
81535.08,1.94971,81535.09,1.98239,0.00999999999476131,2.06257,2.23267,-0.03960197800355746
81535.08,1.94971,81535.09,1.98239,0.00999999999476131,2.06257,2.23267,-0.03960197800355746
81535.08,1.94971,81535.09,1.98239,0.00999999999476131,2.06257,2.23267,-0.03960197800355746
81535.08,1.94971,81535.09,1.98095,0.00999999999476131,2.06249,2.23137,-0.03933057901282299
81535.08,1.92911,81535.09,1.98095,0.00999999999476131,2.04189,2.23137,-0.044340854523244565
81535.08,1.47481,81535.09,2.45396,0.00999999999476131,1.6094899999999999,2.7818,-0.26696255542221087
81535.08,1.47467,81535.09,2.45417,0.00999999999476131,1.60907,2.78229,-0.2671655250309699
81535.08,1.92911,81535.09,2.24515,0.00999999999476131,1.9344000000000001,2.5732700000000004,-0.1417295409823701
81535.08,1.92897,81535.09,2.24515,0.00999999999476131,2.4827,2.5733400000000004,-0.017927073361761477
81535.08,1.92897,81535.09,2.24515,0.00999999999476131,2.48263,2.57341,-0.017954763016115396
81535.08,1.92897,81535.09,2.24515,0.00999999999476131,2.48263,2.52679,-0.008815391801845363
81535.08,1.92897,81535.09,2.24522,0.00999999999476131,2.48277,2.52679,-0.0087871988757496
81535.08,1.92897,81535.09,2.24368,0.00999999999476131,2.48284,2.5252499999999998,-0.00846829829336131
81535.08,1.65897,81535.09,2.24239,0.00999999999476131,2.2127,2.52814,-0.06653673188717614
81535.08,1.65897,81535.09,2.24246,0.00999999999476131,2.2127,2.60303,-0.08105313213157715
81535.08,1.65897,81535.09,2.24253,0.00999999999476131,2.2127,2.5286299999999997,-0.06663320207621065
81535.08,1.92904,81535.09,2.24253,0.00999999999476131,2.48284,2.52835,-0.009081675210878087
81535.08,1.92904,81535.09,2.24253,0.00999999999476131,2.48284,2.52835,-0.009081675210878087
81535.08,1.92904,81535.09,2.24253,0.00999999999476131,2.48277,2.52835,-0.009095771005284282
81535.08,1.92904,81535.09,2.24253,0.00999999999476131,2.48277,2.52849,-0.009123453981633403
81535.08,1.92904,81535.09,2.23196,0.00999999999476131,2.48277,2.5907,-0.021273408534986916
81535.08,1.65897,81535.09,2.36405,0.00999999999476131,2.2124900000000003,2.7229300000000003,-0.10342382208606359
81535.08,1.65705,81535.09,2.36405,0.00999999999476131,2.21057,2.65008,-0.09042206289282295
81535.08,1.65426,81535.09,2.30895,0.00999999999476131,2.20771,2.5949799999999996,-0.08063606020792505
81535.08,1.92588,81535.09,2.17686,0.00999999999476131,1.93117,2.46275,-0.12098080984633314
81535.08,1.92396,81535.09,2.17686,0.00999999999476131,2.47755,2.49763,-0.004036034877130093
81535.08,1.35518,81535.09,2.36661,0.00999999999476131,1.90877,2.65264,-0.1630789602337873
81535.08,1.47842,81535.09,2.17138,0.00999999999476131,2.1404400000000003,2.4936700000000003,-0.07622391354542725
81535.08,1.47856,81535.09,2.17138,0.00999999999476131,1.55658,2.4936700000000003,-0.231365965063885
81535.08,1.74863,81535.09,2.17124,0.00999999999476131,1.82686,2.42088,-0.13984377574898652
81535.08,1.72439,81535.09,2.17131,0.00999999999476131,1.8026200000000001,2.42088,-0.14638569906475668
81535.08,1.72439,81535.09,2.17131,0.00999999999476131,1.79953,2.42088,-0.14722503263900896
81535.08,1.72439,81535.09,2.17131,0.00999999999476131,1.79953,2.42088,-0.14722503263900896
81535.08,1.72439,81535.09,2.17131,0.00999999999476131,1.79953,2.42088,-0.14722503263900896
81535.08,1.72439,81535.09,2.17131,0.00999999999476131,1.79953,2.42088,-0.14722503263900896
81535.08,1.72439,81535.09,2.1711,0.00999999999476131,1.79953,2.42067,-0.14718259798113828
81535.08,1.72436,81535.09,2.17124,0.00999999999476131,1.7994999999999999,2.46071,-0.15520596402524767
81535.08,1.78468,81535.09,1.90117,0.00999999999476131,1.85954,2.15081,-0.0726295709850761
81535.08,1.78468,81535.09,1.90145,0.00999999999476131,1.85954,2.15102,-0.072678129737493
81535.08,1.96183,81535.09,1.90145,0.00999999999476131,2.03669,2.15102,-0.027301317426469317
81535.08,1.9619,81535.09,1.90138,0.00999999999476131,2.03676,2.15109,-0.027300404742290153
81535.08,1.78475,81535.09,1.90048,0.00999999999476131,1.85961,2.15026,-0.07248364660200951
81535.08,1.78475,81535.09,1.90048,0.00999999999476131,1.85961,2.15026,-0.07248364660200951
81535.08,1.76415,81535.09,1.90055,0.00999999999476131,1.83901,2.15033,-0.07803797119322992
81535.08,1.76415,81535.09,1.90048,0.00999999999476131,1.83901,2.15019,-0.07800561516093447
81535.08,1.76415,81535.09,2.16915,0.00999999999476131,1.83901,2.41893,-0.13619731607303062
81535.08,1.76415,81535.09,1.89915,0.00999999999476131,1.83908,2.14893,-0.07769539193733214
81535.08,1.76422,81535.09,1.89901,0.00999999999476131,1.8392199999999999,2.14858,-0.07757660865640205
81535.08,1.76422,81535.09,1.89908,0.00999999999476131,1.8392199999999999,2.14851,-0.07756041657785258
81535.08,1.77648,81535.09,2.16908,0.00999999999476131,1.85148,2.41858,-0.13280843828892333
81535.08,1.77648,81535.09,2.1637,0.00999999999476131,1.85148,2.4132,-0.1317144545428965
81535.08,1.77648,81535.09,2.16248,0.00999999999476131,1.85148,2.41198,-0.13146599240992052
81535.08,1.77648,81535.09,2.16248,0.00999999999476131,1.85148,2.41198,-0.13146599240992052
81535.08,1.77648,81535.09,2.16248,0.00999999999476131,1.85148,2.41198,-0.13146599240992052
81535.08,1.77648,81535.09,2.1609,0.00999999999476131,1.85148,2.4103999999999997,-0.13114400217744274
81535.08,1.15894,81535.09,2.36952,0.00999999999476131,1.23394,2.7038,-0.3732750257762067
81535.08,1.15707,81535.09,2.36952,0.00999999999476131,1.232,2.76517,-0.38356387143904314
81535.08,0.32919,81535.09,2.36903,0.00999999999476131,0.40404999999999996,2.76433,-0.744948522588831
81535.08,0.27874,81535.09,2.8111,0.00999999999476131,0.28065999999999997,3.20647,-0.8390309509539362
81535.08,0.27867,81535.09,2.8111,0.00999999999476131,0.28073,3.20647,-0.8389940353292039
81535.08,0.27874,81535.09,2.88147,0.00999999999476131,0.2808,3.27684,-0.8421425439336189
81535.08,0.28311,81535.09,2.88147,0.00999999999476131,0.28524,3.2813000000000003,-0.8400466558625447
81535.08,0.28359,81535.09,2.8796,0.00999999999476131,0.28565,3.27957,-0.8397574343238285
81535.08,0.49325,81535.09,2.87989,0.00999999999476131,0.49545,3.21597,-0.7330132402153354
81535.08,0.49332,81535.09,2.87975,0.00999999999476131,0.49559,3.30809,-0.7394155133975518
81535.08,0.49325,81535.09,2.87975,0.00999999999476131,0.49552,3.30809,-0.7394475248513912
81535.08,0.28435,81535.09,2.80861,0.00999999999476131,0.28662,3.2365999999999997,-0.8372965639386697
81535.08,0.28373,81535.09,2.811,0.00999999999476131,0.28579,3.23906,-0.8378427450813509
81535.08,0.28366,81535.09,2.81093,0.00999999999476131,0.28572000000000003,3.23906,-0.8378792435272556
81535.08,0.27888,81535.09,2.81093,0.00999999999476131,0.28094,3.23906,-0.8403749999999999
81535.08,0.27888,81535.09,2.81093,0.00999999999476131,0.28094,3.23899,-0.8403718255760767
81535.08,0.27888,81535.09,2.86666,0.00999999999476131,0.28094,3.29479,-0.8428628559762621
81535.08,0.27888,81535.09,2.86135,0.00999999999476131,0.28094,3.2894799999999997,-0.842629158474353
81535.08,0.27888,81535.09,2.86135,0.00999999999476131,0.28094,3.2894799999999997,-0.842629158474353
81535.08,0.27881,81535.09,2.86135,0.00999999999476131,0.28087,3.2894799999999997,-0.8426652849160445
81535.08,0.03436,81535.09,2.86748,0.00999999999476131,0.03635,3.29554,-0.9781805521790935
81535.08,0.03429,81535.09,2.86748,0.00999999999476131,0.03628,3.29554,-0.978222112839229
81535.08,0.03429,81535.09,2.86748,0.00999999999476131,0.03628,3.29554,-0.978222112839229
81535.08,0.30733,81535.09,2.86748,0.00999999999476131,0.30939,3.29554,-0.8283517294371874
81535.08,0.02975,81535.09,3.24158,0.00999999999476131,0.03167,3.2772099999999997,-0.9808575711418969
81532.29,0.03183,81532.3,3.46226,0.010000000009313226,0.03601,5.4206900000000005,-0.986801546722378
81532.29,0.03516,81532.3,3.57683,0.010000000009313226,0.03934,4.9732400000000005,-0.9843034924130886
81532.29,0.03714,81532.3,3.5769,0.010000000009313226,0.04132,4.973450000000001,-0.9835206799115414
81532.29,0.31039,81532.3,3.5769,0.010000000009313226,0.31464,4.58012,-0.8714380276050308
81532.29,0.31053,81532.3,3.57621,0.010000000009313226,0.31484999999999996,4.57943,-0.8713396045996552
81532.29,0.31046,81532.3,3.57621,0.010000000009313226,0.31478,4.57256,-0.8711855528774344
81532.29,0.3106,81532.3,3.57621,0.010000000009313226,0.31492,4.57256,-0.8711319534811396
81532.29,0.31074,81532.3,3.57463,0.010000000009313226,0.31513,4.57098,-0.8710098626514753
81532.29,0.31102,81532.3,3.57463,0.010000000009313226,0.31541,4.57098,-0.8709026500136092
81532.29,0.31095,81532.3,3.57463,0.010000000009313226,0.31527,4.57098,-0.8709562547966232
81532.29,0.31074,81532.3,3.57218,0.010000000009313226,0.31506,4.56853,-0.8709719693913699
81532.29,0.31067,81532.3,3.57218,0.010000000009313226,0.31499,3.80902,-0.8472409135768342
81532.29,0.31067,81532.3,3.6335,0.010000000009313226,0.31499,3.87034,-0.8494790136022726
81532.29,0.31067,81532.3,3.69489,0.010000000009313226,0.31499,3.93173,-0.8516549242709668
81532.29,0.31067,81532.3,3.6898,0.010000000009313226,0.31499,3.92664,-0.8514769086412536
81532.29,0.31067,81532.3,3.6898,0.010000000009313226,0.31499,3.92664,-0.8514769086412536
81532.29,0.31067,81532.3,3.6898,0.010000000009313226,0.31499,3.92664,-0.8514769086412536
81532.29,0.31067,81532.3,3.6898,0.010000000009313226,0.31499,3.92664,-0.8514769086412536
81532.29,0.31077,81532.3,3.6898,0.010000000009313226,0.31509,3.93269,-0.8516448591970395
81532.29,0.31077,81532.3,3.68987,0.010000000009313226,0.31509,3.93276,-0.8516473039302236
81532.29,0.04247,81532.3,3.696,0.010000000009313226,0.05409,3.93284,-0.972866340768461
81532.29,0.0424,81532.3,3.696,0.010000000009313226,0.05395,3.93284,-0.9729356198846691
81532.29,0.04247,81532.3,3.696,0.010000000009313226,0.05402,3.93284,-0.9729009797183749
81532.29,0.04254,81532.3,3.696,0.010000000009313226,0.05409,3.93284,-0.972866340768461
81532.29,0.04268,81532.3,3.696,0.010000000009313226,0.0543,3.93284,-0.9727624312163606
81532.29,0.04261,81532.3,3.696,0.010000000009313226,0.05423,3.93284,-0.9727970665175178
81532.29,0.31551,81532.3,3.696,0.010000000009313226,0.32706,3.93284,-0.846447099697176
81532.29,0.31551,81532.3,3.68987,0.010000000009313226,0.32706,3.93284,-0.846447099697176
81532.29,0.31544,81532.3,3.70032,0.010000000009313226,0.32699,3.93716,-0.8466329749187999
81532.29,0.31537,81532.3,3.70046,0.010000000009313226,0.32699,3.8209400000000002,-0.8423358156960218
81532.29,0.31523,81532.3,3.70166,0.010000000009313226,0.32678,3.82214,-0.8424746681063987
81532.29,0.3153,81532.3,3.70166,0.010000000009313226,0.32685000000000003,3.82221,-0.8424462408352735
81532.29,0.31537,81532.3,3.70166,0.010000000009313226,0.32692,3.82221,-0.842415156912413
81532.29,0.31529,81532.3,3.98271,0.010000000009313226,0.32691000000000003,4.10326,-0.8524164986896666
81532.29,0.31522,81532.3,3.70221,0.010000000009313226,0.32684,3.71263,-0.8381767905195484
81532.29,0.31522,81532.3,3.70221,0.010000000009313226,0.32684,3.7127,-0.8381795947063281
81532.29,0.31522,81532.3,3.69725,0.010000000009313226,0.32684,3.70774,-0.8379806572183472
81532.29,0.31522,81532.3,3.69725,0.010000000009313226,0.32684,3.70774,-0.8379806572183472
81532.29,0.31508,81532.3,3.69725,0.010000000009313226,0.32663000000000003,3.70774,-0.8380763291418486
81532.29,0.31522,81532.3,3.69112,0.010000000009313226,0.32677,3.70161,-0.8377660498761288
81532.29,0.31522,81532.3,3.68073,0.010000000009313226,0.32677,3.69122,-0.837346533963499
81532.29,0.31522,81532.3,3.68073,0.010000000009313226,0.32691,3.69122,-0.837282516991735
81532.29,0.31536,81532.3,3.68073,0.010000000009313226,0.32704999999999995,3.69122,-0.8372185044807839
81532.29,0.31529,81532.3,3.68073,0.010000000009313226,0.32698,3.69122,-0.837250510178687
81532.29,0.31522,81532.3,3.68073,0.010000000009313226,0.32691,3.69122,-0.837282516991735
81532.29,1.85805,81532.3,1.82123,0.010000000009313226,1.86967,1.8324799999999999,0.010045514093162098
81532.29,1.93271,81532.3,1.78328,0.010000000009313226,1.9441899999999999,1.89562,0.012649063365114363
81532.29,1.45656,81532.3,2.1829,0.010000000009313226,1.46811,2.2951,-0.21975653763675163
81532.29,1.45452,81532.3,2.18297,0.010000000009313226,1.466,2.36163,-0.23399074623200256
81532.29,1.82294,81532.3,1.9741,0.010000000009313226,1.83442,2.08651,-0.06429342018347692
81532.29,1.8112,81532.3,1.97239,0.010000000009313226,1.8227499999999999,2.08473,-0.06704576862837433
81532.29,1.7873,81532.3,1.97246,0.010000000009313226,1.79878,2.12804,-0.08384901778029039
81532.29,1.78723,81532.3,1.97253,0.010000000009313226,1.79871,2.18528,-0.09703086604133043
81532.29,1.23311,81532.3,2.18141,0.010000000009313226,1.2445899999999999,2.3941600000000003,-0.3159244245963588
81532.29,1.23311,81532.3,2.18127,0.010000000009313226,1.2445899999999999,2.34042,-0.30566999813110707
81532.29,1.23325,81532.3,2.18085,0.010000000009313226,1.2448,2.33972,-0.30545791347237566
81532.29,1.23318,81532.3,2.18092,0.010000000009313226,1.24473,2.33986,-0.30551053258531663
81532.29,1.63065,81532.3,1.97246,0.010000000009313226,1.6421999999999999,2.0826800000000003,-0.11825347393741555
81532.29,1.63072,81532.3,1.96757,0.010000000009313226,1.64227,2.0777900000000002,-0.11707338053687315
81532.29,1.82933,81532.3,1.6975,0.010000000009313226,1.8408099999999998,1.70532,0.03820784912002659
81532.29,1.83157,81532.3,1.6975,0.010000000009313226,1.8430499999999999,1.84006,0.0008118139289893123
81532.29,1.83164,81532.3,1.6975,0.010000000009313226,1.8431199999999999,1.84006,0.0008308038162674212
81532.29,1.83171,81532.3,1.9675,0.010000000009313226,1.8431899999999999,2.11006,-0.06750648200847403
81532.29,1.83185,81532.3,1.9675,0.010000000009313226,1.84347,2.1099900000000003,-0.06741436615015715
81532.29,1.25325,81532.3,2.10383,0.010000000009313226,1.26487,2.24632,-0.2795206183658531
81532.29,1.41792,81532.3,1.9675,0.010000000009313226,1.4294,2.11013,-0.19232214446550808
81532.29,1.41834,81532.3,1.9675,0.010000000009313226,1.43003,2.11013,-0.19210996113170026
81532.29,1.41841,81532.3,1.96757,0.010000000009313226,1.4301,2.11027,-0.19211833791383387
81532.29,1.41851,81532.3,1.97189,0.010000000009313226,1.4302,2.17381,-0.20632850630270175
81532.29,1.41844,81532.3,1.97182,0.010000000009313226,1.4300599999999999,2.1736,-0.20632912094925718
81532.29,1.41858,81532.3,1.97189,0.010000000009313226,1.43027,2.17374,-0.20628966068351645
81532.29,1.41844,81532.3,1.97196,0.010000000009313226,1.43013,2.17388,-0.20636735192188707
81532.29,1.41844,81532.3,1.97196,0.010000000009313226,1.4300599999999999,2.17388,-0.20639078342036776
81532.29,1.41851,81532.3,1.97196,0.010000000009313226,1.43013,2.17388,-0.20636735192188707
81532.29,1.41851,81532.3,1.97196,0.010000000009313226,1.43013,2.17388,-0.20636735192188707
81532.29,1.41879,81532.3,1.97196,0.010000000009313226,1.43055,2.17381,-0.20621136623422745
81532.29,1.68865,81532.3,1.97189,0.010000000009313226,1.70027,2.17374,-0.12221703093177355
81532.29,1.69043,81532.3,1.97182,0.010000000009313226,1.70205,2.1144499999999997,-0.10805712039827059
81532.29,1.86466,81532.3,1.97182,0.010000000009313226,1.87628,2.1144499999999997,-0.05968081027781879
81532.29,1.86466,81532.3,1.97182,0.010000000009313226,1.87635,2.1143799999999997,-0.059645728976903914
81532.29,1.86487,81532.3,1.88572,0.010000000009313226,1.87656,2.02828,-0.038854344864322245
81532.29,1.86487,81532.3,1.88572,0.010000000009313226,1.87656,2.02828,-0.038854344864322245
81532.29,1.88638,81532.3,1.88572,0.010000000009313226,1.89807,2.02828,-0.033163115870974355
81532.29,1.88666,81532.3,1.67287,0.010000000009313226,1.89835,1.81543,0.022327655380771045
81532.29,1.88659,81532.3,1.86457,0.010000000009313226,1.89828,2.0072,-0.02788901748312631
81532.29,1.88659,81532.3,1.88586,0.010000000009313226,1.89828,2.02849,-0.033159568805914315
81532.29,1.88659,81532.3,1.88586,0.010000000009313226,1.89828,2.02849,-0.033159568805914315
81532.29,1.86487,81532.3,1.88586,0.010000000009313226,1.87656,2.02849,-0.03890603193300985
81532.29,1.86494,81532.3,1.88586,0.010000000009313226,1.87663,2.02849,-0.038887409349776726
81532.29,1.86494,81532.3,1.88586,0.010000000009313226,1.87663,2.02849,-0.038887409349776726
81532.29,1.86508,81532.3,1.88577,0.010000000009313226,1.87684,2.0284,-0.03880939455705665
81532.29,1.86494,81532.3,1.88577,0.010000000009313226,1.8767,2.0284,-0.0388466364497708
81532.29,1.86494,81532.3,1.88577,0.010000000009313226,1.8767,2.0284,-0.0388466364497708
81532.29,1.86494,81532.3,1.88577,0.010000000009313226,1.8767,2.0284,-0.0388466364497708
81532.29,1.86494,81532.3,1.88577,0.010000000009313226,1.8767,2.0284,-0.0388466364497708
81532.29,1.78183,81532.3,1.88577,0.010000000009313226,1.79359,2.0284,-0.061436581466722824
81532.29,1.85957,81532.3,1.88584,0.010000000009313226,1.87133,2.02854,-0.04031160013026077
81532.29,1.77722,81532.3,1.88577,0.010000000009313226,1.78898,2.0284,-0.06271840896111992
81532.29,1.85496,81532.3,1.88577,0.010000000009313226,1.86672,2.0284,-0.04150834890837767
81532.29,1.85496,81532.3,1.88577,0.010000000009313226,1.86672,2.0284,-0.04150834890837767
81532.29,1.85496,81532.3,1.88577,0.010000000009313226,1.86672,2.0284,-0.04150834890837767
81532.29,1.85496,81532.3,1.88577,0.010000000009313226,1.86672,2.0284,-0.04150834890837767
81532.29,1.85475,81532.3,1.42542,0.010000000009313226,1.86651,1.56805,0.08689904965992731
81532.29,1.90398,81532.3,1.37622,0.010000000009313226,1.91574,1.51885,0.11555673311807231
81532.29,1.92563,81532.3,1.35493,0.010000000009313226,1.93725,1.49756,0.12800999181905257
81532.29,1.92584,81532.3,1.87892,0.010000000009313226,1.93746,2.02155,-0.021240158524479604
81532.29,1.92577,81532.3,1.90021,0.010000000009313226,1.93732,2.04284,-0.02651149702524523
81532.29,1.92577,81532.3,1.90021,0.010000000009313226,1.93732,2.04284,-0.02651149702524523
81532.29,1.92577,81532.3,1.90021,0.010000000009313226,1.93732,2.04284,-0.02651149702524523
81532.29,1.92577,81532.3,1.90021,0.010000000009313226,1.93725,2.04284,-0.02652955083930265
81532.29,1.90405,81532.3,1.90021,0.010000000009313226,1.91553,2.04284,-0.03216222839198964
81532.29,1.90412,81532.3,1.90021,0.010000000009313226,1.9156,2.04284,-0.032143975909701805
81532.29,1.90412,81532.3,1.90021,0.010000000009313226,1.9156,2.04284,-0.032143975909701805
81532.29,1.90412,81532.3,1.90021,0.010000000009313226,1.9156,2.04284,-0.032143975909701805
81532.29,1.90412,81532.3,1.90021,0.010000000009313226,1.9156,2.04284,-0.032143975909701805
81532.29,1.91387,81532.3,1.90021,0.010000000009313226,1.92535,2.04284,-0.029607957280271383
81532.29,1.36753,81532.3,2.10668,0.010000000009313226,1.3790099999999998,2.11905,-0.2115572631687279
81532.29,0.66118,81532.3,2.10689,0.010000000009313226,0.67266,2.20191,-0.5319926110687859
81532.29,0.665,81532.3,2.10791,0.010000000009313226,0.6764800000000001,2.20307,-0.530148807973468
81532.29,0.66063,81532.3,2.10982,0.010000000009313226,0.6721100000000001,2.20505,-0.5327962296153151
81532.29,0.66501,81532.3,2.17855,0.010000000009313226,0.67649,2.27371,-0.5413938038099112
81532.29,0.92223,81532.3,2.07315,0.010000000009313226,0.9337799999999999,2.16831,-0.3979671769677862
81532.29,0.79572,81532.3,2.14634,0.010000000009313226,0.8072699999999999,2.24143,-0.47041689900613376
81532.29,0.79067,81532.3,2.14928,0.010000000009313226,0.80215,2.24444,-0.4734112565195841
81532.29,0.2942,81532.3,2.14886,0.010000000009313226,0.30568,2.2436,-0.760183267432373
81532.29,0.07542,81532.3,2.15475,0.010000000009313226,0.0869,2.16792,-0.9229206765950275
81532.29,0.33374,81532.3,2.15193,0.010000000009313226,0.34521999999999997,2.24674,-0.7336224324449452
81532.29,0.33354,81532.3,2.15193,0.010000000009313226,0.34502,2.2506,-0.7341521486195977
81532.29,0.30321,81532.3,2.15193,0.010000000009313226,0.31468999999999997,2.2506,-0.7546554190754261
81532.29,0.303,81532.3,2.15193,0.010000000009313226,0.31448,2.2506,-0.7547990705942894
81532.29,0.30293,81532.3,2.15193,0.010000000009313226,0.31440999999999997,2.2506,-0.7548469596609759
81532.29,0.29881,81532.3,2.15193,0.010000000009313226,0.31029,2.2506,-0.7576701849747548
81532.29,0.29414,81532.3,2.15186,0.010000000009313226,0.30562,2.25053,-0.760874753046574
81532.29,0.29414,81532.3,2.15158,0.010000000009313226,0.30562,2.25025,-0.7608485564602269
81532.29,0.29414,81532.3,2.15158,0.010000000009313226,0.30562,2.25025,-0.7608485564602269
81532.29,0.29414,81532.3,2.17578,0.010000000009313226,0.30562,2.27445,-0.7630916990624285
81532.29,0.29414,81532.3,2.17578,0.010000000009313226,0.30562,2.27445,-0.7630916990624285
81532.29,0.0213,81532.3,2.17578,0.010000000009313226,0.03278,2.27445,-0.9715849741898295
81532.29,0.0213,81532.3,2.17569,0.010000000009313226,0.03278,2.2743599999999997,-0.9715838657385336
81532.29,0.01924,81532.3,2.56853,0.010000000009313226,0.03072,2.6672,-0.9772269007235203
81532.29,0.01931,81532.3,2.57129,0.010000000009313226,0.03079,2.6699599999999997,-0.9771989262241969
81532.29,0.01883,81532.3,2.57129,0.010000000009313226,0.03031,2.6699599999999997,-0.9775503931088372
81532.29,0.0189,81532.3,2.58329,0.010000000009313226,0.03038,2.6819599999999997,-0.9775986786317349
81532.29,0.01904,81532.3,2.58329,0.010000000009313226,0.030520000000000002,2.6819599999999997,-0.9774966082699227
81532.29,0.01826,81532.3,2.58303,0.010000000009313226,0.02974,2.6816999999999998,-0.9780633169090963
81532.29,0.01826,81532.3,2.58303,0.010000000009313226,0.02974,2.6816999999999998,-0.9780633169090963
81532.29,0.29116,81532.3,2.58278,0.010000000009313226,0.30263999999999996,2.68145,-0.797164294642588
81532.29,0.29123,81532.3,2.58278,0.010000000009313226,0.30278,2.68145,-0.7970799837814111
81532.29,0.29123,81532.3,2.58278,0.010000000009313226,0.30278,2.68145,-0.7970799837814111
81532.29,0.29144,81532.3,2.58278,0.010000000009313226,0.30312999999999996,2.68145,-0.7968692412332724
81532.29,0.29144,81532.3,2.57873,0.010000000009313226,0.30306,2.6774,-0.7966354186937588
81532.29,0.28107,81532.3,2.57558,0.010000000009313226,0.2929,2.66057,-0.8016570339295812
81532.29,0.28114,81532.3,2.56945,0.010000000009313226,0.29297,2.6543699999999997,-0.8011970115426114
81532.29,0.28097,81532.3,2.56945,0.010000000009313226,0.29287,2.6543699999999997,-0.8012581262469292
81532.29,0.28097,81532.3,2.56925,0.010000000009313226,0.29287,2.6541699999999997,-0.8012446386883109
81532.29,0.28097,81532.3,2.56925,0.010000000009313226,0.29287,2.6541699999999997,-0.8012446386883109
81532.29,0.28111,81532.3,2.56925,0.010000000009313226,0.29301000000000005,2.6541699999999997,-0.8011590740979511
81532.29,0.25908,81532.3,2.56925,0.010000000009313226,0.27091,2.6541699999999997,-0.8147674593515393
81532.0,0.00467,81532.01,4.35972,0.00999999999476131,0.0129,6.420850000000001,-0.9959898970273946
81532.0,0.00674,81532.01,4.36128,0.00999999999476131,0.01497,6.14,-0.9951356383540456
81532.0,0.29655,81532.01,4.31432,0.00999999999476131,0.30484999999999995,5.19019,-0.8890453936641043
81532.0,0.29218,81532.01,4.31439,0.00999999999476131,0.3004,5.306050000000001,-0.8928377137047508
81532.0,0.29218,81532.01,4.31439,0.00999999999476131,0.3004,5.306050000000001,-0.8928377137047508
81532.0,0.29225,81532.01,4.31433,0.00999999999476131,0.30054000000000003,5.30599,-0.8927893010471718
81532.0,0.42518,81532.01,3.99806,0.00999999999476131,0.55446,4.6915000000000004,-0.7886144766639472
81532.0,0.47202,81532.01,3.99806,0.00999999999476131,0.5992999999999999,4.6915000000000004,-0.7734558100854312
81532.0,0.47202,81532.01,3.99806,0.00999999999476131,0.59731,4.6915000000000004,-0.7741231014160085
81532.0,0.47202,81532.01,3.99806,0.00999999999476131,0.48045,4.6915000000000004,-0.814209340770889
81532.0,0.47219,81532.01,3.99806,0.00999999999476131,0.48062,4.6915000000000004,-0.8141497103702157
81532.0,0.34761,81532.01,3.99806,0.00999999999476131,0.35603999999999997,4.807370000000001,-0.8620911374459901
81532.0,0.34754,81532.01,3.99806,0.00999999999476131,0.35597,4.807370000000001,-0.8621163820317856
81532.0,0.34747,81532.01,3.99806,0.00999999999476131,0.3559,4.807370000000001,-0.8621416273020779
81532.0,0.34754,81532.01,3.99806,0.00999999999476131,0.35604,4.69158,-0.8589275737872502
81532.0,0.34761,81532.01,3.99806,0.00999999999476131,0.35618,4.69158,-0.8588760162923752
81532.0,0.34754,81532.01,3.99806,0.00999999999476131,0.35604,4.69158,-0.8589275737872502
81532.0,0.34754,81532.01,3.99806,0.00999999999476131,0.35604,4.69158,-0.8589275737872502
81532.0,0.34761,81532.01,3.99806,0.00999999999476131,0.35618,4.69158,-0.8588760162923752
81532.0,0.34761,81532.01,4.00144,0.00999999999476131,0.35618,4.69496,-0.8589704502349964
81532.0,0.34775,81532.01,4.00144,0.00999999999476131,0.35618,4.69496,-0.8589704502349964
81532.0,0.34775,81532.01,4.00144,0.00999999999476131,0.35611,4.69496,-0.8589962126836491
81532.0,2.93577,81532.01,0.75359,0.00999999999476131,3.22187,1.09646,0.4921833208670945
81532.29,3.19897,81532.3,0.55496,0.010000000009313226,5.68847,0.5556,0.822039150746228
81532.29,3.59924,81532.3,0.49878,0.010000000009313226,6.08923,0.49949,0.8483802620235797
81532.29,3.83777,81532.3,0.33337,0.010000000009313226,5.02595,0.33408,0.8753439812836867
81532.29,4.40852,81532.3,0.33433,0.010000000009313226,5.38996,0.33504,0.8829554585152838
81532.29,4.04423,81532.3,0.55114,0.010000000009313226,5.59516,0.55185,0.8204492916068137
81532.29,4.04423,81532.3,0.30251,0.010000000009313226,5.59516,0.30322,0.8971853288530072
81532.29,4.04423,81532.3,0.30251,0.010000000009313226,5.59516,0.30322,0.8971853288530072
81532.29,4.04423,81532.3,0.30251,0.010000000009313226,5.59506,0.30315,0.8972061015121539
81532.29,4.04423,81532.3,0.30251,0.010000000009313226,5.59506,0.30315,0.8972061015121539
81532.29,4.04423,81532.3,0.302,0.010000000009313226,5.59506,0.30263999999999996,0.8973701612493005
81532.29,4.06328,81532.3,0.57497,0.010000000009313226,5.04451,0.57561,0.7951609574172793
81532.29,4.0632,81532.3,0.57504,0.010000000009313226,5.04443,0.57568,0.7951356823976754
81532.29,4.0632,81532.3,0.57497,0.010000000009313226,5.04443,0.57561,0.7951580415797752
81532.29,4.0632,81532.3,0.30207,0.010000000009313226,5.04443,0.30278,0.8867521567322023
81532.29,4.06334,81532.3,0.57511,0.010000000009313226,4.8981200000000005,0.57589,0.7895911772174329
81532.29,3.2139,81532.3,1.38573,0.010000000009313226,3.43719,1.38665,0.425084579919732
81532.29,3.21404,81532.3,0.90872,0.010000000009313226,3.53633,0.9095,0.5908525517170022
81532.29,3.21414,81532.3,0.90872,0.010000000009313226,3.53643,0.9095,0.5908617544585721
81532.29,3.21414,81532.3,0.90886,0.010000000009313226,3.53643,0.90978,0.5907615699663308
81532.29,2.91414,81532.3,1.39923,0.010000000009313226,3.2364300000000004,1.40008,0.39606298703119375
81532.29,2.914,81532.3,0.90661,0.010000000009313226,3.3332200000000003,0.9075300000000001,0.5719955196604375
81532.29,2.914,81532.3,0.90231,0.010000000009313226,3.3333600000000003,0.90323,0.5736051871906415
81532.29,3.17643,81532.3,0.30065,0.010000000009313226,3.59551,0.30156999999999995,0.8452328409989018
81532.29,3.46324,81532.3,0.30079,0.010000000009313226,3.88232,0.30164,0.8558112410252489
81532.29,3.46324,81532.3,0.30065,0.010000000009313226,3.88232,0.30128999999999995,0.8559664978332111
81532.29,3.17643,81532.3,0.57777,0.010000000009313226,3.59571,0.57855,0.7228011671529804
81532.29,3.17643,81532.3,0.57784,0.010000000009313226,3.59571,0.57862,0.7227722772277227
81532.29,3.17643,81532.3,0.57777,0.010000000009313226,3.59571,0.57855,0.7228011671529804
81532.29,3.17643,81532.3,0.57347,0.010000000009313226,3.59571,0.57425,0.7245776937908277
81532.29,3.1765,81532.3,0.57846,0.010000000009313226,3.59578,0.57931,0.7224922097487719
81532.29,3.1765,81532.3,0.57416,0.010000000009313226,3.59578,0.57501,0.7242680643235453
81532.29,3.1765,81532.3,0.57333,0.010000000009313226,3.59578,0.57404,0.7246691703718626
81532.29,3.17671,81532.3,0.57784,0.010000000009313226,3.5962,0.57869,0.7227759294256855
81532.29,3.17671,81532.3,0.57854,0.010000000009313226,3.5962,0.5793900000000001,0.7224871215804234
81532.29,3.17671,81532.3,0.56014,0.010000000009313226,3.5962,0.56092,0.7301400969902241
81532.29,3.17671,81532.3,0.55704,0.010000000009313226,3.5962,0.55782,0.7314312400999514
81532.29,3.17671,81532.3,0.55137,0.010000000009313226,3.5962,0.55215,0.7337977750189835
81532.29,2.22189,81532.3,2.0045,0.010000000009313226,2.4456700000000002,2.08585,0.07940382035167008
81532.29,0.53574,81532.3,2.28976,0.010000000009313226,0.5531,2.29447,-0.6115284259912838
81532.29,0.43575,81532.3,2.66755,0.010000000009313226,0.45297000000000004,2.67184,-0.7100815729596359
81532.29,0.43514,81532.3,2.66914,0.010000000009313226,0.45229,2.67343,-0.7106010775117413
81532.29,0.43507,81532.3,2.66914,0.010000000009313226,0.45215,2.67343,-0.7106776982192105
81532.29,0.43507,81532.3,2.66914,0.010000000009313226,0.45215,2.67343,-0.7106776982192105
81532.29,0.43507,81532.3,2.66914,0.010000000009313226,0.45215,2.67343,-0.7106776982192105
81532.29,0.27986,81532.3,2.73936,0.010000000009313226,0.29694,2.74365,-0.8046826438289939
81532.29,0.00734,81532.3,2.73936,0.010000000009313226,0.02442,2.74365,-0.9823559375304814
81532.29,0.00734,81532.3,2.74549,0.010000000009313226,0.02442,2.8795300000000004,-0.9831815286075861
81532.29,0.00726,81532.3,2.96549,0.010000000009313226,0.02434,3.01659,-0.9839917393692061
81527.61,0.10176,81527.62,3.5006,0.00999999999476131,0.10685,3.6107299999999998,-0.9425163681749955
81526.92,0.27738,81526.93,6.08974,0.00999999999476131,0.28588,10.11951,-0.945051555011393
81526.92,0.01702,81526.93,4.53437,0.00999999999476131,0.02552,5.2719,-0.990365121134439
81526.92,0.28706,81526.93,4.50016,0.00999999999476131,0.29556,5.0711900000000005,-0.8898551264731914
81526.92,0.56171,81526.93,4.50016,0.00999999999476131,0.57028,4.79265,-0.7873252121508204
81526.92,0.71721,81526.93,4.48776,0.00999999999476131,0.72592,4.609509999999999,-0.7278869744331758
81526.92,0.71742,81526.93,4.48776,0.00999999999476131,0.7262,4.609509999999999,-0.7277963007734679
81526.92,0.71714,81526.93,4.486,0.00999999999476131,0.72585,4.607749999999999,-0.7278198590070496
81526.92,0.71341,81526.93,4.486,0.00999999999476131,0.72212,4.607749999999999,-0.7290290382317016
81526.92,0.71341,81526.93,4.486,0.00999999999476131,0.72212,4.607749999999999,-0.7290290382317016
81526.92,0.71341,81526.93,4.48717,0.00999999999476131,0.72212,4.6089199999999995,-0.7290885080584651
81526.92,0.71341,81526.93,4.48643,0.00999999999476131,0.7464999999999999,4.60818,-0.721178483121307
81526.92,0.71362,81526.93,4.51063,0.00999999999476131,0.7434000000000001,4.6323799999999995,-0.7234261818750022
81526.92,0.71071,81526.93,4.51505,0.00999999999476131,0.74049,4.636799999999999,-0.7245861763081403
81526.92,0.28476,81526.93,4.51505,0.00999999999476131,0.31454000000000004,4.636799999999999,-0.872947525316379
81526.92,0.28469,81526.93,4.51505,0.00999999999476131,0.31447,4.636799999999999,-0.8729740046493122
81526.92,0.28476,81526.93,4.50892,0.00999999999476131,0.31454000000000004,4.630669999999999,-0.8727900331836261
81526.92,0.28892,81526.93,4.50892,0.00999999999476131,0.31863,4.630669999999999,-0.8712423979148567
81526.8,0.06089,81526.81,4.48105,0.00999999999476131,0.08991,5.32059,-0.9667646243415582
81526.8,0.06096,81526.81,4.53229,0.00999999999476131,0.08998,5.361829999999999,-0.9669907792091068
81526.8,0.00576,81526.81,4.53229,0.00999999999476131,0.03478,5.361829999999999,-0.9871104267308553
81526.79,0.00183,81526.8,5.93596,0.010000000009313226,0.030850000000000002,7.42866,-0.9917286792296008
81526.75,0.02593,81526.76,3.83067,0.00999999999476131,0.03037,7.92802,-0.9923678030355387
81526.75,0.026,81526.76,3.84048,0.00999999999476131,0.03044,7.3624,-0.991765005058949
81526.75,0.026,81526.76,3.23855,0.00999999999476131,0.03376,6.49047,-0.9896508860049386
81526.75,0.026,81526.76,3.23855,0.00999999999476131,0.03506,6.49047,-0.9892545126602744
81526.75,0.00493,81526.76,3.65265,0.00999999999476131,0.01399,6.53047,-0.9957246281587786
81522.08,0.27459,81522.09,4.22834,0.00999999999476131,0.29118,4.43555,-0.8767943165782688
81522.08,0.2748,81522.09,4.24251,0.00999999999476131,0.29153,4.46508,-0.8774211045261227
81522.08,0.23013,81522.09,4.81309,0.00999999999476131,0.23445,5.0921199999999995,-0.911969616469886
81522.08,0.23139,81522.09,4.81309,0.00999999999476131,0.23594,5.0921199999999995,-0.9114349312883112
81522.08,0.23125,81522.09,4.81294,0.00999999999476131,0.2358,5.09197,-0.9114826653552986
81522.08,0.23125,81522.09,4.81294,0.00999999999476131,0.2358,5.09197,-0.9114826653552986
81522.0,0.05867,81522.01,1.76144,0.00999999999476131,0.0615,6.0947700000000005,-0.9800203694769724
81517.24,0.53675,81517.25,4.7456,0.00999999999476131,0.5376599999999999,5.313359999999999,-0.8162166596593415
81517.24,0.40051,81517.25,4.88939,0.00999999999476131,0.40148999999999996,5.45745,-0.862947905252486
81517.24,0.40139,81517.25,4.88114,0.00999999999476131,0.40237,5.44934,-0.8624778056328832
81517.24,0.40583,81517.25,4.88113,0.00999999999476131,0.40681,5.0752299999999995,-0.8515844466658397
81517.24,0.4059,81517.25,4.88113,0.00999999999476131,0.40687999999999996,5.0752299999999995,-0.8515608041429303
81517.24,0.4059,81517.25,4.87978,0.00999999999476131,0.40687999999999996,5.07388,-0.8515242411636342
81517.24,0.40153,81517.25,4.87978,0.00999999999476131,0.40244,5.07388,-0.8530253893125309
81517.24,0.4059,81517.25,4.87978,0.00999999999476131,0.40681,5.07388,-0.8515478890431679
81517.24,0.36195,81517.25,4.87978,0.00999999999476131,0.36286,5.18034,-0.8690792322124403
81517.24,0.36216,81517.25,4.87978,0.00999999999476131,0.36307,5.07402,-0.8664469412866075
81517.24,0.36223,81517.25,4.87978,0.00999999999476131,0.36314,5.0740300000000005,-0.8664231576353141
81517.24,0.36209,81517.25,5.48978,0.00999999999476131,0.36300000000000004,5.68403,-0.879941061975879
81517.24,0.36216,81517.25,5.48978,0.00999999999476131,0.36307,5.68403,-0.8799193001604073
81517.24,0.36216,81517.25,5.48978,0.00999999999476131,0.36307,5.68403,-0.8799193001604073
81517.24,0.36223,81517.25,5.49097,0.00999999999476131,0.36314,5.68522,-0.8799211687135023
81517.24,0.36642,81517.25,5.49097,0.00999999999476131,0.36733000000000005,5.68522,-0.8786197553097455
81517.24,0.36642,81517.25,5.48975,0.00999999999476131,0.36733000000000005,5.684,-0.8785952840119445
81517.24,0.36607,81517.25,5.47195,0.00999999999476131,0.36698000000000003,5.6662,-0.8783460795136231
81517.24,1.44152,81517.25,4.91267,0.00999999999476131,1.4423599999999999,5.1067800000000005,-0.5595268997150772
81517.24,1.44408,81517.25,4.74823,0.00999999999476131,1.44499,4.942340000000001,-0.5475449053047206
81517.24,1.44415,81517.25,4.74743,0.00999999999476131,1.44513,4.94154,-0.5474543071741612
81517.24,1.44422,81517.25,4.74743,0.00999999999476131,1.44527,4.94147,-0.5474154263364408
81517.24,1.44422,81517.25,4.74834,0.00999999999476131,1.44527,4.94287,-0.5475146130172477
81517.24,1.44422,81517.25,4.77254,0.00999999999476131,1.44527,4.9670700000000005,-0.5492222807898521
81517.24,1.44422,81517.25,4.77254,0.00999999999476131,1.44527,4.9670700000000005,-0.5492222807898521
81517.24,1.44422,81517.25,4.77254,0.00999999999476131,1.44527,4.9670700000000005,-0.5492222807898521
81517.24,1.44422,81517.25,4.74122,0.00999999999476131,1.44527,4.935960000000001,-0.5470246331820042
81517.24,1.44422,81517.25,4.74129,0.00999999999476131,1.44527,4.936030000000001,-0.5470296021186907
81517.24,1.44422,81517.25,4.74129,0.00999999999476131,1.44527,4.936030000000001,-0.5470296021186907
81517.24,1.35636,81517.25,4.74129,0.00999999999476131,1.35741,4.936030000000001,-0.5686270147963595
81517.24,1.35636,81517.25,4.74129,0.00999999999476131,1.35741,4.93595,-0.568621531264698
81517.24,1.35636,81517.25,4.74129,0.00999999999476131,1.35741,4.93595,-0.568621531264698
81517.24,1.08636,81517.25,4.74129,0.00999999999476131,1.08741,4.93595,-0.638935743505286
81517.24,1.08636,81517.25,4.74744,0.00999999999476131,1.08741,4.9421,-0.6393040230466488
81517.24,1.08636,81517.25,4.74744,0.00999999999476131,1.08741,4.9421,-0.6393040230466488
81517.24,1.08636,81517.25,4.74744,0.00999999999476131,1.08741,4.9421,-0.6393040230466488
81517.24,1.08636,81517.25,4.74744,0.00999999999476131,1.08741,4.9421,-0.6393040230466488
81517.24,1.08636,81517.25,4.74744,0.00999999999476131,1.08741,4.9421,-0.6393040230466488
81517.24,1.35959,81517.25,4.56845,0.00999999999476131,1.36064,4.76311,-0.5556186976934068
81517.24,1.71913,81517.25,1.55834,0.00999999999476131,1.72004,1.63006,0.02685889973433627
81517.24,1.71857,81517.25,1.55844,0.00999999999476131,1.71899,1.55972,0.04857703182044158
81517.24,1.71927,81517.25,1.55851,0.00999999999476131,1.72018,1.5596,0.048960601015921784
81517.24,1.71927,81517.25,1.55851,0.00999999999476131,1.72018,1.5596,0.048960601015921784
81517.24,1.71962,81517.25,1.97755,0.00999999999476131,1.72053,1.97864,-0.06977511171424944
81517.24,0.91484,81517.25,2.45133,0.00999999999476131,0.91575,2.45261,-0.45626358227742875
81517.24,0.41254,81517.25,2.46575,0.00999999999476131,0.41352,2.46642,-0.7128273505698035
81517.24,0.2859,81517.25,2.46519,0.00999999999476131,0.28681,2.46586,-0.7916132336967381
81517.24,0.2859,81517.25,2.46519,0.00999999999476131,0.28681,2.46586,-0.7916132336967381
81517.24,0.2859,81517.25,2.46519,0.00999999999476131,0.28681,2.46586,-0.7916132336967381
81517.24,0.28583,81517.25,2.46519,0.00999999999476131,0.28674,2.46586,-0.7916587953207876
81517.24,0.28583,81517.25,2.53558,0.00999999999476131,0.28674,2.53631,-0.7968580081826393
81517.24,0.28576,81517.25,2.53417,0.00999999999476131,0.28674,2.5349,-0.7967564962220552
81517.24,0.2859,81517.25,2.52951,0.00999999999476131,0.28687999999999997,2.53024,-0.7963310047140342
81517.24,0.2859,81517.25,2.52951,0.00999999999476131,0.28687999999999997,2.53024,-0.7963310047140342
81517.24,0.2859,81517.25,2.52951,0.00999999999476131,0.28687999999999997,2.53024,-0.7963310047140342
81517.24,0.2859,81517.25,2.52951,0.00999999999476131,0.28687999999999997,2.53024,-0.7963310047140342
81517.24,0.2653,81517.25,2.52937,0.00999999999476131,0.26627999999999996,2.5301,-0.8095537802444589
81517.24,0.26537,81517.25,2.52937,0.00999999999476131,0.26642,2.5301,-0.8094631899646703
81517.24,0.26537,81517.25,2.52937,0.00999999999476131,0.26642,2.5301,-0.8094631899646703
81517.24,0.26537,81517.25,2.51711,0.00999999999476131,0.26642,2.51784,-0.8086241945795292
81517.24,1.96303,81517.25,1.6275,0.00999999999476131,1.9635200000000002,1.62865,0.09322220273539399
81517.24,1.95933,81517.25,1.55703,0.00999999999476131,1.95975,1.55818,0.1141495140608256
81517.24,1.96525,81517.25,1.1182,0.00999999999476131,1.96567,1.11935,0.274332095091766
81517.24,1.97539,81517.25,1.11809,0.00999999999476131,1.97581,1.11924,0.2767548181774123
81517.24,1.97507,81517.25,1.11788,0.00999999999476131,1.9754900000000002,1.11903,0.27676667140622785
81517.24,1.97507,81517.25,0.84498,0.00999999999476131,1.9754900000000002,0.8461299999999999,0.40025233730977244
81517.24,2.38441,81517.25,0.40391,0.00999999999476131,2.38483,0.40482999999999997,0.7097639138819785
81517.24,2.39716,81517.25,0.98695,0.00999999999476131,2.39758,0.98773,0.41646112172888156
81517.24,2.39716,81517.25,0.98709,0.00999999999476131,2.39758,0.98787,0.4164025461903144
81517.24,2.5809,81517.25,0.98828,0.00999999999476131,2.5813200000000003,0.98906,0.4459637349525821
81517.24,2.5809,81517.25,0.98835,0.00999999999476131,2.5813200000000003,0.9892,0.4459070387506583
81517.24,2.5809,81517.25,0.98828,0.00999999999476131,2.5813200000000003,0.9891300000000001,0.4459353862958451
81517.24,2.5809,81517.25,0.71524,0.00999999999476131,2.5813200000000003,0.71595,0.5657316507292397
81517.24,2.5809,81517.25,0.71524,0.00999999999476131,2.5813200000000003,0.71595,0.5657316507292397
81517.24,2.5809,81517.25,0.71524,0.00999999999476131,2.5813200000000003,0.71595,0.5657316507292397
81523.99,5.7459,81524.0,0.0108,0.00999999999476131,8.76485,0.01165,0.997345183159574
81523.99,4.96346,81524.0,0.28518,0.00999999999476131,6.50112,0.28609999999999997,0.9156944964212151
81523.99,4.97366,81524.0,0.28539,0.00999999999476131,6.51167,0.28637999999999997,0.9157464272842947
81523.99,4.96493,81524.0,0.28525,0.00999999999476131,6.50294,0.28617,0.9156973447182325
81523.99,4.96769,81524.0,0.28539,0.00999999999476131,6.48876,0.28637999999999997,0.9154615255182917
81523.99,4.96769,81524.0,0.28532,0.00999999999476131,6.48876,0.28638,0.9154615255182917
81523.99,4.95161,81524.0,0.28175,0.00999999999476131,6.47282,0.28613,0.9153330029072563
81523.99,4.96993,81524.0,0.28175,0.00999999999476131,6.49114,0.28613,0.9155618707827783
81525.99,3.43068,81526.0,0.01094,0.00999999999476131,4.12126,0.01185,0.9942658192015215
81529.98,3.86042,81529.99,0.04162,0.010000000009313226,4.13176,0.05846,0.972096930471431
81529.98,4.12026,81529.99,0.04127,0.010000000009313226,4.34634,0.05809,0.9736220123829872
81529.98,4.31877,81529.99,0.04127,0.010000000009313226,4.544849999999999,0.05809,0.9747596101622007
81529.98,4.49032,81529.99,0.04252,0.010000000009313226,4.716399999999999,0.059340000000000004,0.9751494009305365
81529.98,4.30848,81529.99,0.04252,0.010000000009313226,4.53456,0.059340000000000004,0.9741657415268075
81529.98,4.47267,81529.99,0.04251,0.010000000009313226,4.6987499999999995,0.05933,0.9750613692918152
81529.98,4.47267,81529.99,0.04251,0.010000000009313226,4.6987499999999995,0.05933,0.9750613692918152
81529.98,4.83014,81529.99,0.04126,0.010000000009313226,5.05622,0.05814,0.9772640173941608
81532.29,5.02986,81532.3,0.13715,0.010000000009313226,5.142250000000001,0.41015,0.852262084864203
81532.29,5.66313,81532.3,0.13281,0.010000000009313226,5.8952,0.40581,0.8711920787302354
81532.29,5.6632,81532.3,0.13155,0.010000000009313226,5.89541,0.40469,0.8715290233488356
81532.29,5.6779,81532.3,0.13155,0.010000000009313226,5.91011,0.40469,0.8718280864002028
81532.29,5.6779,81532.3,0.13155,0.010000000009313226,5.91011,0.40469,0.8718280864002028
81532.29,5.6779,81532.3,0.13155,0.010000000009313226,5.91011,0.40462,0.8718488359755682
81532.29,5.6779,81532.3,0.13155,0.010000000009313226,5.91011,0.40462,0.8718488359755682
81532.29,5.6779,81532.3,0.12679,0.010000000009313226,5.91011,0.39986,0.8732608871357549
81532.29,5.6779,81532.3,0.12679,0.010000000009313226,5.91011,0.39986,0.8732608871357549
81532.29,5.69696,81532.3,0.13268,0.010000000009313226,5.92524,0.40575,0.8718209948207152
81532.29,5.69696,81532.3,0.13268,0.010000000009313226,5.92524,0.40575,0.8718209948207152
81532.29,5.69696,81532.3,0.13275,0.010000000009313226,5.91487,0.40582,0.8715899688166956
81532.29,5.69696,81532.3,0.13275,0.010000000009313226,5.91487,0.40582,0.8715899688166956
81532.29,4.15532,81532.3,1.1559,0.010000000009313226,4.27769,1.42918,0.4991370050483015
81532.29,4.28736,81532.3,0.86728,0.010000000009313226,4.40755,1.14056,0.5888473732496292
81532.29,4.51189,81532.3,0.53397,0.010000000009313226,4.73806,0.8073199999999999,0.708831495767648
81532.29,4.6963,81532.3,0.13317,0.010000000009313226,4.92268,0.40645,0.8474610302244457
81532.29,4.6963,81532.3,0.13331,0.010000000009313226,4.92268,0.40652,0.8474367634917059
81532.29,4.6963,81532.3,0.13338,0.010000000009313226,4.92268,0.40658999999999995,0.8474124973964541
81532.29,4.6963,81532.3,0.13324,0.010000000009313226,4.92268,0.40645,0.8474610302244457
81532.29,4.6963,81532.3,0.15151,0.010000000009313226,4.92268,0.42472,0.8411489695926994
81532.29,4.6963,81532.3,0.42871,0.010000000009313226,4.8167,0.70213,0.74555114036852
81532.29,4.6963,81532.3,0.42892,0.010000000009313226,4.81649,0.70262,0.7453864844150598
81532.29,4.6963,81532.3,0.42892,0.010000000009313226,4.81649,0.70269,0.745364347602361
81532.29,3.00984,81532.3,1.81904,0.010000000009313226,3.13052,2.3334099999999998,0.14588583675120298
81532.29,2.78399,81532.3,1.82013,0.010000000009313226,2.9047400000000003,1.8975600000000001,0.20972867167815423
81532.29,2.78392,81532.3,1.82027,0.010000000009313226,2.9046000000000003,1.89791,0.209617470864194
81532.29,2.78392,81532.3,1.82027,0.010000000009313226,2.9046000000000003,1.89791,0.209617470864194
81532.29,2.40076,81532.3,1.82018,0.010000000009313226,2.40197,1.8979599999999999,0.11721353603430755
81532.29,1.24241,81532.3,1.82792,0.010000000009313226,1.2437,1.90528,-0.2100934270779745
81532.29,1.23302,81532.3,2.00562,0.010000000009313226,1.23424,2.08298,-0.25585882154334055
81532.29,0.04287,81532.3,2.01683,0.010000000009313226,0.04408,2.3277200000000002,-0.9628299182055822
81532.29,0.31454,81532.3,2.01874,0.010000000009313226,0.31547,2.71734,-0.7919619099119299
81532.29,0.30019,81532.3,2.01881,0.010000000009313226,0.30118,2.0961700000000003,-0.748739232902997
81532.29,0.30449,81532.3,2.08925,0.010000000009313226,0.41159999999999997,2.3812599999999997,-0.7052483833776129
81532.29,1.85278,81532.3,0.96282,0.010000000009313226,1.96354,0.96545,0.3407625154063346
81532.29,1.82766,81532.3,1.25251,0.010000000009313226,1.93477,1.52551,0.1182736657149133
81532.29,1.82766,81532.3,1.52251,0.010000000009313226,1.93456,1.79551,0.03727812078593702
81532.29,1.82766,81532.3,1.52251,0.010000000009313226,1.93456,1.79551,0.03727812078593702
81532.29,1.82794,81532.3,1.3929,0.010000000009313226,1.93491,1.66583,0.07472908346617639
81532.29,1.36524,81532.3,2.16818,0.010000000009313226,1.53507,2.5500599999999998,-0.24845965734260597
81532.29,1.34388,81532.3,2.16977,0.010000000009313226,1.51344,2.5641800000000003,-0.25768462975951667
81532.29,0.56225,81532.3,2.17977,0.010000000009313226,0.5634600000000001,2.37416,-0.6163833307235108
81532.29,0.51686,81532.3,2.16007,0.010000000009313226,0.51793,2.35446,-0.6393734834058049
81532.29,0.51693,81532.3,2.13491,0.010000000009313226,0.51786,2.3293,-0.6362269770578401
81532.29,0.517,81532.3,2.13303,0.010000000009313226,0.51807,2.32742,-0.6358658789874504
81532.29,0.51825,81532.3,2.13303,0.010000000009313226,0.51932,2.32742,-0.6351475723107836
81532.29,0.51873,81532.3,2.13303,0.010000000009313226,0.5198,2.32742,-0.6348719101439299
81532.29,0.5188,81532.3,2.13303,0.010000000009313226,0.51987,2.32742,-0.6348317171766837
81532.29,0.5188,81532.3,2.13303,0.010000000009313226,0.51987,2.32742,-0.6348317171766837
81532.29,0.5188,81532.3,2.13303,0.010000000009313226,0.61931,2.32742,-0.5796628805489474
81532.29,0.51866,81532.3,2.13303,0.010000000009313226,0.61944,2.32742,-0.5795931941116985
81532.29,0.51811,81532.3,2.13979,0.010000000009313226,0.61868,2.33418,-0.5809621858130761
81532.29,0.51821,81532.3,2.13979,0.010000000009313226,0.6188499999999999,2.33418,-0.5808711729985812
81532.29,0.51821,81532.3,2.13979,0.010000000009313226,0.6188499999999999,2.33418,-0.5808711729985812
81532.29,0.51431,81532.3,2.13979,0.010000000009313226,0.6148800000000001,2.33418,-0.5829993285996214
81532.29,0.51377,81532.3,2.13954,0.010000000009313226,0.5150399999999999,2.33393,-0.6384377511872712
81532.29,0.5107,81532.3,2.14146,0.010000000009313226,0.51176,2.3358499999999998,-0.6405687576599324
81532.29,0.51091,81532.3,2.14146,0.010000000009313226,0.5119699999999999,2.3358499999999998,-0.6404477811097612
81532.29,0.51116,81532.3,2.14174,0.010000000009313226,0.5123,2.33641,-0.6403284293592539
81532.29,0.5113,81532.3,2.14174,0.010000000009313226,0.5123,2.33641,-0.6403284293592539
81532.29,0.51137,81532.3,2.14174,0.010000000009313226,0.51449,2.33641,-0.639068364376162
81532.29,0.51151,81532.3,2.14174,0.010000000009313226,0.51463,2.33641,-0.6389878781076379
81532.29,0.51172,81532.3,2.14174,0.010000000009313226,0.51484,2.33641,-0.6388671635247698
81532.29,0.51123,81532.3,2.14096,0.010000000009313226,0.51435,2.33563,-0.6390500985971832
81532.29,0.51539,81532.3,2.14096,0.010000000009313226,0.51851,2.33563,-0.6366611308485218
81532.29,0.51546,81532.3,2.14096,0.010000000009313226,0.51858,2.33563,-0.6366209914477211
81532.29,0.51123,81532.3,2.14096,0.010000000009313226,0.51435,2.33563,-0.6390500985971832
81532.29,0.51116,81532.3,2.14096,0.010000000009313226,0.51428,2.33563,-0.6390903572393515
81532.29,0.51532,81532.3,2.14103,0.010000000009313226,0.51844,2.33577,-0.63671909214809
81532.29,0.51539,81532.3,2.14138,0.010000000009313226,0.75912,2.3361199999999998,-0.5094919941587728
81532.29,0.51546,81532.3,2.14138,0.010000000009313226,0.65091,2.3361199999999998,-0.5641757866509542
81532.29,0.51728,81532.3,2.14138,0.010000000009313226,0.6364299999999999,2.3361199999999998,-0.5717952599619855
81532.29,0.51721,81532.3,2.13948,0.010000000009313226,0.6364299999999999,2.3342199999999997,-0.5715213842088432
81532.29,0.51714,81532.3,2.13935,0.010000000009313226,0.63629,2.3340899999999998,-0.5715767006241625
81532.29,0.51284,81532.3,2.139,0.010000000009313226,0.6319899999999999,2.3337399999999997,-0.5738047630768816
81532.29,0.51284,81532.3,2.139,0.010000000009313226,0.6319899999999999,2.3337399999999997,-0.5738047630768816
81532.29,0.51284,81532.3,2.139,0.010000000009313226,0.6319899999999999,2.3337399999999997,-0.5738047630768816
81532.29,0.51728,81532.3,2.13935,0.010000000009313226,0.62745,2.3340899999999998,-0.5762677525881804
81532.29,0.51553,81532.3,2.13687,0.010000000009313226,0.72418,2.33161,-0.5260276393338548
81532.29,0.51574,81532.3,2.13593,0.010000000009313226,1.03796,2.33067,-0.3837494767902679
81532.29,0.51546,81532.3,2.13593,0.010000000009313226,0.87843,2.33067,-0.45253809479293255
81532.29,0.51546,81532.3,2.13593,0.010000000009313226,0.87843,2.33067,-0.45253809479293255
81532.29,0.51116,81532.3,2.19708,0.010000000009313226,0.87413,2.2417800000000003,-0.4389247442962088
81532.29,0.5156,81532.3,2.1953,0.010000000009313226,0.7122799999999999,2.24,-0.5174712425650685
81532.29,0.51684,81532.3,2.1953,0.010000000009313226,0.66953,2.24,-0.5397675913291838
81532.29,0.51719,81532.3,2.1953,0.010000000009313226,0.67003,2.24,-0.5395030291783933
81532.29,0.51719,81532.3,2.1953,0.010000000009313226,0.67003,2.24,-0.5395030291783933
81532.29,0.51719,81532.3,2.1953,0.010000000009313226,0.67003,2.24,-0.5395030291783933
81532.29,0.51719,81532.3,2.1953,0.010000000009313226,0.67003,2.24,-0.5395030291783933
81532.29,0.51719,81532.3,2.19504,0.010000000009313226,0.67003,2.2397400000000003,-0.5394618818669517
81532.29,0.51289,81532.3,2.19511,0.010000000009313226,0.6657299999999999,2.2399500000000003,-0.5417733542578674
81532.29,0.52332,81532.3,2.19511,0.010000000009313226,0.67616,2.2399500000000003,-0.5362589202739266
81532.29,0.52332,81532.3,2.19511,0.010000000009313226,0.67616,2.2399500000000003,-0.5362589202739266
81532.29,0.52332,81532.3,2.1944,0.010000000009313226,0.67616,2.23924,-0.5361459833985046
81532.29,0.52114,81532.3,2.24347,0.010000000009313226,0.67398,2.28831,-0.5449601490738584
81532.29,0.52114,81532.3,2.24354,0.010000000009313226,0.67398,2.28838,-0.5449709015784712
81532.29,0.52114,81532.3,2.24354,0.010000000009313226,0.67398,2.28838,-0.5449709015784712
81532.29,0.52114,81532.3,2.24354,0.010000000009313226,0.67398,2.28838,-0.5449709015784712
81532.29,0.46838,81532.3,2.24226,0.010000000009313226,0.62122,2.28668,-0.572736338938753
81532.29,0.46838,81532.3,2.24226,0.010000000009313226,0.62122,2.28668,-0.572736338938753
81532.29,0.46838,81532.3,2.24226,0.010000000009313226,0.62122,2.28668,-0.572736338938753
81532.29,0.46838,81532.3,2.24226,0.010000000009313226,0.62122,2.28668,-0.572736338938753
81532.29,0.46838,81532.3,2.24226,0.010000000009313226,0.62122,2.28668,-0.572736338938753
81532.29,0.46838,81532.3,2.24226,0.010000000009313226,0.62122,2.28668,-0.572736338938753
81532.29,0.46838,81532.3,2.24226,0.010000000009313226,0.62122,2.28668,-0.572736338938753
81532.29,0.46838,81532.3,2.24213,0.010000000009313226,0.62122,2.28655,-0.5727172369203891
81532.29,0.46242,81532.3,2.24213,0.010000000009313226,0.61526,2.28655,-0.5759474259169276
81532.29,0.46719,81532.3,2.24213,0.010000000009313226,0.62003,2.28655,-0.5733611323273401
81532.29,0.46871,81532.3,2.24213,0.010000000009313226,0.62155,2.28655,-0.5725387710188783
81532.29,0.46824,81532.3,2.24199,0.010000000009313226,0.62108,2.28641,-0.5727723913065909
81532.29,0.46824,81532.3,2.24199,0.010000000009313226,0.62108,2.28641,-0.5727723913065909
81532.29,0.46824,81532.3,2.24199,0.010000000009313226,0.62108,2.28641,-0.5727723913065909
81532.29,0.46824,81532.3,2.24199,0.010000000009313226,0.62108,2.28641,-0.5727723913065909
81532.29,0.46824,81532.3,2.24199,0.010000000009313226,0.62108,2.28641,-0.5727723913065909
81532.29,0.46872,81532.3,2.24199,0.010000000009313226,0.62156,2.28641,-0.5725127838320202
81532.29,0.46879,81532.3,2.22971,0.010000000009313226,0.62163,2.27413,-0.5706619333093902
81532.29,0.46879,81532.3,2.22971,0.010000000009313226,0.62163,2.27413,-0.5706619333093902
81532.29,0.46879,81532.3,2.22971,0.010000000009313226,0.62163,2.27413,-0.5706619333093902
81532.29,1.68632,81532.3,1.59807,0.010000000009313226,1.83874,1.64284,0.05626755668403425
81532.29,1.93903,81532.3,1.32705,0.010000000009313226,2.01647,1.3301100000000001,0.2050929605746762
81532.29,2.13323,81532.3,0.4226,0.010000000009313226,2.85943,0.6958099999999999,0.6085721357770503
81532.29,1.96305,81532.3,0.95739,0.010000000009313226,2.0368399999999998,1.23067,0.24672303986827887
81532.29,1.96312,81532.3,0.95739,0.010000000009313226,2.0053,1.23067,0.2393810820248643
81532.29,1.96146,81532.3,1.22725,0.010000000009313226,2.0042,1.50046,0.14373434227571294
81532.29,1.9616,81532.3,1.16655,0.010000000009313226,2.00434,1.43991,0.16387602525949044
81532.29,1.96331,81532.3,1.16655,0.010000000009313226,2.00605,1.54886,0.12860803789688072
81532.29,1.96331,81532.3,1.16676,0.010000000009313226,2.00605,1.54949,0.12840806178527034
81532.29,1.96268,81532.3,1.16676,0.010000000009313226,2.00507,1.44033,0.16391130202588952
81532.29,1.96324,81532.3,0.89669,0.010000000009313226,2.00598,1.16998,0.2632274965679669
81532.29,1.96324,81532.3,0.89676,0.010000000009313226,2.00598,1.17019,0.26314397529099515
81532.29,1.96331,81532.3,1.16669,0.010000000009313226,2.00605,1.54921,0.12849693130741496
81532.29,1.96261,81532.3,0.89655,0.010000000009313226,2.005,1.17005,0.26297223665769043
81532.29,1.95461,81532.3,0.89655,0.010000000009313226,1.9969999999999999,1.16991,0.2611662472252132
81532.29,1.95454,81532.3,0.89662,0.010000000009313226,1.9968599999999999,1.17005,0.2610778329665194
81532.29,1.95454,81532.3,0.89662,0.010000000009313226,1.9968599999999999,1.17005,0.2610778329665194
81532.29,1.95447,81532.3,0.89662,0.010000000009313226,2.02847,1.17005,0.26838037592386477
81532.29,1.95454,81532.3,1.33795,0.010000000009313226,2.16239,1.61145,0.14598923112797568
81532.29,1.95454,81532.3,1.16662,0.010000000009313226,2.1604099999999997,1.54893,0.1648487331978195
81532.29,1.95454,81532.3,1.16669,0.010000000009313226,2.15843,1.44019,0.19958761969866223
81532.29,1.95454,81532.3,0.9598,0.010000000009313226,2.15638,1.23316,0.2723732423868725
81532.29,1.95454,81532.3,0.95973,0.010000000009313226,2.15447,1.23309,0.2719892784186848
81532.29,1.95524,81532.3,0.9598,0.010000000009313226,2.15354,1.23316,0.2717630731980984
81532.29,1.95524,81532.3,0.9598,0.010000000009313226,2.0298000000000003,1.2333,0.2440930403603935
81532.29,1.95454,81532.3,0.95973,0.010000000009313226,2.02875,1.23316,0.2439031119804041
81532.29,1.95454,81532.3,0.95966,0.010000000009313226,2.02861,1.23302,0.24392405024481623
81532.29,1.95447,81532.3,0.36181,0.010000000009313226,2.02861,0.63517,0.5231062625291878
81532.29,1.95447,81532.3,0.53896,0.010000000009313226,2.43898,0.8123199999999999,0.5003106449727802
81532.29,1.95454,81532.3,0.53896,0.010000000009313226,2.43905,0.81225,0.5003537046719773
81532.29,2.13211,81532.3,0.53889,0.010000000009313226,2.6166199999999997,0.81218,0.5262599160055995
81532.29,2.13211,81532.3,0.53896,0.010000000009313226,2.6166199999999997,0.81225,0.5262287575790274
81532.29,2.13211,81532.3,0.53896,0.010000000009313226,2.6166199999999997,0.81225,0.5262287575790274
81532.29,2.13211,81532.3,0.53896,0.010000000009313226,2.31684,0.81225,0.48083947729212
81532.29,2.44841,81532.3,0.07912,0.010000000009313226,3.89392,0.35241,0.8340166685113969
81532.29,2.43615,81532.3,0.35597,0.010000000009313226,4.84276,0.62919,0.7700307934100274
81532.29,2.46714,81532.3,0.35618,0.010000000009313226,4.87389,0.62954,0.7712190397624755
81532.29,2.46714,81532.3,0.35195,0.010000000009313226,4.87389,0.6253099999999999,0.772581466395112
81532.29,2.43615,81532.3,0.90463,0.010000000009313226,2.56246,1.17799,0.37013460947212234
81532.29,2.25613,81532.3,1.11266,0.010000000009313226,2.2736300000000003,1.38609,0.24251582088247195
81532.29,2.25613,81532.3,1.11383,0.010000000009313226,2.2736300000000003,1.3872600000000002,0.24211871976486593
81532.29,2.41394,81532.3,0.68205,0.010000000009313226,5.36491,0.95541,0.6976703711204497
81532.94,4.12287,81532.95,0.27149,0.00999999999476131,6.808269999999999,0.27552,0.9222111327410891
81532.94,4.13074,81532.95,0.27142,0.00999999999476131,5.79488,0.27545,0.9092471084768043
81532.94,4.13081,81532.95,0.27149,0.00999999999476131,5.79523,0.27552,0.9092303257422888
81532.94,4.13081,81532.95,0.27142,0.00999999999476131,5.79523,0.27545,0.90925234075919
81532.94,4.13081,81532.95,0.27135,0.00999999999476131,5.79523,0.27537999999999996,0.9092743562838
81532.94,4.13081,81532.95,0.54869,0.00999999999476131,4.1354500000000005,0.55279,0.7641801614251831
81532.94,4.13283,81532.95,0.54876,0.00999999999476131,5.63779,0.55293,0.8213681122712706
81532.94,4.13283,81532.95,0.54883,0.00999999999476131,5.63779,0.55293,0.8213681122712706
81532.94,4.13283,81532.95,0.54446,0.00999999999476131,5.63779,0.54856,0.8226547156239139
81532.94,4.13283,81532.95,0.54578,0.00999999999476131,5.63779,0.54995,0.8222452785669727
81532.94,4.13283,81532.95,0.54571,0.00999999999476131,5.79626,0.54988,0.8267041067483542
81532.94,4.13104,81532.95,0.54571,0.00999999999476131,5.79461,0.54988,0.8266590379999023
81532.94,4.13114,81532.95,0.27274,0.00999999999476131,5.79457,0.27691,0.9087833608938842
81532.94,4.13114,81532.95,0.27267,0.00999999999476131,5.79457,0.27684000000000003,0.9088053681105378
81532.94,4.13114,81532.95,0.27267,0.00999999999476131,5.79457,0.27677,0.9088273758346592
81532.94,4.13114,81532.95,0.27267,0.00999999999476131,5.79457,0.27677,0.9088273758346592
81532.94,4.13114,81532.95,0.27267,0.00999999999476131,5.79457,0.27677,0.9088273758346592
81532.94,4.13114,81532.95,0.27267,0.00999999999476131,5.79457,0.27677,0.9088273758346592
81532.94,4.13114,81532.95,0.27274,0.00999999999476131,5.79457,0.27691,0.9087833608938842
81537.18,4.03061,81537.19,0.0012,0.010000000009313226,5.762700000000001,0.0053,0.9981622746185853
81546.29,5.15661,81546.3,0.18807,0.010000000009313226,5.20003,0.39365999999999995,0.859248546129657
81546.29,5.15661,81546.3,0.46394,0.010000000009313226,5.15726,0.6696,0.7701678090772732
81546.29,5.19486,81546.3,0.46366,0.010000000009313226,5.47368,0.66937,0.7820724233076404
81546.29,5.19493,81546.3,0.4681,0.010000000009313226,5.62633,0.67388,0.7860769720374402
81546.29,4.9902,81546.3,0.79604,0.010000000009313226,5.07877,1.00168,0.6705243855306763
81546.29,4.99367,81546.3,0.46824,0.010000000009313226,5.14213,0.6738799999999999,0.7682672485088575
81546.29,4.99367,81546.3,0.46524,0.010000000009313226,5.14213,0.6708799999999999,0.7691798225015954
81546.29,4.99122,81546.3,0.79311,0.010000000009313226,5.07979,0.9987499999999999,0.671384904927828
81546.29,4.99122,81546.3,0.79311,0.010000000009313226,5.07979,0.9987499999999999,0.671384904927828
81546.29,4.99367,81546.3,0.46531,0.010000000009313226,5.1963799999999996,0.67087,0.7713170565426734
81546.29,4.99122,81546.3,0.46531,0.010000000009313226,5.19393,0.67094,0.7712003846632577
81546.29,4.99122,81546.3,0.46531,0.010000000009313226,5.19393,0.67108,0.7711581054422755
81546.29,4.99122,81546.3,0.79318,0.010000000009313226,5.07979,1.00618,0.6693444101761923
81546.29,4.99122,81546.3,0.79311,0.010000000009313226,5.07979,1.00611,0.6693636109696182
81546.29,4.99122,81546.3,0.99998,0.010000000009313226,5.07979,1.21298,0.6144845592640443
81546.29,4.99367,81546.3,0.46517,0.010000000009313226,5.19809,0.6781699999999999,0.7691831198755672
81546.29,4.99367,81546.3,0.46531,0.010000000009313226,5.19809,0.67845,0.7690988234573406
81546.29,5.02553,81546.3,0.46108,0.010000000009313226,5.22995,0.67429,0.771591263227782
81546.29,5.02198,81546.3,0.46092,0.010000000009313226,5.2264,0.67406,0.7715228982147155
81546.29,4.99171,81546.3,0.46643,0.010000000009313226,5.19613,0.67964,0.7686635113355356
81546.29,4.99171,81546.3,0.46643,0.010000000009313226,5.19613,0.67964,0.7686635113355356
81546.29,4.99238,81546.3,0.46643,0.010000000009313226,5.1968,0.67964,0.7686898870744873
81546.29,4.99248,81546.3,0.46643,0.010000000009313226,5.196899999999999,0.67971,0.7686727552109124
81546.29,6.20495,81546.3,0.18908,0.010000000009313226,6.51809,0.40221999999999997,0.8837566525199017
81546.29,6.20495,81546.3,0.18359,0.010000000009313226,6.3430800000000005,0.3968,0.8822530964942996
81546.29,6.23911,81546.3,0.18232,0.010000000009313226,6.65548,0.39553,0.8878089805573953
81546.29,6.20488,81546.3,0.17765,0.010000000009313226,6.62125,0.39086,0.8885185771472496
81546.29,6.20488,81546.3,0.17765,0.010000000009313226,6.62125,0.39086,0.8885185771472496
81546.29,6.23872,81546.3,0.18218,0.010000000009313226,6.6550899999999995,0.39546,0.8878215174702683
81546.29,6.20488,81546.3,0.18218,0.010000000009313226,6.62125,0.39546,0.8872805061061381
81546.29,6.20488,81546.3,0.17751,0.010000000009313226,6.62125,0.39065,0.8885751365535732
81546.29,6.20488,81546.3,0.17758,0.010000000009313226,6.62125,0.39086,0.8885185771472496
81546.29,6.20488,81546.3,0.17751,0.010000000009313226,6.62125,0.39072,0.888556283041713
81546.29,6.19875,81546.3,0.18648,0.010000000009313226,6.61512,0.39969,0.8860439555739928
81546.29,6.19875,81546.3,0.45931,0.010000000009313226,6.61505,0.67238,0.8154685533857614
81546.29,6.19875,81546.3,0.45931,0.010000000009313226,6.61505,0.67238,0.8154685533857614
81546.29,6.19875,81546.3,0.45938,0.010000000009313226,6.61505,0.67245,0.8154511149228132
81546.52,5.01729,81546.53,1.02494,0.00999999999476131,8.48133,1.03627,0.7822413213415147
81546.52,5.06065,81546.53,0.44897,0.00999999999476131,6.65461,0.46023,0.8706281518628669
81546.52,5.13841,81546.53,0.44779,0.00999999999476131,6.73223,0.45912000000000003,0.8723132652422702
81547.36,4.20602,81547.37,0.41622,0.00999999999476131,5.76537,0.42318,0.8632377535933295
81547.36,6.00779,81547.37,0.26968,0.00999999999476131,6.01229,0.27664,0.9120231899544118
81547.36,5.34095,81547.37,0.26961,0.00999999999476131,5.805000000000001,0.27657000000000004,0.909046512660382
81547.36,5.34095,81547.37,0.26975,0.00999999999476131,5.805000000000001,0.27671,0.9090025667123226
81547.36,5.34095,81547.37,0.26975,0.00999999999476131,5.805000000000001,0.27671,0.9090025667123226
81547.36,5.34095,81547.37,0.26975,0.00999999999476131,5.805000000000001,0.27671,0.9090025667123226
81547.36,4.26902,81547.37,0.04482,0.00999999999476131,4.41572,0.05554,0.9751568908987625
81547.36,4.26902,81547.37,0.04468,0.00999999999476131,4.416,0.0554,0.9752202889475333
81547.36,4.26902,81547.37,0.04461,0.00999999999476131,4.416,0.05533,0.9752512116081794
81547.36,4.26902,81547.37,0.04475,0.00999999999476131,4.416,0.05547,0.9751893672550639
81547.36,4.26902,81547.37,0.04468,0.00999999999476131,4.416,0.0554,0.9752202889475333
81547.36,4.26902,81547.37,0.04414,0.00999999999476131,4.416,0.05486,0.975458860264021
81547.36,4.26912,81547.37,0.04407,0.00999999999476131,4.4161,0.05479,0.9754903386126701
81547.36,4.26919,81547.37,0.044,0.00999999999476131,4.41617,0.05472,0.9755216522884707
81547.36,4.26919,81547.37,0.044,0.00999999999476131,4.41617,0.05472,0.9755216522884707
81547.36,4.26919,81547.37,0.044,0.00999999999476131,4.41617,0.05472,0.9755216522884707
81547.36,4.26919,81547.37,0.04407,0.00999999999476131,4.41617,0.05479,0.9754907223504573
81547.36,4.26919,81547.37,0.044,0.00999999999476131,4.41617,0.05472,0.9755216522884707
81547.36,4.26919,81547.37,0.04393,0.00999999999476131,4.41617,0.05458,0.9755835150701786
81547.36,4.26187,81547.37,0.38334,0.00999999999476131,4.27309,0.38756,0.8336884340167144
81547.36,4.26187,81547.37,0.39081,0.00999999999476131,4.40885,0.40174,0.8329768282061035
81547.36,4.26187,81547.37,0.39081,0.00999999999476131,4.40899,0.40166999999999997,0.8330083605991693
81547.36,4.26432,81547.37,0.11292,0.00999999999476131,4.4113,0.12371,0.9454422371725751
81547.36,4.79679,81547.37,0.06984,0.00999999999476131,6.69436,0.08055999999999999,0.9762181693658375
81547.36,4.79672,81547.37,0.04788,0.00999999999476131,6.69443,0.058679999999999996,0.9826213403898353
81547.36,4.84572,81547.37,0.05188,0.00999999999476131,6.74343,0.06268,0.9815812556658648
81547.36,4.84572,81547.37,0.05188,0.00999999999476131,6.74343,0.06268,0.9815812556658648
81547.36,4.79672,81547.37,0.05195,0.00999999999476131,6.69443,0.06275,0.9814271634024844
81547.36,4.79672,81547.37,0.05195,0.00999999999476131,6.69443,0.056060000000000006,0.9833908353319536
81547.36,4.79672,81547.37,0.05195,0.00999999999476131,6.69443,0.056060000000000006,0.9833908353319536
81547.36,4.79672,81547.37,0.05195,0.00999999999476131,6.69443,0.056060000000000006,0.9833908353319536
81547.36,4.79672,81547.37,0.05058,0.00999999999476131,6.69451,0.05469,0.9837936348011617
81547.36,4.78899,81547.37,0.05048,0.00999999999476131,6.686780000000001,0.05459,0.9838044789115565
81547.36,4.78899,81547.37,0.05048,0.00999999999476131,6.686780000000001,0.05459,0.9838044789115565
81547.36,4.78899,81547.37,0.05048,0.00999999999476131,6.686780000000001,0.05459,0.9838044789115565
81547.36,4.78899,81547.37,0.05048,0.00999999999476131,6.686780000000001,0.05459,0.9838044789115565
81547.36,4.83561,81547.37,0.04738,0.00999999999476131,6.7334000000000005,0.05149,0.9848221562914062
81547.36,4.83561,81547.37,0.04745,0.00999999999476131,6.7334000000000005,0.05156,0.9848016790076876
81549.35,3.56267,81549.36,0.46449,0.00999999999476131,3.71865,0.47881,0.7718572660609035
81549.35,3.56794,81549.36,0.46456,0.00999999999476131,3.94897,0.47908999999999996,0.7836117848448305
81549.35,3.56822,81549.36,0.46435,0.00999999999476131,3.88113,0.47880999999999996,0.7803593627435241
81549.35,3.58002,81549.36,0.46558,0.00999999999476131,3.96462,0.48003999999999997,0.7839924763648963
81549.35,3.58002,81549.36,0.46558,0.00999999999476131,3.96462,0.48003999999999997,0.7839924763648963
81549.35,3.58002,81549.36,0.46558,0.00999999999476131,3.99051,0.48003999999999997,0.7852434264240418
81549.35,3.58675,81549.36,0.46572,0.00999999999476131,4.18942,0.48025,0.7943109470262353
81549.35,3.5721,81549.36,0.47009,0.00999999999476131,3.88582,0.48455,0.778256760869217
81549.35,1.71192,81549.36,2.01328,0.00999999999476131,1.7129100000000002,2.02739,-0.08407881720717585
81549.35,0.31399,81549.36,2.26853,0.00999999999476131,0.31505,2.29453,-0.7585435204132466
81549.35,0.31413,81549.36,2.30853,0.00999999999476131,0.31519,2.33453,-0.7620956176501669
81549.35,0.31399,81549.36,2.30853,0.00999999999476131,0.31498,2.33453,-0.7622352812406824
81549.35,0.31822,81549.36,2.3086,0.00999999999476131,0.32593,2.3226400000000003,-0.7538822836474022
81549.35,0.31857,81549.36,2.30867,0.00999999999476131,0.57703,2.3227100000000003,-0.6020125942325864
81549.35,0.3005,81549.36,2.31927,0.00999999999476131,0.49665,2.33331,-0.6490056396556843
81549.35,0.30071,81549.36,2.31927,0.00999999999476131,0.66384,2.33331,-0.5570191682097994
81549.35,0.30092,81549.36,2.31927,0.00999999999476131,0.34747,2.33331,-0.7407694775401189
81549.35,0.30106,81549.36,2.31913,0.00999999999476131,0.47173,2.33309,-0.6636290385835811
81549.35,0.30099,81549.36,2.31913,0.00999999999476131,0.33774,2.33309,-0.7470898559623788
81549.35,0.30099,81549.36,2.31913,0.00999999999476131,0.33774,2.33309,-0.7470898559623788
81549.35,0.30099,81549.36,2.32072,0.00999999999476131,0.33781999999999995,2.33468,-0.7471880261927035
81549.35,0.30099,81549.36,2.32072,0.00999999999476131,0.33781999999999995,2.33468,-0.7471880261927035
81549.35,0.30099,81549.36,2.32072,0.00999999999476131,0.33781999999999995,2.33468,-0.7471880261927035
81549.35,0.30099,81549.36,2.32072,0.00999999999476131,0.33781999999999995,2.3414200000000003,-0.7478240097938222
81549.35,0.30099,81549.36,2.32072,0.00999999999476131,0.33781999999999995,2.3414200000000003,-0.7478240097938222
81549.35,0.30099,81549.36,2.32072,0.00999999999476131,0.33781999999999995,2.3414200000000003,-0.7478240097938222
81549.35,0.30099,81549.36,2.32072,0.00999999999476131,0.33781999999999995,2.3414200000000003,-0.7478240097938222
81549.35,0.30092,81549.36,2.32072,0.00999999999476131,0.33768000000000004,2.3414200000000003,-0.7479153447053114
81549.35,0.30092,81549.36,2.32072,0.00999999999476131,0.33768000000000004,2.3414200000000003,-0.7479153447053114
81549.35,0.29662,81549.36,2.32142,0.00999999999476131,0.29797,2.34212,-0.7742728467590121
81549.35,0.29662,81549.36,2.32142,0.00999999999476131,0.29783,2.34212,-0.7743669387677798
81546.54,0.67433,81546.55,4.5213,0.010000000009313226,0.69705,4.70734,-0.7420430427855873
81546.54,0.00797,81546.55,4.72886,0.010000000009313226,0.03055,4.91888,-0.9876551441277077
81546.54,0.28503,81546.55,4.72886,0.010000000009313226,0.30768,4.80974,-0.8797519062340006
81546.54,1.20931,81546.55,3.7931,0.010000000009313226,1.2319600000000002,3.87398,-0.517440471294218
81546.54,1.3305,81546.55,3.60369,0.010000000009313226,1.35343,3.68457,-0.4627113934100833
81546.54,1.3305,81546.55,3.60369,0.010000000009313226,1.35343,3.68457,-0.4627113934100833
81546.54,1.33043,81546.55,3.60369,0.010000000009313226,1.35336,3.68457,-0.46273171719337114
81546.54,1.33043,81546.55,3.60369,0.010000000009313226,1.35329,3.68457,-0.46275204154144806
81546.54,1.33043,81546.55,3.60439,0.010000000009313226,1.35329,3.68569,-0.46287145414349723
81546.54,1.06043,81546.55,3.60439,0.010000000009313226,1.08329,3.68569,-0.5456932090300233
81546.54,1.06021,81546.55,3.60439,0.010000000009313226,1.0830000000000002,3.68569,-0.5457872078075949
81546.54,1.06021,81546.55,3.60872,0.010000000009313226,1.0830000000000002,3.69002,-0.5461992616833785
81546.54,1.06021,81546.55,3.60872,0.010000000009313226,1.0830000000000002,3.69002,-0.5461992616833785
81546.54,1.06031,81546.55,3.60872,0.010000000009313226,1.0831000000000002,3.69002,-0.5461668677929739
81546.54,1.06031,81546.55,3.60872,0.010000000009313226,1.0831000000000002,3.69002,-0.5461668677929739
81546.54,1.06024,81546.55,3.60872,0.010000000009313226,1.0829600000000001,3.69002,-0.5462122196196086
81546.54,1.33024,81546.55,3.60872,0.010000000009313226,1.3529600000000002,3.69002,-0.46342836973376855
81546.54,1.33024,81546.55,3.60872,0.010000000009313226,1.3529600000000002,3.69002,-0.46342836973376855
81546.54,1.33072,81546.55,3.61312,0.010000000009313226,1.35344,3.69442,-0.46375691877350006
81546.54,1.33072,81546.55,3.61312,0.010000000009313226,1.35344,3.69442,-0.46375691877350006
81546.54,1.33072,81546.55,3.61312,0.010000000009313226,1.35344,3.69442,-0.46375691877350006
81546.54,1.33072,81546.55,3.61312,0.010000000009313226,1.35344,3.69442,-0.46375691877350006
81546.54,1.40361,81546.55,3.61125,0.010000000009313226,1.42633,3.61973,-0.4346757668359076
81546.54,1.74618,81546.55,0.49506,0.010000000009313226,1.76827,0.49585,0.5619931805734677
81546.54,1.74293,81546.55,1.02822,0.010000000009313226,1.7655100000000001,1.02894,0.263583173790907
81546.54,1.75529,81546.55,0.70049,0.010000000009313226,1.77787,0.8102699999999999,0.3738592193621675
81546.54,1.76195,81546.55,0.70056,0.010000000009313226,1.78453,0.81041,0.3753921092587883
81546.54,1.76089,81546.55,0.79675,0.010000000009313226,1.78347,0.9066,0.3259654953216831
81546.54,1.73946,81546.55,0.81587,0.010000000009313226,1.76162,0.81672,0.3664761047805953
81546.54,1.93608,81546.55,0.60429,0.010000000009313226,1.95817,0.60501,0.5279223464602564
81549.35,4.8058,81549.36,0.80906,0.00999999999476131,4.8998,0.82341,0.7122558843725811
81549.35,4.62893,81549.36,0.62121,0.00999999999476131,4.762580000000001,0.63549,0.7645491814667095
81549.35,4.6359,81549.36,0.61712,0.00999999999476131,4.769550000000001,0.63147,0.7661663907928502
81549.35,4.82194,81549.36,0.14659,0.00999999999476131,4.959309999999999,0.1609,0.9371510152903886
81549.35,4.81913,81549.36,0.14652,0.00999999999476131,5.03362,0.16076000000000001,0.9381023336760115
81549.35,4.80911,81549.36,0.14659,0.00999999999476131,5.02374,0.1609,0.9379320454264907
81549.35,4.80911,81549.36,0.14659,0.00999999999476131,5.02374,0.1609,0.9379320454264907
81549.35,4.80911,81549.36,0.14659,0.00999999999476131,5.02374,0.1609,0.9379320454264907
81549.35,4.80911,81549.36,0.14659,0.00999999999476131,5.02374,0.1609,0.9379320454264907
81549.35,4.80897,81549.36,0.14591,0.00999999999476131,5.0236,0.16015000000000001,0.938210754762479
81549.35,4.80897,81549.36,0.14584,0.00999999999476131,5.0236,0.16008,0.9382369282054449
81549.35,4.80897,81549.36,0.14584,0.00999999999476131,5.0236,0.16008,0.9382369282054449
81549.35,4.80277,81549.36,0.41888,0.00999999999476131,5.017399999999999,0.43311999999999995,0.841072044502176
81549.35,4.80287,81549.36,0.41902,0.00999999999476131,5.0175,0.43347,0.8409567471477554
81549.35,3.31733,81549.36,1.89456,0.00999999999476131,3.33643,1.90873,0.2721937938976123
81549.35,3.27696,81549.36,1.78676,0.00999999999476131,3.2776,1.80093,0.2907672101966514
81549.35,3.27689,81549.36,1.65316,0.00999999999476131,3.2773999999999996,1.66747,0.3255757987570957
81549.35,3.27696,81549.36,0.53672,0.00999999999476131,3.4851099999999997,0.5511699999999999,0.7268920887549922
81549.35,3.27696,81549.36,0.53672,0.00999999999476131,3.4853899999999998,0.55124,0.7268810864508266
81549.35,3.27696,81549.36,0.99479,0.00999999999476131,3.33717,1.00945,0.5355241544004308
81549.35,3.27696,81549.36,0.80686,0.00999999999476131,3.31586,0.82152,0.6028791167357119
81549.35,3.27703,81549.36,0.80672,0.00999999999476131,3.3472299999999997,0.82124,0.6059753338754987
81549.35,3.27703,81549.36,0.51478,0.00999999999476131,3.3510899999999997,0.5293,0.7271923698391141
81549.35,3.27703,81549.36,0.51478,0.00999999999476131,3.3510899999999997,0.5293,0.7271923698391141
81549.35,3.27703,81549.36,0.51478,0.00999999999476131,3.3510899999999997,0.5293,0.7271923698391141
81549.35,3.27717,81549.36,0.51435,0.00999999999476131,3.3520499999999998,0.52887,0.7274512229059089
81549.35,3.27717,81549.36,0.9306,0.00999999999476131,3.3190999999999997,0.94512,0.5567208070878144
81549.35,3.2771,81549.36,0.9306,0.00999999999476131,3.3191699999999997,0.94512,0.5567280836903681
81549.35,3.48061,81549.36,0.43201,0.00999999999476131,3.75624,0.44653,0.7875068109841842
81549.35,3.48061,81549.36,0.43194,0.00999999999476131,3.75652,0.44639,0.7875805096944736
81549.35,3.45467,81549.36,0.63423,0.00999999999476131,3.62187,0.6486099999999999,0.6962355519754219
81549.35,3.45439,81549.36,0.63458,0.00999999999476131,3.55348,0.6491,0.6910945181293395
81549.35,3.27766,81549.36,1.25129,0.00999999999476131,3.34264,1.26581,0.4506569453937875
81549.35,3.2778,81549.36,0.92335,0.00999999999476131,3.37001,0.9378,0.5646047527630049
81549.35,3.27773,81549.36,0.92335,0.00999999999476131,3.36994,0.9378,0.5645976776685688
81549.35,3.27773,81549.36,0.92335,0.00999999999476131,3.37001,0.9378,0.5646047527630049
81549.35,3.27773,81549.36,0.92335,0.00999999999476131,3.37001,0.9378,0.5646047527630049
81549.35,3.27773,81549.36,0.92335,0.00999999999476131,3.37008,0.9378,0.5646118276275106
81549.35,3.27773,81549.36,0.92335,0.00999999999476131,3.37001,0.9378,0.5646047527630049
81549.35,3.28753,81549.36,0.92342,0.00999999999476131,3.5601599999999998,0.93787,0.5829863295709454
81549.35,3.2876,81549.36,0.92342,0.00999999999476131,3.4513,0.93787,0.5726435749811467
81549.35,3.28711,81549.36,0.4318,0.00999999999476131,3.7511200000000002,0.44611,0.7874264693619364
81549.35,3.28956,81549.36,0.1546,0.00999999999476131,3.75385,0.16898,0.9138479108194849
81549.35,3.28949,81549.36,0.43194,0.00999999999476131,3.75006,0.44632,0.7872833251516784
81549.35,3.28785,81549.36,0.43194,0.00999999999476131,3.7484200000000003,0.44639,0.7871703366779425
81549.35,3.28785,81549.36,0.42764,0.00999999999476131,3.7484200000000003,0.44209000000000004,0.7890042023524583
81549.35,3.47113,81549.36,0.43194,0.00999999999476131,3.9317,0.44639,0.7960800257646599
81549.35,3.47124,81549.36,0.41903,0.00999999999476131,3.93181,0.43341,0.8014258158809866
81549.35,3.47124,81549.36,0.35408,0.00999999999476131,3.93181,0.36846,0.8286340160036462
81549.35,3.46734,81549.36,0.35394,0.00999999999476131,3.9279100000000002,0.36824999999999997,0.8285678373244943
81549.35,3.46734,81549.36,0.08104,0.00999999999476131,3.9279100000000002,0.09536,0.9525957740842649
81549.35,3.46734,81549.36,0.35394,0.00999999999476131,3.9279900000000003,0.36826,0.8285667733488508
81549.35,3.46734,81549.36,0.35394,0.00999999999476131,3.9279900000000003,0.36826,0.8285667733488508
81549.35,3.46734,81549.36,0.35394,0.00999999999476131,3.9279900000000003,0.36826,0.8285667733488508
81549.35,3.46734,81549.36,0.35394,0.00999999999476131,3.9279900000000003,0.36826,0.8285667733488508
81549.35,3.46734,81549.36,0.31482,0.00999999999476131,3.75552,0.32914,0.8388409316809722
81549.35,3.46734,81549.36,0.31475,0.00999999999476131,3.75566,0.32907,0.8388779674543971
81549.35,3.47161,81549.36,0.31475,0.00999999999476131,3.75993,0.32907,0.8390462215700659
81549.35,3.47161,81549.36,0.31447,0.00999999999476131,3.75993,0.32879,0.8391721614588428
81549.35,3.47161,81549.36,0.31447,0.00999999999476131,3.75993,0.32879,0.8391721614588428
81549.35,3.46345,81549.36,1.14176,0.00999999999476131,3.53594,1.1560800000000002,0.5072143767503122
81549.35,3.2521,81549.36,1.65279,0.00999999999476131,3.31028,1.66711,0.33012683354127365
81549.35,3.2521,81549.36,1.65356,0.00999999999476131,3.31028,1.66788,0.3299210953444646
81549.35,3.2521,81549.36,1.65363,0.00999999999476131,3.31028,1.6680899999999999,0.3298649959725774
81549.35,3.2514,81549.36,0.83818,0.00999999999476131,3.3093,0.8526400000000001,0.5902680000192219
81549.35,3.25126,81549.36,0.62624,0.00999999999476131,3.3743,0.6407,0.6808468244084683
81549.35,3.25126,81549.36,0.62638,0.00999999999476131,3.3743,0.6409100000000001,0.6807589142286457
81549.35,3.25126,81549.36,0.60703,0.00999999999476131,3.3743,0.6216299999999999,0.6888684236210345
81549.35,3.25126,81549.36,0.60605,0.00999999999476131,3.3743,0.6206499999999999,0.6892827194332846
81549.35,3.25217,81549.36,1.41155,0.00999999999476131,3.34317,1.42608,0.4019688630287781
81549.35,2.98217,81549.36,1.63018,0.00999999999476131,3.03979,1.64463,0.2978298273852472
81549.35,2.41032,81549.36,1.63032,0.00999999999476131,2.46802,1.64477,0.20016825561237017
81549.35,2.40756,81549.36,1.82184,0.00999999999476131,2.4239800000000002,1.83629,0.13794665596311975
81549.35,2.6766,81549.36,1.82177,0.00999999999476131,2.6816,1.83622,0.18712122218237998
81549.35,2.67674,81549.36,1.82177,0.00999999999476131,2.6816,1.83622,0.18712122218237998
81549.35,2.67365,81549.36,1.82191,0.00999999999476131,2.6785099999999997,1.83636,0.18652807279057862
81549.35,2.67351,81549.36,1.82132,0.00999999999476131,2.6783699999999997,1.8357700000000001,0.18665792376842535
81549.35,2.67351,81549.36,1.82132,0.00999999999476131,2.6783699999999997,1.8357700000000001,0.18665792376842535
81549.35,2.67351,81549.36,1.82132,0.00999999999476131,2.6783699999999997,1.8357700000000001,0.18665792376842535
81549.35,2.67351,81549.36,1.82139,0.00999999999476131,2.6783699999999997,1.8359100000000002,0.18662112230521802
81549.35,0.03646,81549.36,2.51051,0.00999999999476131,0.03754,2.5365,-0.9708318441049868
81549.35,0.01306,81549.36,2.51484,0.00999999999476131,0.01413,2.54094,-0.9889396376615903
81549.35,0.01243,81549.36,2.51484,0.00999999999476131,0.01336,2.54094,-0.989539208393689
81549.35,0.01236,81549.36,2.51484,0.00999999999476131,0.01329,2.54094,-0.9895937327492043
81549.35,0.01236,81549.36,2.51484,0.00999999999476131,0.01329,2.54094,-0.9895937327492043
81549.35,0.01229,81549.36,2.51484,0.00999999999476131,0.01322,2.54094,-0.989648260093338
81549.35,0.01225,81549.36,2.51491,0.00999999999476131,0.01318,2.54101,-0.989679702762911
81549.35,0.01246,81549.36,2.51491,0.00999999999476131,0.01339,2.54101,-0.9895161290322583
81549.35,0.01274,81549.36,2.51491,0.00999999999476131,0.01367,2.54101,-0.9892980725570327
81549.35,0.01288,81549.36,2.51491,0.00999999999476131,0.013810000000000001,2.54101,-0.9891890622431326
81549.35,0.01288,81549.36,2.51491,0.00999999999476131,0.013810000000000001,2.54101,-0.9891890622431326
81549.35,0.01295,81549.36,2.51491,0.00999999999476131,0.01387,2.54101,-0.9891423471943889
81549.35,0.01295,81549.36,2.51491,0.00999999999476131,0.01387,2.54101,-0.9891423471943889
81549.35,0.01295,81549.36,2.51491,0.00999999999476131,0.01387,2.54101,-0.9891423471943889
81549.35,0.01295,81549.36,2.51491,0.00999999999476131,0.01387,2.54101,-0.9891423471943889
81549.35,0.01225,81549.36,2.51481,0.00999999999476131,0.013170000000000001,2.5409100000000002,-0.9896870888930651
81549.35,0.01225,81549.36,2.51481,0.00999999999476131,0.013170000000000001,2.5409100000000002,-0.9896870888930651
81549.35,0.01211,81549.36,2.51481,0.00999999999476131,0.01303,2.5409100000000002,-0.9897961580929857
81549.35,0.01211,81549.36,2.51481,0.00999999999476131,0.01303,2.5409100000000002,-0.9897961580929857
81549.35,0.01197,81549.36,2.51481,0.00999999999476131,0.01289,2.5409100000000002,-0.9899052392513117
81546.32,0.32065,81546.33,4.66321,0.00999999999476131,0.34323,4.8704,-0.8683335794830089
81546.32,0.32576,81546.33,5.43143,0.00999999999476131,0.34854999999999997,5.6349,-0.8834953078909323
81546.32,0.32418,81546.33,5.43143,0.00999999999476131,0.34697,5.6349,-0.8839927982386779
81546.32,0.32855,81546.33,5.43143,0.00999999999476131,0.35134,5.6349,-0.8826174693964824
81546.32,0.32855,81546.33,5.4315,0.00999999999476131,0.35134,5.6973199999999995,-0.8838288149772014
81546.32,0.32855,81546.33,5.4315,0.00999999999476131,0.35134,5.6974599999999995,-0.8838315037693425
81546.32,0.32408,81546.33,5.4315,0.00999999999476131,0.34686999999999996,5.6974599999999995,-0.8852246650993576
81546.32,0.3234,81546.33,5.42856,0.00999999999476131,0.34605,5.69452,-0.8854247198525967
81546.32,0.32347,81546.33,5.42856,0.00999999999476131,0.34612,5.69452,-0.8854028712189437
81546.32,0.32409,81546.33,5.42856,0.00999999999476131,0.34687999999999997,5.69452,-0.8851656900718378
81546.32,0.32381,81546.33,5.42863,0.00999999999476131,0.34646,5.69459,-0.8852980855977023
81546.32,0.32811,81546.33,5.42863,0.00999999999476131,0.35076,5.69467,-0.883958626598935
81546.32,0.32818,81546.33,5.42863,0.00999999999476131,0.35097,5.69467,-0.8838931858330962
81546.32,0.32821,81546.33,5.42863,0.00999999999476131,0.35093,5.69467,-0.8839056503903666
81546.32,0.32398,81546.33,5.42863,0.00999999999476131,0.34676999999999997,5.69467,-0.8852028655419899
81546.32,0.3235,81546.33,5.42863,0.00999999999476131,0.33523000000000003,5.69467,-0.8888107597140914
81546.32,0.3278,81546.33,5.42863,0.00999999999476131,0.33953,5.69467,-0.8874647840641676
81546.32,0.3278,81546.33,5.42863,0.00999999999476131,0.33953,5.69467,-0.8874647840641676
81546.32,0.3278,81546.33,5.42863,0.00999999999476131,0.33953,5.69467,-0.8874647840641676
81546.32,0.3235,81546.33,5.42863,0.00999999999476131,0.33523000000000003,5.69467,-0.8888107597140914
81546.32,0.3235,81546.33,5.42863,0.00999999999476131,0.33523000000000003,5.69467,-0.8888107597140914
81546.32,0.32787,81546.33,5.42863,0.00999999999476131,0.33966999999999997,5.69459,-0.8874195013141628
81546.32,0.3235,81546.33,5.42863,0.00999999999476131,0.33523000000000003,5.69459,-0.8888092845225893
81546.32,0.3235,81546.33,5.42863,0.00999999999476131,0.33523000000000003,5.69459,-0.8888092845225893
81546.32,0.32357,81546.33,5.42863,0.00999999999476131,0.33537,5.69459,-0.8887654312798094
81546.32,0.3235,81546.33,5.42863,0.00999999999476131,0.33523000000000003,5.69459,-0.8888092845225893
81546.32,0.3235,81546.33,5.44097,0.00999999999476131,0.33523000000000003,5.70693,-0.8890363710990771
81546.32,0.3235,81546.33,5.44097,0.00999999999476131,0.33523000000000003,5.70693,-0.8890363710990771
81546.32,0.3235,81546.33,5.44097,0.00999999999476131,0.33523000000000003,5.70693,-0.8890363710990771
81546.32,0.3235,81546.33,5.44097,0.00999999999476131,0.33523000000000003,5.70693,-0.8890363710990771
81546.32,0.3235,81546.33,5.44097,0.00999999999476131,0.33523000000000003,5.70693,-0.8890363710990771
81546.32,0.04985,81546.33,5.81507,0.00999999999476131,0.061509999999999995,6.283860000000001,-0.9806126356697875
81546.32,0.04992,81546.33,5.81507,0.00999999999476131,0.06144,6.283930000000001,-0.9806346990010039
81546.32,0.04616,81546.33,5.80273,0.00999999999476131,0.05908,6.08093,-0.9807557316681895
81546.32,0.04588,81546.33,5.82729,0.00999999999476131,0.0588,6.10563,-0.9809228103814952
81546.32,0.04609,81546.33,6.01743,0.00999999999476131,0.05901,6.45596,-0.9818847976276177
81546.32,0.04588,81546.33,6.28995,0.00999999999476131,0.0588,6.6188,-0.9823888822331377
81546.32,0.04595,81546.33,6.36031,0.00999999999476131,0.0588,6.68916,-0.982572510803265
81546.32,0.04587,81546.33,6.36031,0.00999999999476131,0.04743,6.68916,-0.9859186918010446
81546.32,0.04594,81546.33,6.38431,0.00999999999476131,0.04922,6.71316,-0.9854429949219062
81546.32,0.04911,81546.33,6.38923,0.00999999999476131,0.05246,6.7180800000000005,-0.9845034517187699
81546.32,0.04911,81546.33,6.38923,0.00999999999476131,0.05246,6.71816,-0.9845036348222171
81541.38,0.00134,81541.39,5.30882,0.00999999999476131,0.00229,5.49969,-0.9991675724012081
81538.83,0.33718,81538.84,4.23966,0.00999999999476131,0.33813,4.3532,-0.8558489809925971
81538.83,0.25415,81538.84,4.26004,0.00999999999476131,0.2551,4.51281,-0.8929929465950491
81538.83,0.25443,81538.84,4.25913,0.00999999999476131,0.25549,4.51204,-0.89282081077623
81538.83,0.25287,81538.84,4.25913,0.00999999999476131,0.25386,5.31398,-0.9088120348285869
81538.83,0.25264,81538.84,4.25913,0.00999999999476131,0.25355999999999995,5.31398,-0.9089148888018765
81538.83,0.15907,81538.84,4.25913,0.00999999999476131,0.16763999999999998,5.31398,-0.9388355996949809
81538.83,0.15914,81538.84,4.25913,0.00999999999476131,0.16785,5.31398,-0.938761326053526
81538.83,0.15914,81538.84,4.25913,0.00999999999476131,0.16785,4.3730199999999995,-0.9260714356499967
81538.83,0.16455,81538.84,4.25913,0.00999999999476131,0.17339,4.3730199999999995,-0.9237244331241571
81538.83,0.16532,81538.84,4.25913,0.00999999999476131,0.17415999999999998,4.3730199999999995,-0.9233986778618838
81538.83,0.16549,81538.84,4.25913,0.00999999999476131,0.17432999999999998,4.3730199999999995,-0.923326772735769
81538.83,0.1651,81538.84,4.25913,0.00999999999476131,0.17387,4.3730199999999995,-0.923521351957052
81538.83,0.16496,81538.84,4.25913,0.00999999999476131,0.17373,4.37579,-0.9236271079146812
81538.83,0.16496,81538.84,4.25913,0.00999999999476131,0.17373,4.3759999999999994,-0.9236306330265752
